target_gene,target_uniprot,target_chembl_id,chembl_assay_id,chembl_compound_id,smiles,standard_type,standard_value,standard_units,standard_relation,pchembl_value
CYSLTR1,Q9Y271,CHEMBL1798,CHEMBL663213,CHEMBL787,CC(C)(O)c1ccccc1CC[C@@H](SCC1(CC(=O)O)CC1)c1cccc(/C=C/c2ccc3ccc(Cl)cc3n2)c1,IC50,0.5,nM,=,9.30
CYSLTR1,Q9Y271,CHEMBL1798,CHEMBL711838,CHEMBL18132,O=C(O)c1ccccc1Nc1cccc(OCc2ccc3ccccc3n2)c1,IC50,23.0,nM,=,7.64
CYSLTR1,Q9Y271,CHEMBL1798,CHEMBL663213,CHEMBL89340,CN(C)C(=O)CCS[C@H](SCCC(=O)[O-])c1cccc(/C=C/c2ccc3ccc(Cl)cc3n2)c1.[Na+],IC50,3.1,nM,=,8.51
CYSLTR1,Q9Y271,CHEMBL1798,CHEMBL711838,CHEMBL22016,CCCc1c(OCCCCCOc2cc3c(cc2C(C)=O)CCC(C(=O)O)O3)ccc(C(C)=O)c1O,IC50,4000.0,nM,=,5.40
CYSLTR1,Q9Y271,CHEMBL1798,CHEMBL663212,CHEMBL267475,CCCc1c(OCC(O)COc2ccc3c(=O)cc(C(=O)O)oc3c2CCC)ccc(C(C)=O)c1O,IC50,4000.0,nM,=,5.40
CYSLTR1,Q9Y271,CHEMBL1798,CHEMBL663210,CHEMBL89768,CN(C)C(=O)CCSC(SCCC(=O)[O-])c1cccc(/C=C/c2ccc3ccc(Cl)cc3n2)c1.[Na+],IC50,3.1,nM,=,8.51
CYSLTR1,Q9Y271,CHEMBL1798,CHEMBL663210,CHEMBL280481,CN(C)C(=O)CCS[C@H](SCCC(=O)O)c1cccc(/C=C/c2ccc3ccc(Cl)cc3n2)c1,IC50,8.0,nM,=,8.10
CYSLTR1,Q9Y271,CHEMBL1798,CHEMBL872481,CHEMBL22776,O=C(O)CCS[C@H](c1ccccc1CCCCCCCCc1ccccc1)[C@@H](O)C(=O)O,Ki,10.0,nM,=,8.00
CYSLTR1,Q9Y271,CHEMBL1798,CHEMBL663214,CHEMBL54720,c1ccc(CN2CCN(c3nc4ccsc4n4cccc34)CC2)cc1,Inhibition,1.0,%,=,
CYSLTR1,Q9Y271,CHEMBL1798,CHEMBL663211,CHEMBL97356,CCCC(CCc1nnn[nH]1)Cc1ccc(OCc2ccc3ccccc3n2)cc1,Ki,11.0,nM,=,7.96
CYSLTR1,Q9Y271,CHEMBL1798,CHEMBL710519,CHEMBL313177,O=C(O)CC1(CS[C@H](CCc2ccccc2C(O)(C(F)(F)F)C(F)(F)F)c2cccc(/C=C/c3ccc4sc(Cl)c(Cl)c4n3)c2)CC1,IC50,6.42,nM,=,8.19
CYSLTR1,Q9Y271,CHEMBL1798,CHEMBL710519,CHEMBL316170,CC(C)(O)c1ccccc1CC[C@@H](SCC1(CC(=O)O)CC1)c1cccc(CCc2ccc3sc(Cl)c(Cl)c3n2)c1,IC50,1.06,nM,=,8.97
CYSLTR1,Q9Y271,CHEMBL1798,CHEMBL710519,CHEMBL82790,O=C(O)CC1(CS[C@H](CCc2ccc(Br)cc2)c2cccc(/C=C/c3ccc4sc(Cl)c(Cl)c4n3)c2)CC1,IC50,4.7,nM,=,8.33
CYSLTR1,Q9Y271,CHEMBL1798,CHEMBL710519,CHEMBL84707,CC(C)(O)c1ccccc1CC[C@@H](SCC1(CC(=O)O)CC1)c1cccc(/C=C/c2ccc3scc(Cl)c3n2)c1,IC50,1.91,nM,=,8.72
CYSLTR1,Q9Y271,CHEMBL1798,CHEMBL710519,CHEMBL86264,CC(C)(O)c1ccccc1CC[C@@H](SCC1(CC(=O)O)CC1)c1cccc(/C=C/c2ccc3sccc3n2)c1,IC50,8.49,nM,=,8.07
CYSLTR1,Q9Y271,CHEMBL1798,CHEMBL710519,CHEMBL87528,O=C(O)CC1(CS[C@H](CCc2ccccc2C(F)(F)F)c2cccc(/C=C/c3ccc4sc(Cl)c(Cl)c4n3)c2)CC1,IC50,3.36,nM,=,8.47
CYSLTR1,Q9Y271,CHEMBL1798,CHEMBL710519,CHEMBL314340,CC(C)(O)c1ccccc1CC[C@@H](SCC1(CC(=O)O)CC1)c1cccc(/C=C/c2ccc3sc(Cl)cc3n2)c1,IC50,1.16,nM,=,8.94
CYSLTR1,Q9Y271,CHEMBL1798,CHEMBL710519,CHEMBL314237,CC(C)(O)c1ccccc1CC[C@@H](SCC1(CC(=O)O)CC1)c1cccc(/C=C/c2ccc3sc(F)c(F)c3n2)c1,IC50,0.76,nM,=,9.12
CYSLTR1,Q9Y271,CHEMBL1798,CHEMBL710519,CHEMBL83233,CC(C)(O)c1ccccc1CC[C@@H](SCC1(CC(=O)O)CC1)c1cccc(C2CC2c2ccc3sc(Cl)c(Cl)c3n2)c1,IC50,15.7,nM,=,7.80
CYSLTR1,Q9Y271,CHEMBL1798,CHEMBL710519,CHEMBL86063,O=C(O)CC1(CS[C@H](CCc2ccccc2CO)c2cccc(/C=C/c3ccc4sc(Cl)c(Cl)c4n3)c2)CC1,IC50,0.72,nM,=,9.14
CYSLTR1,Q9Y271,CHEMBL1798,CHEMBL710519,CHEMBL86302,O=C(O)CC1(CS[C@H](CCc2ccccc2)c2cccc(/C=C/c3ccc4sc(Cl)c(Cl)c4n3)c2)CC1,IC50,1.63,nM,=,8.79
CYSLTR1,Q9Y271,CHEMBL1798,CHEMBL710519,CHEMBL313195,O=C(O)CC1(CS[C@H](CCc2cccc(C3(O)CCC3)c2)c2cccc(/C=C/c3ccc4sc(Cl)c(Cl)c4n3)c2)CC1,IC50,0.47,nM,=,9.33
CYSLTR1,Q9Y271,CHEMBL1798,CHEMBL710519,CHEMBL85572,O=C(O)CC1(CS[C@H](CCc2ccccc2Br)c2cccc(/C=C/c3ccc4sc(Cl)c(Cl)c4n3)c2)CC1,IC50,2.43,nM,=,8.61
CYSLTR1,Q9Y271,CHEMBL1798,CHEMBL710519,CHEMBL85633,CC(C)(O)c1ccccc1CC[C@@H](SCC1(CC(=O)O)CC1)c1cccc(OCc2ccc3sc(Cl)c(Cl)c3n2)c1,IC50,2.01,nM,=,8.70
CYSLTR1,Q9Y271,CHEMBL1798,CHEMBL710519,CHEMBL84841,O=C(O)CC1(CS[C@H](CCc2ccc(C(F)(F)F)cc2)c2cccc(/C=C/c3ccc4sc(Cl)c(Cl)c4n3)c2)CC1,IC50,8.67,nM,=,8.06
CYSLTR1,Q9Y271,CHEMBL1798,CHEMBL710519,CHEMBL313187,CC(C)(O)c1ccc(CC[C@@H](SCC2(CC(=O)O)CC2)c2cccc(/C=C/c3ccc4sc(Cl)c(Cl)c4n3)c2)cc1,IC50,0.38,nM,=,9.42
CYSLTR1,Q9Y271,CHEMBL1798,CHEMBL710519,CHEMBL414885,O=C(O)CC1(CS[C@H](CCc2ccc(C3(O)CCC3)cc2)c2cccc(/C=C/c3ccc4sc(Cl)c(Cl)c4n3)c2)CC1,IC50,0.65,nM,=,9.19
CYSLTR1,Q9Y271,CHEMBL1798,CHEMBL710519,CHEMBL87696,O=C(O)CC1(CS[C@H](CCc2ccc(F)cc2)c2cccc(/C=C/c3ccc4sc(Cl)c(Cl)c4n3)c2)CC1,IC50,2.16,nM,=,8.67
CYSLTR1,Q9Y271,CHEMBL1798,CHEMBL710519,CHEMBL87337,CC(C)(O)c1ccccc1CC[C@@H](SCC1(CC(=O)O)CC1)c1cccc(/C=C/c2ccc3sc(Cl)c(Cl)c3n2)c1,IC50,0.55,nM,=,9.26
CYSLTR1,Q9Y271,CHEMBL1798,CHEMBL710519,CHEMBL313544,CC(C)(O)c1ccccc1CC[C@@H](SCC1(CC(=O)O)CC1)c1cccc(COc2ccc3sc(Cl)c(Cl)c3n2)c1,IC50,150.0,nM,>,
CYSLTR1,Q9Y271,CHEMBL1798,CHEMBL710519,CHEMBL315973,O=C(O)CC1(CS[C@H](CCc2ccccc2C2(O)CCC2)c2cccc(/C=C/c3ccc4sc(Cl)c(Cl)c4n3)c2)CC1,IC50,1.05,nM,=,8.98
CYSLTR1,Q9Y271,CHEMBL1798,CHEMBL710518,CHEMBL143515,CC(C)(O)c1ccccc1CC[C@@H](SCC1(CC(=O)O)CC1)c1cccc(/C=C/c2ccc3c(n2)CCC3)c1,IC50,0.44,nM,=,9.36
CYSLTR1,Q9Y271,CHEMBL1798,CHEMBL710518,CHEMBL348229,CC(C)(O)c1ccccc1CC[C@@H](SCC1(CC(=O)O)CC1)c1cccc(/C=C/c2ccc3c(n2)C(C)(C)CCC3)c1,IC50,5.0,nM,=,8.30
CYSLTR1,Q9Y271,CHEMBL1798,CHEMBL710518,CHEMBL139757,CC(C)(O)c1ccccc1CC[C@@H](SCC1(CC(=O)O)CC1)c1cccc(/C=C/c2ccc3c(n2)CSC3)c1,IC50,0.61,nM,=,9.21
CYSLTR1,Q9Y271,CHEMBL1798,CHEMBL710518,CHEMBL343934,CC1(C)CCc2ccc(/C=C/c3cccc([C@@H](CCc4ccccc4C(C)(C)O)SCC4(CC(=O)O)CC4)c3)nc2C1,IC50,0.42,nM,=,9.38
CYSLTR1,Q9Y271,CHEMBL1798,CHEMBL710518,CHEMBL787,CC(C)(O)c1ccccc1CC[C@@H](SCC1(CC(=O)O)CC1)c1cccc(/C=C/c2ccc3ccc(Cl)cc3n2)c1,IC50,0.78,nM,=,9.11
CYSLTR1,Q9Y271,CHEMBL1798,CHEMBL710518,CHEMBL140058,CC(C)(O)c1ccccc1CC[C@@H](SCC1(CC(=O)O)CC1)c1cccc(/C=C/c2ccc3c(n2)CCS3)c1,IC50,2.9,nM,=,8.54
CYSLTR1,Q9Y271,CHEMBL1798,CHEMBL710518,CHEMBL140381,CC(C)(O)c1ccccc1CC[C@@H](SCC1(CC(=O)O)CC1)c1cccc(/C=C/c2ccc3c(n2)C(C)(C)CC3)c1,IC50,2.0,nM,=,8.70
CYSLTR1,Q9Y271,CHEMBL1798,CHEMBL710518,CHEMBL141640,CC(C)(O)c1ccccc1CC[C@@H](SCC1(CC(=O)O)CC1)c1cccc(/C=C/c2ccc3c(n2)CCCCC3)c1,IC50,1.1,nM,=,8.96
CYSLTR1,Q9Y271,CHEMBL1798,CHEMBL710518,CHEMBL344180,CC(C)(O)c1ccccc1CC[C@@H](SCC1(CC(=O)O)CC1)c1cccc(/C=C/c2ccc3c(n2)CCCC3)c1,IC50,0.25,nM,=,9.60
CYSLTR1,Q9Y271,CHEMBL1798,CHEMBL710518,CHEMBL141405,CC1CCc2ccc(/C=C/c3cccc([C@@H](CCc4ccccc4C(C)(C)O)SCC4(CC(=O)O)CC4)c3)nc21,IC50,1.7,nM,=,8.77
CYSLTR1,Q9Y271,CHEMBL1798,CHEMBL710518,CHEMBL342705,CC1CCCc2ccc(/C=C/c3cccc([C@@H](CCc4ccccc4C(C)(C)O)SCC4(CC(=O)O)CC4)c3)nc21,IC50,0.47,nM,=,9.33
CYSLTR1,Q9Y271,CHEMBL1798,CHEMBL710518,CHEMBL341603,CC1(C)Cc2ccc(/C=C/c3cccc([C@@H](CCc4ccccc4C(C)(C)O)SCC4(CC(=O)O)CC4)c3)nc2C1,IC50,0.56,nM,=,9.25
CYSLTR1,Q9Y271,CHEMBL1798,CHEMBL711835,CHEMBL302045,COc1ccc2sc(C(=O)Nc3nnn[nH]3)c(OC(C)C)c2c1,IC50,200.0,nM,=,6.70
CYSLTR1,Q9Y271,CHEMBL1798,CHEMBL711836,CHEMBL302045,COc1ccc2sc(C(=O)Nc3nnn[nH]3)c(OC(C)C)c2c1,IC50,2200.0,nM,=,5.66
CYSLTR1,Q9Y271,CHEMBL1798,CHEMBL860353,CHEMBL371300,C[C@H](N)Cn1ncc2ccc(O)cc21,Inhibition,2.65,%,=,
CYSLTR1,Q9Y271,CHEMBL1798,CHEMBL860354,CHEMBL371300,C[C@H](N)Cn1ncc2ccc(O)cc21,Inhibition,7.43,%,=,
CYSLTR1,Q9Y271,CHEMBL1798,CHEMBL860355,CHEMBL371300,C[C@H](N)Cn1ncc2ccc(O)cc21,Inhibition,0.07,%,=,
CYSLTR1,Q9Y271,CHEMBL1798,CHEMBL911158,CHEMBL217053,O=C(O)COc1ccc(Br)cc1C(=O)c1cnn(-c2ccccc2)c1,Inhibition,30.0,%,<,
CYSLTR1,Q9Y271,CHEMBL1798,CHEMBL1016594,CHEMBL288943,CCCCC/C=C\C/C=C\C=C\C=C\[C@@H](SC[C@H](N)C(=O)NCC(=O)O)[C@@H](O)CCCC(=O)O,Ki,0.6,nM,=,9.22
CYSLTR1,Q9Y271,CHEMBL1798,CHEMBL1017475,CHEMBL288943,CCCCC/C=C\C/C=C\C=C\C=C\[C@@H](SC[C@H](N)C(=O)NCC(=O)O)[C@@H](O)CCCC(=O)O,Activity,90.0,%,=,
CYSLTR1,Q9Y271,CHEMBL1798,CHEMBL1219966,CHEMBL787,CC(C)(O)c1ccccc1CC[C@@H](SCC1(CC(=O)O)CC1)c1cccc(/C=C/c2ccc3ccc(Cl)cc3n2)c1,EC50,72.0,nM,=,7.14
CYSLTR1,Q9Y271,CHEMBL1798,CHEMBL1219966,CHEMBL1213846,O=C(O)COc1ccccc1C(=O)/C=C/c1ccc(OCCCCOc2ccc(Cl)cc2)cc1,EC50,1400.0,nM,=,5.85
CYSLTR1,Q9Y271,CHEMBL1798,CHEMBL1219966,CHEMBL1213847,O=C(O)COc1ccc(F)cc1C(=O)/C=C/c1ccc(OCCCCOc2ccc(Cl)cc2)cc1,EC50,1300.0,nM,=,5.89
CYSLTR1,Q9Y271,CHEMBL1798,CHEMBL1219966,CHEMBL1213917,N#CCOc1cc(C(=O)O)ccc1C(=O)/C=C/c1ccc(OCCCCOc2ccc(Cl)cc2)cc1,EC50,480.0,nM,=,6.32
CYSLTR1,Q9Y271,CHEMBL1798,CHEMBL1219966,CHEMBL1213918,N#CCOc1ccc(C(=O)O)cc1C(=O)/C=C/c1ccc(OCCCCOc2ccccc2)cc1,EC50,3900.0,nM,=,5.41
CYSLTR1,Q9Y271,CHEMBL1798,CHEMBL1219966,CHEMBL344180,CC(C)(O)c1ccccc1CC[C@@H](SCC1(CC(=O)O)CC1)c1cccc(/C=C/c2ccc3c(n2)CCCC3)c1,IC50,0.19,nM,=,9.72
CYSLTR1,Q9Y271,CHEMBL1798,CHEMBL1219966,CHEMBL143515,CC(C)(O)c1ccccc1CC[C@@H](SCC1(CC(=O)O)CC1)c1cccc(/C=C/c2ccc3c(n2)CCC3)c1,IC50,0.5,nM,=,9.30
CYSLTR1,Q9Y271,CHEMBL1798,CHEMBL1219966,CHEMBL21333,O=C(Nc1cccc2c(=O)cc(-c3nnn[nH]3)oc12)c1ccc(OCCCCc2ccccc2)cc1,IC50,0.8,nM,=,9.10
CYSLTR1,Q9Y271,CHEMBL1798,CHEMBL1219966,CHEMBL1214477,COc1ccc(NS(=O)(=O)C(F)(F)F)cc1C[C@H]1[C@@H](CO)c2cc(OCc3nc4cc(F)c(F)cc4s3)ccc2OC1(C)C,IC50,2.0,nM,=,8.70
CYSLTR1,Q9Y271,CHEMBL1798,CHEMBL1219966,CHEMBL341657,CCCCc1cccc(/C=C/c2cccc([C@@H](CCc3ccccc3C(C)(C)O)SCC3(CC(=O)O)CC3)c2)n1,IC50,2.4,nM,=,8.62
CYSLTR1,Q9Y271,CHEMBL1798,CHEMBL1219966,CHEMBL1214530,C[C@@H](Cc1ccc(C(=O)O)cc1)NS(=O)(=O)c1ccc2ccc(OCc3ccc4ccccc4n3)cc2c1,IC50,4.1,nM,=,8.39
CYSLTR1,Q9Y271,CHEMBL1798,CHEMBL1219966,CHEMBL11905,O=C(O)c1cc(Cl)cc(C(=O)/C=C/c2cccc(/C=C/c3ccc4ccccc4n3)c2)c1O,IC50,6.6,nM,=,8.18
CYSLTR1,Q9Y271,CHEMBL1798,CHEMBL1219966,CHEMBL127842,O=C(O)c1ccc(COCc2ccc3ccc(OCc4ccc5ccccc5n4)cc3c2)cc1,IC50,7.3,nM,=,8.14
CYSLTR1,Q9Y271,CHEMBL1798,CHEMBL1219966,CHEMBL11899,O=C(/C=C/c1ccc(OCc2ccc3ccccc3n2)cc1)c1cc(-c2nn[nH]n2)ccc1O,IC50,14.0,nM,=,7.85
CYSLTR1,Q9Y271,CHEMBL1798,CHEMBL1219966,CHEMBL1214582,O=C(O)c1cccc(C[C@@H]2COc3ccc(OCc4nc5cc(F)ccc5s4)cc3[C@@H]2CO)c1,IC50,14.0,nM,=,7.85
CYSLTR1,Q9Y271,CHEMBL1798,CHEMBL1219966,CHEMBL33871,O=C(O)c1cccc2c(=O)cc(-c3cccc(OCc4ccc5ccccc5n4)c3)oc12,IC50,17.0,nM,=,7.77
CYSLTR1,Q9Y271,CHEMBL1798,CHEMBL1219966,CHEMBL32136,O=C(O)c1cc(Br)cc2c(=O)cc(-c3cccc(/C=C/c4ccc5ccccc5n4)c3)oc12,IC50,17.0,nM,=,7.77
CYSLTR1,Q9Y271,CHEMBL1798,CHEMBL1219966,CHEMBL131582,O=C(Cc1ccc(OCc2ccc3ccccc3n2)cc1)NCc1ccc(-c2nn[nH]n2)cc1,IC50,38.0,nM,=,7.42
CYSLTR1,Q9Y271,CHEMBL1798,CHEMBL1219966,CHEMBL1214642,C[C@@H](C(=O)NCc1ccc(CC(=O)O)cc1)c1ccc2ccc(OCc3ccc4ccccc4n3)cc2c1,IC50,130.0,nM,=,6.89
CYSLTR1,Q9Y271,CHEMBL1798,CHEMBL1219966,CHEMBL434445,CC(C)(O)c1ccccc1CC[C@@H](SCC1(CC(=O)O)CC1)c1cccc(/C=C/c2ccccn2)c1,IC50,190.0,nM,=,6.72
CYSLTR1,Q9Y271,CHEMBL1798,CHEMBL1219966,CHEMBL32764,O=C(O)c1cccc2c(=O)cc(-c3ccc(/C=C/c4ccc5ccccc5n4)cc3)oc12,IC50,270.0,nM,=,6.57
CYSLTR1,Q9Y271,CHEMBL1798,CHEMBL1219966,CHEMBL34507,O=C(O)c1cc(Br)cc2c(=O)cc(-c3ccc(OCc4ccc5ccccc5n4)cc3)oc12,IC50,500.0,nM,=,6.30
CYSLTR1,Q9Y271,CHEMBL1798,CHEMBL1219966,CHEMBL33294,O=C(O)c1cccc2c(=O)cc(-c3ccc(OCc4ccc5ccccc5n4)cc3)oc12,IC50,530.0,nM,=,6.28
CYSLTR1,Q9Y271,CHEMBL1798,CHEMBL1219966,CHEMBL1213720,O=C(O)c1cc(Br)cc2c(=O)c(O)c(-c3ccc(OCc4ccc5ccccc5n4)cc3)oc12,IC50,810.0,nM,=,6.09
CYSLTR1,Q9Y271,CHEMBL1798,CHEMBL1219966,CHEMBL11785,O=C(O)c1cc(Cl)c(O)c(C(=O)/C=C/c2ccc(OCc3ccc4ccccc4n3)cc2)c1,IC50,1700.0,nM,=,5.77
CYSLTR1,Q9Y271,CHEMBL1798,CHEMBL1219966,CHEMBL33276,N#Cc1ccc2oc(-c3cccc(/C=C/c4ccc5ccccc5n4)c3)cc(=O)c2c1,IC50,1700.0,nM,=,5.77
CYSLTR1,Q9Y271,CHEMBL1798,CHEMBL1219966,CHEMBL1213780,Cc1cc(COc2ccc(/C=C/C(=O)c3cc(Br)cc(C(=O)O)c3O)cc2)nc2ccccc12,IC50,2100.0,nM,=,5.68
CYSLTR1,Q9Y271,CHEMBL1798,CHEMBL1219966,CHEMBL1213781,CN(C)CCOc1c(-c2ccc(OCc3ccc4ccccc4n3)cc2)oc2c(C(=O)O)cccc2c1=O,IC50,4000.0,nM,=,5.40
CYSLTR1,Q9Y271,CHEMBL1798,CHEMBL1219966,CHEMBL1213782,O=C(O)c1ccc(O)c(C(=O)/C=C/c2ccc(OCC3=CCCC=C3)cc2)c1,IC50,34000.0,nM,=,4.47
CYSLTR1,Q9Y271,CHEMBL1798,CHEMBL1219966,CHEMBL1213844,O=C(O)c1cccc2c(=O)cc(-c3ccc(Oc4ccccc4)cc3)oc12,IC50,55000.0,nM,=,4.26
CYSLTR1,Q9Y271,CHEMBL1798,CHEMBL1219966,CHEMBL1213919,O=C(O)c1cc(Br)cc2c(=O)c(O)c(-c3cccc(OCc4ccc5ccccc5n4)c3)oc12,IC50,38.0,nM,=,7.42
CYSLTR1,Q9Y271,CHEMBL1798,CHEMBL1219966,CHEMBL1213920,CCCOc1c(-c2cccc(OCc3ccc4ccccc4n3)c2)oc2c(C(=O)O)cc(Br)cc2c1=O,IC50,44.0,nM,=,7.36
CYSLTR1,Q9Y271,CHEMBL1798,CHEMBL1219966,CHEMBL1213921,O=C(O)c1cc(Br)cc2c(=O)c(OCc3ccc4ccccc4n3)c(-c3cccc(OCc4ccc5ccccc5n4)c3)oc12,IC50,63.0,nM,=,7.20
CYSLTR1,Q9Y271,CHEMBL1798,CHEMBL1219966,CHEMBL32138,O=C(O)c1cc(Br)cc2c(=O)cc(-c3cccc(OCc4ccc5ccccc5n4)c3)oc12,IC50,31.0,nM,=,7.51
CYSLTR1,Q9Y271,CHEMBL1798,CHEMBL1219966,CHEMBL33729,O=C(O)c1cc(Br)cc2c(=O)cc(-c3cccc(OCc4ccc5ccc(Cl)cc5n4)c3)oc12,IC50,12.0,nM,=,7.92
CYSLTR1,Q9Y271,CHEMBL1798,CHEMBL1219966,CHEMBL416769,O=C(O)c1cc(Cl)cc2c(=O)cc(-c3cccc(/C=C/c4ccc5ccccc5n4)c3)oc12,IC50,11.0,nM,=,7.96
CYSLTR1,Q9Y271,CHEMBL1798,CHEMBL1219966,CHEMBL34835,Cc1cc(C(=O)O)c2oc(-c3cccc(/C=C/c4ccc5ccccc5n4)c3)cc(=O)c2c1,IC50,13.0,nM,=,7.89
CYSLTR1,Q9Y271,CHEMBL1798,CHEMBL1219966,CHEMBL33329,O=C(O)c1ccc2oc(-c3cccc(/C=C/c4ccc5ccccc5n4)c3)cc(=O)c2c1,IC50,408.0,nM,=,6.39
CYSLTR1,Q9Y271,CHEMBL1798,CHEMBL1219966,CHEMBL417135,O=C(O)c1cccc2c(=O)cc(-c3ccc(OCc4ncc5ccccc5n4)cc3)oc12,IC50,1100.0,nM,=,5.96
CYSLTR1,Q9Y271,CHEMBL1798,CHEMBL1219966,CHEMBL34740,O=C(O)c1cc(Br)cc2c(=O)cc(-c3cccc(OCc4ncc5ccccc5n4)c3)oc12,IC50,101.0,nM,=,7.00
CYSLTR1,Q9Y271,CHEMBL1798,CHEMBL1219966,CHEMBL285994,O=C(NS(=O)(=O)c1ccccc1)c1cc(Br)cc2c(=O)cc(-c3ccc(OCc4ccc5ccccc5n4)cc3)oc12,IC50,382.0,nM,=,6.42
CYSLTR1,Q9Y271,CHEMBL1798,CHEMBL1219966,CHEMBL131611,O=C(O)CCCc1ccc(NC(=O)c2ccc3ccc(OCc4ccc5ccccc5n4)cc3c2)cc1,IC50,1.5,nM,=,8.82
CYSLTR1,Q9Y271,CHEMBL1798,CHEMBL1219966,CHEMBL423333,O=C(NCCc1ccc(-c2nn[nH]n2)cc1)c1ccc2ccc(OCc3ccc4ccccc4n3)cc2c1,IC50,3.4,nM,=,8.47
CYSLTR1,Q9Y271,CHEMBL1798,CHEMBL1219966,CHEMBL1214096,COc1ccccc1S(=O)(=O)NC(=O)c1ccc(CCNC(=O)c2ccc3ccc(OCc4ccc5ccccc5n4)cc3c2)cc1,IC50,15.0,nM,=,7.82
CYSLTR1,Q9Y271,CHEMBL1798,CHEMBL1219966,CHEMBL132167,O=C(Nc1ccc2ccc(OCc3ccc4ccccc4n3)cc2c1)OCc1ccc(C(=O)O)cc1,IC50,9.0,nM,=,8.05
CYSLTR1,Q9Y271,CHEMBL1798,CHEMBL1219966,CHEMBL339716,O=C(O)c1ccc(CCCCOc2ccc3ccc(OCc4ccc5ccccc5n4)cc3c2)cc1,IC50,21.0,nM,=,7.68
CYSLTR1,Q9Y271,CHEMBL1798,CHEMBL1219966,CHEMBL130846,O=C(O)c1ccc(CCOCc2ccc3ccc(OCc4ccc5ccccc5n4)cc3c2)cc1,IC50,2.7,nM,=,8.57
CYSLTR1,Q9Y271,CHEMBL1798,CHEMBL1219966,CHEMBL419796,O=C(O)c1cccc(CCOCc2ccc3ccc(OCc4ccc5ccccc5n4)cc3c2)c1,IC50,4.6,nM,=,8.34
CYSLTR1,Q9Y271,CHEMBL1798,CHEMBL1219966,CHEMBL341172,CN(CCc1ccc(C(=O)O)cc1)S(=O)(=O)c1ccc2ccc(OCc3ccc4ccccc4n3)cc2c1,IC50,13.0,nM,=,7.89
CYSLTR1,Q9Y271,CHEMBL1798,CHEMBL1219966,CHEMBL128641,CC(C)(CNS(=O)(=O)c1ccc2ccc(OCc3ccc4ccccc4n3)cc2c1)c1ccc(C(=O)O)cc1,IC50,3.8,nM,=,8.42
CYSLTR1,Q9Y271,CHEMBL1798,CHEMBL1219966,CHEMBL337195,CC(NS(=O)(=O)c1ccc2ccc(OCc3ccc4ccccc4n3)cc2c1)c1ccccc1CC(=O)O,IC50,8.4,nM,=,8.08
CYSLTR1,Q9Y271,CHEMBL1798,CHEMBL1219966,CHEMBL422609,CC(C(=O)NCc1ccc(-c2nn[nH]n2)cc1)c1ccc2cc(OCc3ccc4ccccc4n3)ccc2c1,IC50,9.2,nM,=,8.04
CYSLTR1,Q9Y271,CHEMBL1798,CHEMBL1219966,CHEMBL1214219,CC(C(=O)Nc1cccc(CC(=O)O)c1)c1ccc2cc(OCc3ccc4ccccc4n3)ccc2c1,IC50,36.0,nM,=,7.44
CYSLTR1,Q9Y271,CHEMBL1798,CHEMBL1219966,CHEMBL129866,CC(C(=O)Nc1ccc(CC(=O)O)cc1)c1ccc2cc(OCc3ccc4ccccc4n3)ccc2c1,IC50,30.0,nM,=,7.52
CYSLTR1,Q9Y271,CHEMBL1798,CHEMBL1219966,CHEMBL131025,O=C(O)CCCc1ccc(NC(=O)c2ccc3cc(OCc4ccc5ccccc5n4)ccc3c2)cc1,IC50,7.3,nM,=,8.14
CYSLTR1,Q9Y271,CHEMBL1798,CHEMBL1219966,CHEMBL131287,O=C(NCc1ccc(OCc2ccc3ccccc3n2)cc1)c1cccc2c(=O)cc(-c3nn[nH]n3)oc12,IC50,86.0,nM,=,7.07
CYSLTR1,Q9Y271,CHEMBL1798,CHEMBL1219966,CHEMBL1214353,O=C(O)c1cc(=O)c2cccc(C(=O)NCc3ccc(OCc4ccc5ccccc5n4)cc3)c2o1,IC50,168.0,nM,=,6.78
CYSLTR1,Q9Y271,CHEMBL1798,CHEMBL1219966,CHEMBL128151,O=C(O)CCCc1ccc(C(=O)NCc2ccc(OCc3ccc4ccccc4n3)cc2)cc1,IC50,44.0,nM,=,7.36
CYSLTR1,Q9Y271,CHEMBL1798,CHEMBL1219966,CHEMBL11791,O=C(O)c1ccc(O)c(C(=O)/C=C/c2ccc(OCc3ccc4ccccc4n3)cc2)c1,IC50,450.0,nM,=,6.35
CYSLTR1,Q9Y271,CHEMBL1798,CHEMBL1219966,CHEMBL11509,O=C(O)c1ccccc1C(=O)/C=C/c1ccc(OCc2ccc3ccccc3n2)cc1,IC50,143.0,nM,=,6.84
CYSLTR1,Q9Y271,CHEMBL1798,CHEMBL1219966,CHEMBL1214415,O=C(/C=C/c1ccc(OCc2nc3ccccc3[nH]2)cc1)c1cc(-c2nnn[nH]2)ccc1O,IC50,527.0,nM,=,6.28
CYSLTR1,Q9Y271,CHEMBL1798,CHEMBL1219966,CHEMBL1214416,O=C(O)c1cc(Cl)cc(C(=O)/C=C/c2ccc(OCc3nc4ccccc4[nH]3)cc2)c1O,IC50,10500.0,nM,=,4.98
CYSLTR1,Q9Y271,CHEMBL1798,CHEMBL1219966,CHEMBL276879,O=C(O)c1ccc(O)c(C(=O)/C=C/c2cccc(OCc3ccc4ccccc4n3)c2)c1,IC50,609.0,nM,=,6.21
CYSLTR1,Q9Y271,CHEMBL1798,CHEMBL1219966,CHEMBL11950,O=C(O)c1cccc(C(=O)/C=C/c2cccc(OCc3ccc4ccccc4n3)c2)c1O,IC50,415.0,nM,=,6.38
CYSLTR1,Q9Y271,CHEMBL1798,CHEMBL1219966,CHEMBL11921,O=C(O)c1cc(Cl)cc(C(=O)/C=C/c2cccc(OCc3ccc4ccccc4n3)c2)c1O,IC50,104.0,nM,=,6.98
CYSLTR1,Q9Y271,CHEMBL1798,CHEMBL1219966,CHEMBL11687,O=C(O)c1ccccc1C(=O)/C=C/c1cccc(OCc2ccc3ccccc3n2)c1,IC50,31.0,nM,=,7.51
CYSLTR1,Q9Y271,CHEMBL1798,CHEMBL1219966,CHEMBL11609,CCCCOc1ccc(C(=O)O)cc1C(=O)/C=C/c1cccc(OCc2ccc3ccccc3n2)c1,IC50,300.0,nM,=,6.52
CYSLTR1,Q9Y271,CHEMBL1798,CHEMBL1219966,CHEMBL11793,N#Cc1ccc(O)c(C(=O)/C=C/c2cccc(/C=C/c3ccc4ccccc4n3)c2)c1,IC50,346.0,nM,=,6.46
CYSLTR1,Q9Y271,CHEMBL1798,CHEMBL1219966,CHEMBL11349,O=C(O)c1cc(Br)cc(C(=O)/C=C/c2cccc(/C=C/c3ccc4ccccc4n3)c2)c1O,IC50,207.0,nM,=,6.68
CYSLTR1,Q9Y271,CHEMBL1798,CHEMBL1219966,CHEMBL11625,Cc1cc(C(=O)O)c(O)c(C(=O)/C=C/c2cccc(/C=C/c3ccc4ccccc4n3)c2)c1,IC50,105.0,nM,=,6.98
CYSLTR1,Q9Y271,CHEMBL1798,CHEMBL1219966,CHEMBL11870,O=C(/C=C/c1cccc(/C=C/c2ccc3ccccc3n2)c1)c1cc(OCc2nn[nH]n2)ccc1O,IC50,45.0,nM,=,7.35
CYSLTR1,Q9Y271,CHEMBL1798,CHEMBL1219966,CHEMBL1214531,COc1ccc(NS(=O)(=O)C(F)(F)F)cc1C[C@H]1[C@@H](CO)c2cc(OCc3ccc4ccc(C)cc4n3)ccc2OC1(C)C,IC50,4.0,nM,=,8.40
CYSLTR1,Q9Y271,CHEMBL1798,CHEMBL1219966,CHEMBL1214532,COc1ccc(NS(=O)(=O)C(F)(F)F)cc1C[C@H]1[C@@H](CO)c2cc(/C=C/c3ccc4ccc(C)cc4n3)ccc2OC1(C)C,IC50,5.0,nM,=,8.30
CYSLTR1,Q9Y271,CHEMBL1798,CHEMBL1219966,CHEMBL342705,CC1CCCc2ccc(/C=C/c3cccc([C@@H](CCc4ccccc4C(C)(C)O)SCC4(CC(=O)O)CC4)c3)nc21,IC50,0.51,nM,=,9.29
CYSLTR1,Q9Y271,CHEMBL1798,CHEMBL1219966,CHEMBL141300,CC(C)(O)c1ccccc1CC[C@@H](SCC1(CC(=O)O)CC1)c1cccc(/C=C/c2ccc(C(=O)O)cn2)c1,IC50,421.0,nM,=,6.38
CYSLTR1,Q9Y271,CHEMBL1798,CHEMBL1219966,CHEMBL143115,CCc1nc(/C=C/c2cccc([C@@H](CCc3ccccc3C(C)(C)O)SCC3(CC(=O)O)CC3)c2)ccc1C(F)(F)F,IC50,25.2,nM,=,7.60
CYSLTR1,Q9Y271,CHEMBL1798,CHEMBL1219966,CHEMBL345093,CCc1ccc(/C=C/c2cccc([C@@H](CCc3ccccc3C(C)(C)O)SCC3(CC(=O)O)CC3)c2)nc1C,IC50,2.7,nM,=,8.57
CYSLTR1,Q9Y271,CHEMBL1798,CHEMBL1219966,CHEMBL344169,Cc1ccc(/C=C/c2cccc([C@@H](CCc3ccccc3C(C)(C)O)SCC3(CC(=O)O)CC3)c2)nc1C(C)C,IC50,4.9,nM,=,8.31
CYSLTR1,Q9Y271,CHEMBL1798,CHEMBL1219966,CHEMBL341547,CCCCc1nc(/C=C/c2cccc([C@@H](CCc3ccccc3C(C)(C)O)SCC3(CC(=O)O)CC3)c2)ccc1C,IC50,0.9,nM,=,9.05
CYSLTR1,Q9Y271,CHEMBL1798,CHEMBL1219966,CHEMBL139757,CC(C)(O)c1ccccc1CC[C@@H](SCC1(CC(=O)O)CC1)c1cccc(/C=C/c2ccc3c(n2)CSC3)c1,IC50,0.21,nM,=,9.68
CYSLTR1,Q9Y271,CHEMBL1798,CHEMBL1219966,CHEMBL341603,CC1(C)Cc2ccc(/C=C/c3cccc([C@@H](CCc4ccccc4C(C)(C)O)SCC4(CC(=O)O)CC4)c3)nc2C1,IC50,0.34,nM,=,9.47
CYSLTR1,Q9Y271,CHEMBL1798,CHEMBL1663537,CHEMBL1650844,OCC1(N2CCC(n3c(N4CC5CNCC5C4)nc4ccccc43)CC2)CCCCCCC1,Inhibition,10.0,%,<,
CYSLTR1,Q9Y271,CHEMBL1798,CHEMBL1663597,CHEMBL288943,CCCCC/C=C\C/C=C\C=C\C=C\[C@@H](SC[C@H](N)C(=O)NCC(=O)O)[C@@H](O)CCCC(=O)O,IC50,7.0,nM,=,8.15
CYSLTR1,Q9Y271,CHEMBL1798,CHEMBL1909164,CHEMBL434063,CN(CCOc1ccc(C[C@H](Nc2ccccc2C(=O)c2ccccc2)C(=O)O)cc1)c1ccccn1,IC50,10910.0,nM,=,4.96
CYSLTR1,Q9Y271,CHEMBL1798,CHEMBL1909164,CHEMBL434063,CN(CCOc1ccc(C[C@H](Nc2ccccc2C(=O)c2ccccc2)C(=O)O)cc1)c1ccccn1,Ki,5455.0,nM,=,5.26
CYSLTR1,Q9Y271,CHEMBL1798,CHEMBL1909164,CHEMBL104,Clc1ccccc1C(c1ccccc1)(c1ccccc1)n1ccnc1,IC50,33172.0,nM,=,4.48
CYSLTR1,Q9Y271,CHEMBL1798,CHEMBL1909164,CHEMBL104,Clc1ccccc1C(c1ccccc1)(c1ccccc1)n1ccnc1,Ki,16586.0,nM,=,4.78
CYSLTR1,Q9Y271,CHEMBL1798,CHEMBL1909164,CHEMBL411,CC/C(=C(/CC)c1ccc(O)cc1)c1ccc(O)cc1,IC50,17745.0,nM,=,4.75
CYSLTR1,Q9Y271,CHEMBL1798,CHEMBL1909164,CHEMBL411,CC/C(=C(/CC)c1ccc(O)cc1)c1ccc(O)cc1,Ki,8872.0,nM,=,5.05
CYSLTR1,Q9Y271,CHEMBL1798,CHEMBL1909164,CHEMBL787,CC(C)(O)c1ccccc1CC[C@@H](SCC1(CC(=O)O)CC1)c1cccc(/C=C/c2ccc3ccc(Cl)cc3n2)c1,IC50,2.287,nM,=,8.64
CYSLTR1,Q9Y271,CHEMBL1798,CHEMBL1909164,CHEMBL787,CC(C)(O)c1ccccc1CC[C@@H](SCC1(CC(=O)O)CC1)c1cccc(/C=C/c2ccc3ccc(Cl)cc3n2)c1,Ki,1.143,nM,=,8.94
CYSLTR1,Q9Y271,CHEMBL1798,CHEMBL1909164,CHEMBL603,COc1cc(C(=O)NS(=O)(=O)c2ccccc2C)ccc1Cc1cn(C)c2ccc(NC(=O)OC3CCCC3)cc12,IC50,1.731,nM,=,8.76
CYSLTR1,Q9Y271,CHEMBL1798,CHEMBL1909164,CHEMBL603,COc1cc(C(=O)NS(=O)(=O)c2ccccc2C)ccc1Cc1cn(C)c2ccc(NC(=O)OC3CCCC3)cc12,Ki,0.865,nM,=,9.06
CYSLTR1,Q9Y271,CHEMBL1798,CHEMBL1909164,CHEMBL18797,CSc1ccc(/C=C2/C(C)=C(CC(=O)O)c3cc(F)ccc32)cc1,IC50,29368.0,nM,=,4.53
CYSLTR1,Q9Y271,CHEMBL1798,CHEMBL1909164,CHEMBL18797,CSc1ccc(/C=C2/C(C)=C(CC(=O)O)c3cc(F)ccc32)cc1,Ki,14684.0,nM,=,4.83
CYSLTR1,Q9Y271,CHEMBL1798,CHEMBL2210197,CHEMBL2206397,CCc1cccc(CC)c1Cc1ncc[nH]1,Inhibition,1.0,%,=,
CYSLTR1,Q9Y271,CHEMBL1798,CHEMBL2395098,CHEMBL288943,CCCCC/C=C\C/C=C\C=C\C=C\[C@@H](SC[C@H](N)C(=O)NCC(=O)O)[C@@H](O)CCCC(=O)O,Ki,0.29,nM,=,9.54
CYSLTR1,Q9Y271,CHEMBL1798,CHEMBL2395098,CHEMBL288943,CCCCC/C=C\C/C=C\C=C\C=C\[C@@H](SC[C@H](N)C(=O)NCC(=O)O)[C@@H](O)CCCC(=O)O,IC50,0.7,nM,=,9.15
CYSLTR1,Q9Y271,CHEMBL1798,CHEMBL2396250,CHEMBL1885748,Clc1cc(Cl)cc(CNc2ncncc2-c2ccc3c(c2)OCO3)c1,Inhibition,26.0,%,=,
CYSLTR1,Q9Y271,CHEMBL1798,CHEMBL2417102,CHEMBL2413379,CCCCCCCCCCCCOc1cccc(/C=C/C(=O)c2cc(C(=O)O)ccc2OCC(=O)O)c1,Inhibition,4.8,%,=,
CYSLTR1,Q9Y271,CHEMBL1798,CHEMBL2417102,CHEMBL2413378,O=C(O)COc1ccc(C(=O)O)cc1C(=O)/C=C/c1ccc(OCCCCOc2ccc(Cl)cc2)cc1,Inhibition,7.0,%,=,
CYSLTR1,Q9Y271,CHEMBL1798,CHEMBL2417102,CHEMBL2413377,CCCCCCCCCCCCOc1ccc(/C=C/C(=O)c2cc(C(=O)O)ccc2OCC(=O)O)cc1,Inhibition,35.7,%,=,
CYSLTR1,Q9Y271,CHEMBL1798,CHEMBL2417102,CHEMBL2413270,CCCCCCCCCCCCOc1ccc(/C=C/C(=O)c2ccc(C(=O)O)cc2OCC(=O)O)cc1,Inhibition,10.6,%,=,
CYSLTR1,Q9Y271,CHEMBL1798,CHEMBL2417102,CHEMBL2413269,CCCCCCCCOc1ccc(/C=C/C(=O)c2ccc(C(=O)O)cc2OCC(=O)O)cc1,Inhibition,8.6,%,=,
CYSLTR1,Q9Y271,CHEMBL1798,CHEMBL2446029,CHEMBL2440659,Cc1csc(NC(=O)c2cc(F)cc(Oc3cncnc3)c2)n1,Inhibition,35.0,%,>,
CYSLTR1,Q9Y271,CHEMBL1798,CHEMBL3102658,CHEMBL3099899,COc1ccc(CNC(=O)c2cc(-c3cc(Cl)cc(Cl)c3)cnc2-c2cccnc2)cc1OC,Inhibition,9.0,%,=,
CYSLTR1,Q9Y271,CHEMBL1798,CHEMBL3371942,CHEMBL3310802,CCOC(=O)N1CCC(CN2CCC3(CC2)CN(C(=O)N(C)C)c2ncccc23)CC1.O=C(O)/C=C/C(=O)O,Inhibition,1.0,%,=,
CYSLTR1,Q9Y271,CHEMBL1798,CHEMBL3389954,CHEMBL3342964,O=C(O)CCCN1C[C@@H](C(=O)O)Oc2c(NC(=O)c3ccc(OCCCCc4ccccc4)cc3)cccc21,IC50,17.0,nM,=,7.77
CYSLTR1,Q9Y271,CHEMBL1798,CHEMBL3389954,CHEMBL3342963,O=C(O)CCCN1C[C@H](C(=O)O)Oc2c(NC(=O)c3ccc(OCCCCc4ccccc4)cc3)cccc21,IC50,51.0,nM,=,7.29
CYSLTR1,Q9Y271,CHEMBL1798,CHEMBL3389954,CHEMBL3342962,O=C(O)CCCN1CC(C(=O)O)Oc2c(NC(=O)c3ccc(OCCCCOc4ccccc4)cc3)cccc21,IC50,32.0,nM,=,7.50
CYSLTR1,Q9Y271,CHEMBL1798,CHEMBL3389954,CHEMBL3342961,O=C(O)CCCN1CC(C(=O)O)Oc2c(NC(=O)c3ccc(OCCCOc4ccccc4)cc3)cccc21,IC50,290.0,nM,=,6.54
CYSLTR1,Q9Y271,CHEMBL1798,CHEMBL3389954,CHEMBL3342960,O=C(O)CCCN1CC(C(=O)O)Oc2c(NC(=O)c3ccc(OCCOc4ccccc4)cc3)cccc21,IC50,3000.0,nM,=,5.52
CYSLTR1,Q9Y271,CHEMBL1798,CHEMBL3389954,CHEMBL3342959,O=C(O)CCCN1CC(C(=O)O)Oc2c(NC(=O)c3ccc(OCCCCCc4ccccc4)cc3)cccc21,IC50,120.0,nM,=,6.92
CYSLTR1,Q9Y271,CHEMBL1798,CHEMBL3389954,CHEMBL3342958,O=C(O)CCCN1CC(C(=O)O)Oc2c(NC(=O)c3ccc(OCCCc4ccccc4)cc3)cccc21,IC50,1300.0,nM,=,5.89
CYSLTR1,Q9Y271,CHEMBL1798,CHEMBL3389954,CHEMBL3342957,O=C(O)CCCCCN1CC(C(=O)O)Oc2c(NC(=O)c3ccc(OCCCCc4ccccc4)cc3)cccc21,IC50,130.0,nM,=,6.89
CYSLTR1,Q9Y271,CHEMBL1798,CHEMBL3389954,CHEMBL3342956,O=C(O)CCCCN1CC(C(=O)O)Oc2c(NC(=O)c3ccc(OCCCCc4ccccc4)cc3)cccc21,IC50,44.0,nM,=,7.36
CYSLTR1,Q9Y271,CHEMBL1798,CHEMBL3389954,CHEMBL3342955,O=C(O)CCCN1CC(C(=O)O)Oc2c(NC(=O)c3ccc(OCCCCc4ccccc4)cc3)cccc21,IC50,11.0,nM,=,7.96
CYSLTR1,Q9Y271,CHEMBL1798,CHEMBL3389954,CHEMBL3342954,O=C(O)CCCCC(=O)N1CC(C(=O)O)Oc2c(NC(=O)c3ccc(OCCCCc4ccccc4)cc3)cccc21,IC50,12.0,nM,=,7.92
CYSLTR1,Q9Y271,CHEMBL1798,CHEMBL3389954,CHEMBL3342953,O=C(O)CCCC(=O)N1CC(C(=O)O)Oc2c(NC(=O)c3ccc(OCCCCc4ccccc4)cc3)cccc21,IC50,1.0,nM,<,
CYSLTR1,Q9Y271,CHEMBL1798,CHEMBL3389954,CHEMBL3342952,O=C(O)CCC(=O)N1CC(C(=O)O)Oc2c(NC(=O)c3ccc(OCCCCc4ccccc4)cc3)cccc21,IC50,1.4,nM,=,8.85
CYSLTR1,Q9Y271,CHEMBL1798,CHEMBL3389954,CHEMBL3341770,CCCC(=O)N1CC(C(=O)O)Oc2c(NC(=O)c3ccc(OCCCCc4ccccc4)cc3)cccc21,IC50,300.0,nM,=,6.52
CYSLTR1,Q9Y271,CHEMBL1798,CHEMBL3389954,CHEMBL3342951,CCC(=O)N1CC(C(=O)O)Oc2c(NC(=O)c3ccc(OCCCCc4ccccc4)cc3)cccc21,IC50,150.0,nM,=,6.82
CYSLTR1,Q9Y271,CHEMBL1798,CHEMBL3389954,CHEMBL3342950,CC(=O)N1CC(C(=O)O)Oc2c(NC(=O)c3ccc(OCCCCc4ccccc4)cc3)cccc21,IC50,13.0,nM,=,7.89
CYSLTR1,Q9Y271,CHEMBL1798,CHEMBL3389954,CHEMBL3342949,O=C(Nc1ccc2c(c1)NCC(C(=O)O)O2)c1ccc(OCCCCc2ccccc2)cc1,IC50,840.0,nM,=,6.08
CYSLTR1,Q9Y271,CHEMBL1798,CHEMBL3389954,CHEMBL3342948,O=C(Nc1ccc2c(c1)OC(C(=O)O)CN2)c1ccc(OCCCCc2ccccc2)cc1,IC50,4600.0,nM,=,5.34
CYSLTR1,Q9Y271,CHEMBL1798,CHEMBL3389954,CHEMBL3342947,O=C(Nc1cccc2c1OC(C(=O)O)CN2)c1ccc(OCCCCc2ccccc2)cc1,IC50,54.0,nM,=,7.27
CYSLTR1,Q9Y271,CHEMBL1798,CHEMBL3389954,CHEMBL3342946,CCN(CC)C(=O)/C=C(\C)c1ccc2oc(C(=O)c3ccc(C#N)cc3)c(NC(=O)/C(C#N)=C(/C)O)c2c1,IC50,9700.0,nM,=,5.01
CYSLTR1,Q9Y271,CHEMBL1798,CHEMBL3389954,CHEMBL285954,CCCCC/C=C\C/C=C\C=C\C=C\[C@@H](Sc1ccc(C(=O)O)cc1)[C@@H](O)CCCC(=O)O,IC50,440.0,nM,=,6.36
CYSLTR1,Q9Y271,CHEMBL1798,CHEMBL3389954,CHEMBL3342945,O=C(O)c1ccc(OCCCc2ccc(OCCCCOc3ccccc3)cc2)c(C(=O)NC2CCCC(C(=O)O)C2)c1,IC50,2500.0,nM,>,
CYSLTR1,Q9Y271,CHEMBL1798,CHEMBL3389954,CHEMBL3342944,O=C(O)c1ccc(OCCCc2ccc(OCCCCOC3CCCCC3)cc2)c(C(=O)NC2CCCC(C(=O)O)C2)c1,IC50,10000.0,nM,>,
CYSLTR1,Q9Y271,CHEMBL1798,CHEMBL3383678,CHEMBL3186763,CN1CCN(C)/C(=N/c2ccc([N+](=O)[O-])cc2C(=O)Nc2ccccc2)C1,Inhibition,10.91,%,=,
CYSLTR1,Q9Y271,CHEMBL1798,CHEMBL3404758,CHEMBL3342955,O=C(O)CCCN1CC(C(=O)O)Oc2c(NC(=O)c3ccc(OCCCCc4ccccc4)cc3)cccc21,IC50,11.0,nM,=,7.96
CYSLTR1,Q9Y271,CHEMBL1798,CHEMBL3404758,CHEMBL3401686,O=C(O)CCCN1CC(C(=O)O)Oc2c(OCc3ccc(OCCCCc4ccccc4)cc3)cccc21,IC50,58.0,nM,=,7.24
CYSLTR1,Q9Y271,CHEMBL1798,CHEMBL3404758,CHEMBL3401687,O=C(O)CCCN1CC(C(=O)O)Oc2c(/C=C/c3ccc(OCCCCc4ccccc4)cc3)cccc21,IC50,70.0,nM,=,7.16
CYSLTR1,Q9Y271,CHEMBL1798,CHEMBL3404758,CHEMBL3401688,O=C(O)CCCN1CC(C(=O)O)Oc2c(CCc3ccc(OCCCCc4ccccc4)cc3)cccc21,IC50,82.0,nM,=,7.09
CYSLTR1,Q9Y271,CHEMBL1798,CHEMBL3404758,CHEMBL3401689,O=C(O)CCCN1CC(c2nnn[nH]2)Oc2c(NC(=O)c3ccc(OCCCCc4ccccc4)cc3)cccc21,IC50,0.79,nM,=,9.10
CYSLTR1,Q9Y271,CHEMBL1798,CHEMBL3404758,CHEMBL3401690,CS(=O)(=O)NC(=O)C1CN(CCCC(=O)O)c2cccc(NC(=O)c3ccc(OCCCCc4ccccc4)cc3)c2O1,IC50,22.0,nM,=,7.66
CYSLTR1,Q9Y271,CHEMBL1798,CHEMBL3404758,CHEMBL3401691,O=C(O)CCCN1CC(C(=O)NS(=O)(=O)c2ccccc2)Oc2c(NC(=O)c3ccc(OCCCCc4ccccc4)cc3)cccc21,IC50,70.0,nM,=,7.16
CYSLTR1,Q9Y271,CHEMBL1798,CHEMBL3404758,CHEMBL3401692,O=C(O)CCCN1CCOc2c(NC(=O)c3ccc(OCCCCc4ccccc4)cc3)cccc21,IC50,1900.0,nM,=,5.72
CYSLTR1,Q9Y271,CHEMBL1798,CHEMBL3404758,CHEMBL3403184,O=C(O)CCCN1CC(CO)Oc2c(NC(=O)c3ccc(OCCCCc4ccccc4)cc3)cccc21,IC50,740.0,nM,=,6.13
CYSLTR1,Q9Y271,CHEMBL1798,CHEMBL3404758,CHEMBL3403185,O=C(O)CCCN1CC(c2nnn[nH]2)Oc2c(CCc3ccc(OCCCCc4ccccc4)cc3)cccc21,IC50,35.0,nM,=,7.46
CYSLTR1,Q9Y271,CHEMBL1798,CHEMBL3404758,CHEMBL3403186,O=C(O)CCCN1CC(c2nnn[nH]2)Oc2c(/C=C/c3ccc(OCCCCc4ccccc4)cc3)cccc21,IC50,0.59,nM,=,9.23
CYSLTR1,Q9Y271,CHEMBL1798,CHEMBL3404758,CHEMBL3403187,O=C(O)CCCN1CC(C(=O)O)Oc2c(/C=C/c3ccc(OCCCCOc4ccccc4)cc3)cccc21,IC50,24.0,nM,=,7.62
CYSLTR1,Q9Y271,CHEMBL1798,CHEMBL3404758,CHEMBL3403188,O=C(O)CCCn1cc(C(=O)O)c(=O)c2c(/C=C/c3ccc(OCCCCOc4ccccc4)cc3)cccc21,IC50,250.0,nM,=,6.60
CYSLTR1,Q9Y271,CHEMBL1798,CHEMBL3404758,CHEMBL3403189,O=C(O)CCCOc1nc2cccc(/C=C/c3ccc(OCCCCOc4ccccc4)cc3)c2nc1C(=O)O,IC50,490.0,nM,=,6.31
CYSLTR1,Q9Y271,CHEMBL1798,CHEMBL3404758,CHEMBL3403190,O=C(O)CCCn1cc(CC(=O)O)c2c(/C=C/c3ccc(OCCCCOc4ccccc4)cc3)cccc21,IC50,13.0,nM,=,7.89
CYSLTR1,Q9Y271,CHEMBL1798,CHEMBL3599260,CHEMBL3403190,O=C(O)CCCn1cc(CC(=O)O)c2c(/C=C/c3ccc(OCCCCOc4ccccc4)cc3)cccc21,IC50,12.0,nM,=,7.92
CYSLTR1,Q9Y271,CHEMBL1798,CHEMBL3599260,CHEMBL3597522,O=C(O)CCCc1cn(CC(=O)O)c2c(/C=C/c3ccc(OCCCCOc4ccccc4)cc3)cccc12,IC50,1.5,nM,=,8.82
CYSLTR1,Q9Y271,CHEMBL1798,CHEMBL3599260,CHEMBL3597523,O=C(O)CCCc1cn(CC(=O)O)c2c(/C=C/c3ccc(OCCCCc4ccccc4)cc3)cccc12,IC50,3.4,nM,=,8.47
CYSLTR1,Q9Y271,CHEMBL1798,CHEMBL3599260,CHEMBL3597524,O=C(O)CCCc1cn(CC(=O)O)c2c(/C=C/c3ccc(OCCCCc4cccc(Cl)c4)cc3)cccc12,IC50,3.1,nM,=,8.51
CYSLTR1,Q9Y271,CHEMBL1798,CHEMBL3599260,CHEMBL3597525,O=C(O)CCCc1cn(CC(=O)O)c2c(/C=C/c3ccc(OCCCCc4c(F)ccc(F)c4F)cc3)cccc12,IC50,1.0,nM,=,9.00
CYSLTR1,Q9Y271,CHEMBL1798,CHEMBL3599260,CHEMBL3597526,Cc1c(F)cccc1CCCCOc1ccc(/C=C/c2cccc3c(CCCC(=O)O)cn(CC(=O)O)c23)cc1,IC50,2.9,nM,=,8.54
CYSLTR1,Q9Y271,CHEMBL1798,CHEMBL3599260,CHEMBL3597527,Cc1c(Cl)cccc1CCCCOc1ccc(/C=C/c2cccc3c(CCCC(=O)O)cn(CC(=O)O)c23)cc1,IC50,0.62,nM,=,9.21
CYSLTR1,Q9Y271,CHEMBL1798,CHEMBL3599260,CHEMBL3597528,Cc1c(CCCC(=O)O)c2cccc(/C=C/c3ccc(OCCCCc4ccccc4)cc3)c2n1CC(=O)O,IC50,4.1,nM,=,8.39
CYSLTR1,Q9Y271,CHEMBL1798,CHEMBL3599260,CHEMBL3597529,COc1ccccc1CCCCOc1ccc(/C=C/c2cccc3c(CCCC(=O)O)c(C)n(CC(=O)O)c23)cc1,IC50,46.0,nM,=,7.34
CYSLTR1,Q9Y271,CHEMBL1798,CHEMBL3599260,CHEMBL3597530,Cc1c(CCCC(=O)O)c2cccc(/C=C/c3ccc(OCCCCc4c(F)ccc(F)c4F)cc3)c2n1CC(=O)O,IC50,2.4,nM,=,8.62
CYSLTR1,Q9Y271,CHEMBL1798,CHEMBL3599260,CHEMBL3597531,Cc1c(CCCC(=O)O)c2cccc(/C=C/c3ccc(OCCCCc4c(F)c(F)cc(F)c4F)cc3)c2n1CC(=O)O,IC50,2.2,nM,=,8.66
CYSLTR1,Q9Y271,CHEMBL1798,CHEMBL3599260,CHEMBL3597532,Cc1c(CCCC(=O)O)c2cccc(/C=C/c3ccc(OCCCCc4cc(F)c(F)c(F)c4F)cc3)c2n1CC(=O)O,IC50,0.8,nM,=,9.10
CYSLTR1,Q9Y271,CHEMBL1798,CHEMBL3599260,CHEMBL3597533,Cc1c(CCCC(=O)O)c2cccc(/C=C/c3ccc(OCCCCc4c(F)cc(F)c(F)c4F)cc3)c2n1CC(=O)O,IC50,1.6,nM,=,8.80
CYSLTR1,Q9Y271,CHEMBL1798,CHEMBL3599260,CHEMBL3597534,Cc1c(F)cccc1CCCCOc1ccc(/C=C/c2cccc3c(CCCC(=O)O)c(C)n(CC(=O)O)c23)cc1,IC50,1.1,nM,=,8.96
CYSLTR1,Q9Y271,CHEMBL1798,CHEMBL3599260,CHEMBL3597535,Cc1c(Cl)cccc1CCCCOc1ccc(/C=C/c2cccc3c(CCCC(=O)O)c(C)n(CC(=O)O)c23)cc1,IC50,0.56,nM,=,9.25
CYSLTR1,Q9Y271,CHEMBL1798,CHEMBL3599260,CHEMBL3597616,Cc1c(Cl)cccc1CCCCOc1ccc(C#Cc2cccc3c(CC(=O)O)c(C)n(CC(=O)O)c23)cc1,IC50,0.47,nM,=,9.33
CYSLTR1,Q9Y271,CHEMBL1798,CHEMBL3599260,CHEMBL3597617,Cc1c(Cl)cccc1CCCCOc1ccc(C#Cc2cccc3c(CCC(=O)O)c(C)n(CC(=O)O)c23)cc1,IC50,0.32,nM,=,9.49
CYSLTR1,Q9Y271,CHEMBL1798,CHEMBL3599260,CHEMBL3597618,Cc1c(Cl)cccc1CCCCOc1ccc(C#Cc2cccc3c(CCCC(=O)O)c(C)n(CC(=O)O)c23)cc1,IC50,0.22,nM,=,9.66
CYSLTR1,Q9Y271,CHEMBL1798,CHEMBL3599260,CHEMBL3597619,Cc1c(Cl)cccc1CCCCOc1ccc(C#Cc2cccc3c(CC(=O)O)c(C)n(CCC(=O)O)c23)cc1,IC50,12.0,nM,=,7.92
CYSLTR1,Q9Y271,CHEMBL1798,CHEMBL3599260,CHEMBL3597620,Cc1c(Cl)cccc1CCCCOc1ccc(C#Cc2cccc3c(CCC(=O)O)c(C)n(CCC(=O)O)c23)cc1,IC50,10.0,nM,=,8.00
CYSLTR1,Q9Y271,CHEMBL1798,CHEMBL3599260,CHEMBL3597621,Cc1c(Cl)cccc1CCCCOc1ccc(C#Cc2cccc3c(CCCC(=O)O)c(C)n(CCC(=O)O)c23)cc1,IC50,17.0,nM,=,7.77
CYSLTR1,Q9Y271,CHEMBL1798,CHEMBL3599260,CHEMBL3597622,Cc1c(Cl)cccc1CCCCOc1ccc(C#Cc2cccc3c(CC(=O)O)c(C)n(CCCC(=O)O)c23)cc1,IC50,5.5,nM,=,8.26
CYSLTR1,Q9Y271,CHEMBL1798,CHEMBL3599260,CHEMBL3597623,Cc1c(Cl)cccc1CCCCOc1ccc(C#Cc2cccc3c(CCC(=O)O)c(C)n(CCCC(=O)O)c23)cc1,IC50,0.79,nM,=,9.10
CYSLTR1,Q9Y271,CHEMBL1798,CHEMBL3599260,CHEMBL3597624,Cc1c(Cl)cccc1CCCCOc1ccc(C#Cc2cccc3c(CCCC(=O)O)c(C)n(CCCC(=O)O)c23)cc1,IC50,1.5,nM,=,8.82
CYSLTR1,Q9Y271,CHEMBL1798,CHEMBL3599260,CHEMBL3597625,Cc1c(Cl)cccc1CCCCOc1ccc(C#Cc2cccc3c(CC(=O)O)c(C)n(CCCCC(=O)O)c23)cc1,IC50,65.0,nM,=,7.19
CYSLTR1,Q9Y271,CHEMBL1798,CHEMBL3599260,CHEMBL3597626,Cc1c(Cl)cccc1CCCCOc1ccc(C#Cc2cccc3c(CCC(=O)O)c(C)n(CCCCC(=O)O)c23)cc1,IC50,25.0,nM,=,7.60
CYSLTR1,Q9Y271,CHEMBL1798,CHEMBL3599260,CHEMBL3597627,Cc1c(Cl)cccc1CCCCOc1ccc(C#Cc2cccc3c(CCCC(=O)O)c(C)n(CCCCC(=O)O)c23)cc1,IC50,56.0,nM,=,7.25
CYSLTR1,Q9Y271,CHEMBL1798,CHEMBL3599260,CHEMBL3597628,Cc1c(Cl)cccc1CCCCOc1ccc(C#Cc2ccc(F)c3c(CCCC(=O)O)c(C)n(CCCC(=O)O)c23)cc1,IC50,3.4,nM,=,8.47
CYSLTR1,Q9Y271,CHEMBL1798,CHEMBL3599260,CHEMBL3597629,Cc1c(Cl)cccc1CCCCOc1ccc(C#Cc2cc(F)cc3c(CCCC(=O)O)c(C)n(CCCC(=O)O)c23)cc1,IC50,16.0,nM,=,7.80
CYSLTR1,Q9Y271,CHEMBL1798,CHEMBL3599260,CHEMBL3597630,Cc1c(Cl)cccc1CCCCOc1ccc(C#Cc2c(F)ccc3c(CCCC(=O)O)c(C)n(CCCC(=O)O)c23)cc1,IC50,11.0,nM,=,7.96
CYSLTR1,Q9Y271,CHEMBL1798,CHEMBL3599260,CHEMBL3597631,Cc1c(CCCC(=O)O)c2cccc(C#Cc3ccc(OCCCCc4c(F)cc(F)c(F)c4F)cc3)c2n1CCCC(=O)O,IC50,2.8,nM,=,8.55
CYSLTR1,Q9Y271,CHEMBL1798,CHEMBL3599260,CHEMBL3597632,Cc1c(CCCC(=O)O)c2c(F)ccc(C#Cc3ccc(OCCCCc4c(F)cc(F)c(F)c4F)cc3)c2n1CCCC(=O)O,IC50,7.4,nM,=,8.13
CYSLTR1,Q9Y271,CHEMBL1798,CHEMBL3599260,CHEMBL3597633,Cc1c(F)cccc1CCCCOc1ccc(C#Cc2cccc3c(CCCC(=O)O)c(C)n(CCCC(=O)O)c23)cc1,IC50,1.1,nM,=,8.96
CYSLTR1,Q9Y271,CHEMBL1798,CHEMBL3599260,CHEMBL3597634,Cc1c(F)cccc1CCCCOc1ccc(C#Cc2ccc(F)c3c(CCCC(=O)O)c(C)n(CCCC(=O)O)c23)cc1,IC50,1.7,nM,=,8.77
CYSLTR1,Q9Y271,CHEMBL1798,CHEMBL3599260,CHEMBL3342955,O=C(O)CCCN1CC(C(=O)O)Oc2c(NC(=O)c3ccc(OCCCCc4ccccc4)cc3)cccc21,IC50,8.5,nM,=,8.07
CYSLTR1,Q9Y271,CHEMBL1798,CHEMBL3599260,CHEMBL3342944,O=C(O)c1ccc(OCCCc2ccc(OCCCCOC3CCCCC3)cc2)c(C(=O)NC2CCCC(C(=O)O)C2)c1,IC50,10000.0,nM,>,
CYSLTR1,Q9Y271,CHEMBL1798,CHEMBL3599869,CHEMBL21333,O=C(Nc1cccc2c(=O)cc(-c3nnn[nH]3)oc12)c1ccc(OCCCCc2ccccc2)cc1,IC50,4.3,nM,=,8.37
CYSLTR1,Q9Y271,CHEMBL1798,CHEMBL3599869,CHEMBL787,CC(C)(O)c1ccccc1CC[C@@H](SCC1(CC(=O)O)CC1)c1cccc(/C=C/c2ccc3ccc(Cl)cc3n2)c1,IC50,2.3,nM,=,8.64
CYSLTR1,Q9Y271,CHEMBL1798,CHEMBL3599869,CHEMBL603,COc1cc(C(=O)NS(=O)(=O)c2ccccc2C)ccc1Cc1cn(C)c2ccc(NC(=O)OC3CCCC3)cc12,IC50,1.9,nM,=,8.72
CYSLTR1,Q9Y271,CHEMBL1798,CHEMBL3637050,CHEMBL3634745,O=c1ccc(-c2ccc(OCc3ccc4ccccc4n3)cc2)c(-c2ccc(F)cc2)[nH]1,IC50,1200.0,nM,>,
CYSLTR1,Q9Y271,CHEMBL1798,CHEMBL3635328,CHEMBL3633184,CCOC(=O)N1[C@@H]2CC[C@H]1C[C@H](CN1CC[C@@H](N3Cc4ccccc4NC3=O)C1)C2,Activity,0.45,%,=,
CYSLTR1,Q9Y271,CHEMBL1798,CHEMBL3635589,CHEMBL3633184,CCOC(=O)N1[C@@H]2CC[C@H]1C[C@H](CN1CC[C@@H](N3Cc4ccccc4NC3=O)C1)C2,Inhibition,0.46,%,=,
CYSLTR1,Q9Y271,CHEMBL1798,CHEMBL3766038,CHEMBL3763166,O=C1Cc2cc(S(=O)(=O)NNc3ccc(Br)cc3)ccc2N1,Inhibition,50.0,%,<,
CYSLTR1,Q9Y271,CHEMBL1798,CHEMBL3810886,CHEMBL3810210,COc1cccc2c(/C=C/C(=O)Nc3cccc(/C=C/c4ccc5ccc(Cl)cc5n4)c3)c(C(=O)O)[nH]c12,IC50,5.9,nM,=,8.23
CYSLTR1,Q9Y271,CHEMBL1798,CHEMBL3810886,CHEMBL3808608,COc1ccc2c(/C=C/C(=O)Nc3cccc(/C=C/c4ccc5ccc(Cl)cc5n4)c3)c(C(=O)O)[nH]c2c1,IC50,12.0,nM,=,7.92
CYSLTR1,Q9Y271,CHEMBL1798,CHEMBL3810886,CHEMBL3808613,COc1ccc2[nH]c(C(=O)O)c(/C=C/C(=O)Nc3cccc(/C=C/c4ccc5ccc(Cl)cc5n4)c3)c2c1,IC50,25.0,nM,=,7.60
CYSLTR1,Q9Y271,CHEMBL1798,CHEMBL3810886,CHEMBL3808968,O=C(/C=C/c1c(C(=O)O)[nH]c2cc(F)cc(F)c12)Nc1cccc(/C=C/c2ccc3ccc(Cl)cc3n2)c1,IC50,38.0,nM,=,7.42
CYSLTR1,Q9Y271,CHEMBL1798,CHEMBL3810886,CHEMBL3809189,O=C(/C=C/c1c(C(=O)O)[nH]c2ccc(F)cc12)Nc1cccc(/C=C/c2ccc3ccc(Cl)cc3n2)c1,IC50,7.8,nM,=,8.11
CYSLTR1,Q9Y271,CHEMBL1798,CHEMBL3810886,CHEMBL3809483,O=C(/C=C/c1c(C(=O)O)[nH]c2c(Cl)cccc12)Nc1cccc(/C=C/c2ccc3ccc(Cl)cc3n2)c1,IC50,16.0,nM,=,7.80
CYSLTR1,Q9Y271,CHEMBL1798,CHEMBL3810886,CHEMBL3809333,O=C(/C=C/c1c(C(=O)O)[nH]c2cc(Cl)ccc12)Nc1cccc(/C=C/c2ccc3ccc(Cl)cc3n2)c1,IC50,22.0,nM,=,7.66
CYSLTR1,Q9Y271,CHEMBL1798,CHEMBL3810886,CHEMBL3809556,O=C(/C=C/c1c(C(=O)O)[nH]c2ccc(Cl)cc12)Nc1cccc(/C=C/c2ccc3ccc(Cl)cc3n2)c1,IC50,17.0,nM,=,7.77
CYSLTR1,Q9Y271,CHEMBL1798,CHEMBL3810886,CHEMBL3810290,O=C(/C=C/c1c(C(=O)O)[nH]c2cccc(Cl)c12)Nc1cccc(/C=C/c2ccc3ccc(Cl)cc3n2)c1,IC50,67.0,nM,=,7.17
CYSLTR1,Q9Y271,CHEMBL1798,CHEMBL3810886,CHEMBL3808985,O=C(CCc1c(C(=O)O)[nH]c2ccccc12)Nc1cccc(/C=C/c2ccc3ccc(Cl)cc3n2)c1,IC50,58.0,nM,=,7.24
CYSLTR1,Q9Y271,CHEMBL1798,CHEMBL3810886,CHEMBL3809164,O=C(O)c1[nH]c2ccccc2c1C(=O)Nc1cccc(/C=C/c2ccc3ccc(Cl)cc3n2)c1,IC50,35.0,nM,=,7.46
CYSLTR1,Q9Y271,CHEMBL1798,CHEMBL3810886,CHEMBL3809230,O=C(/C=C/c1c(C(=O)O)[nH]c2ccccc12)Nc1cccc(/C=C/c2ccc3ccc(Cl)cc3n2)c1,IC50,9.0,nM,=,8.05
CYSLTR1,Q9Y271,CHEMBL1798,CHEMBL3810886,CHEMBL3808880,O=C(/C=C/c1c(C(=O)O)[nH]c2cc(Cl)cc(Cl)c12)Nc1cccc(/C=C/c2ccc3ccc(Cl)cc3n2)c1,IC50,290.0,nM,=,6.54
CYSLTR1,Q9Y271,CHEMBL1798,CHEMBL3810886,CHEMBL3810142,O=C(/C=C/c1c[nH]c2cc(Cl)cc(Cl)c12)OCc1cccc(/C=C/c2ccc3ccc(Cl)cc3n2)c1,IC50,31000.0,nM,=,4.51
CYSLTR1,Q9Y271,CHEMBL1798,CHEMBL3810886,CHEMBL3809628,O=C(/C=C/c1c(C(=O)O)[nH]c2ccccc12)OCc1cccc(/C=C/c2ccc3ccc(Cl)cc3n2)c1,IC50,120.0,nM,=,6.92
CYSLTR1,Q9Y271,CHEMBL1798,CHEMBL3810886,CHEMBL603,COc1cc(C(=O)NS(=O)(=O)c2ccccc2C)ccc1Cc1cn(C)c2ccc(NC(=O)OC3CCCC3)cc12,IC50,14.0,nM,=,7.85
CYSLTR1,Q9Y271,CHEMBL1798,CHEMBL3810886,CHEMBL3810125,O.O=C(Nc1cccc2c(=O)cc(-c3nnn[nH]3)oc12)c1ccc(OCCCCc2ccccc2)cc1,IC50,23.0,nM,=,7.64
CYSLTR1,Q9Y271,CHEMBL1798,CHEMBL3810886,CHEMBL1200681,CC(C)(O)c1ccccc1CC[C@@H](SCC1(CC(=O)[O-])CC1)c1cccc(/C=C/c2ccc3ccc(Cl)cc3n2)c1.[Na+],IC50,310.0,nM,=,6.51
CYSLTR1,Q9Y271,CHEMBL1798,CHEMBL3810886,CHEMBL3810333,N#CCCCCOC(=O)/C=C/c1c(C(=O)O)[nH]c2cc(Cl)cc(Cl)c12,IC50,100000.0,nM,>,
CYSLTR1,Q9Y271,CHEMBL1798,CHEMBL3810886,CHEMBL3809106,CC(C)CCCOC(=O)/C=C/c1c(C(=O)O)[nH]c2cc(Cl)cc(Cl)c12,IC50,100000.0,nM,>,
CYSLTR1,Q9Y271,CHEMBL1798,CHEMBL3810886,CHEMBL3809152,CCCCCOC(=O)/C=C/c1c(C(=O)O)[nH]c2cc(Cl)cc(Cl)c12,IC50,100000.0,nM,>,
CYSLTR1,Q9Y271,CHEMBL1798,CHEMBL3810886,CHEMBL3809862,O=C(/C=C/c1c(C(=O)O)[nH]c2cc(Cl)cc(Cl)c12)OCC1CCCCC1,IC50,100000.0,nM,>,
CYSLTR1,Q9Y271,CHEMBL1798,CHEMBL3810886,CHEMBL3808815,O=C(/C=C/c1c(C(=O)O)[nH]c2cc(Cl)cc(Cl)c12)OC1CCCCC1,IC50,100000.0,nM,>,
CYSLTR1,Q9Y271,CHEMBL1798,CHEMBL3810886,CHEMBL3808722,O=C(/C=C/c1c(C(=O)O)[nH]c2cc(Cl)cc(Cl)c12)OCCCCc1ccccc1,IC50,100000.0,nM,>,
CYSLTR1,Q9Y271,CHEMBL1798,CHEMBL3810886,CHEMBL3810209,O=C(/C=C/c1c(C(=O)O)[nH]c2cc(Cl)cc(Cl)c12)OCCCc1ccccc1,IC50,100000.0,nM,>,
CYSLTR1,Q9Y271,CHEMBL1798,CHEMBL3810886,CHEMBL3810389,O=C(/C=C/c1c(C(=O)O)[nH]c2cc(Cl)cc(Cl)c12)OCCc1ccccc1,IC50,100000.0,nM,>,
CYSLTR1,Q9Y271,CHEMBL1798,CHEMBL3810886,CHEMBL3810094,O=C(/C=C/c1c(C(=O)O)[nH]c2cc(Cl)cc(Cl)c12)OCc1ccccc1,IC50,100000.0,nM,>,
CYSLTR1,Q9Y271,CHEMBL1798,CHEMBL3810886,CHEMBL3809809,O=C(/C=C/c1c(C(=O)O)[nH]c2cc(Cl)cc(Cl)c12)Oc1ccccc1,IC50,100000.0,nM,>,
CYSLTR1,Q9Y271,CHEMBL1798,CHEMBL3810886,CHEMBL3808623,O=C(/C=C/c1c(C(=O)O)[nH]c2cc(Cl)cc(Cl)c12)OCc1cccc(/C=C/c2ccc3ccc(Cl)cc3n2)c1,IC50,660.0,nM,=,6.18
CYSLTR1,Q9Y271,CHEMBL1798,CHEMBL3810886,CHEMBL3342945,O=C(O)c1ccc(OCCCc2ccc(OCCCCOc3ccccc3)cc2)c(C(=O)NC2CCCC(C(=O)O)C2)c1,IC50,2500.0,nM,>,
CYSLTR1,Q9Y271,CHEMBL1798,CHEMBL3810886,CHEMBL3342944,O=C(O)c1ccc(OCCCc2ccc(OCCCCOC3CCCCC3)cc2)c(C(=O)NC2CCCC(C(=O)O)C2)c1,IC50,10000.0,nM,>,
CYSLTR1,Q9Y271,CHEMBL1798,CHEMBL3873876,CHEMBL3892611,CC(=O)c1ccc(OCc2ccc(Oc3cccc(-c4nn[nH]n4)c3)cc2)c(C)c1O,IC50,1430.0,nM,=,5.84
CYSLTR1,Q9Y271,CHEMBL1798,CHEMBL3873876,CHEMBL3920609,CCCc1c(OCc2ccc(Oc3cccc(-c4nn[nH]n4)c3)nc2)ccc(C(C)=O)c1O,IC50,484.0,nM,=,6.32
CYSLTR1,Q9Y271,CHEMBL1798,CHEMBL3873876,CHEMBL3973048,CC(=O)c1ccc(OCc2cccc(Oc3ccc(-c4nn[nH]n4)cn3)c2)c(C(F)(F)F)c1O,IC50,144.0,nM,=,6.84
CYSLTR1,Q9Y271,CHEMBL1798,CHEMBL3873876,CHEMBL3943547,CC(=O)c1ccc(OCc2cccc(Oc3ccc(-c4nn[nH]n4)cn3)c2)c(F)c1O,IC50,1500.0,nM,=,5.82
CYSLTR1,Q9Y271,CHEMBL1798,CHEMBL3873876,CHEMBL3936830,CC(=O)c1ccc(OCc2cccc(Oc3ccc(-c4nn[nH]n4)cn3)c2)c(Cl)c1O,IC50,475.0,nM,=,6.32
CYSLTR1,Q9Y271,CHEMBL1798,CHEMBL3873876,CHEMBL3965244,CC(=O)c1ccc(OCc2cccc(Oc3cc(-c4nn[nH]n4)ccn3)c2)c(C(F)(F)F)c1O,IC50,112.0,nM,=,6.95
CYSLTR1,Q9Y271,CHEMBL1798,CHEMBL3873876,CHEMBL3927834,CC(=O)c1ccc(OCc2cccc(Oc3cc(-c4nn[nH]n4)ccn3)c2)c(Cl)c1O,IC50,342.0,nM,=,6.47
CYSLTR1,Q9Y271,CHEMBL1798,CHEMBL3873876,CHEMBL3899832,CC(=O)c1ccc(OCc2ccc(Oc3cc(-c4nn[nH]n4)ccn3)cc2)c(C)c1O,IC50,24.1,nM,=,7.62
CYSLTR1,Q9Y271,CHEMBL1798,CHEMBL3873876,CHEMBL3918914,CCCc1c(OCc2cccc(Oc3ccc(-c4nn[nH]n4)cn3)c2)ccc(C(C)=O)c1O,IC50,203.0,nM,=,6.69
CYSLTR1,Q9Y271,CHEMBL1798,CHEMBL3873876,CHEMBL3890848,CCCc1c(OCc2cccc(Oc3cc(C(=O)O)ccn3)c2)ccc(C(C)=O)c1O,IC50,73.6,nM,=,7.13
CYSLTR1,Q9Y271,CHEMBL1798,CHEMBL3873876,CHEMBL3909995,CCCc1c(OCc2cccc(Oc3cc(-c4nn[nH]n4)ccn3)c2)ccc(C(C)=O)c1O,IC50,62.4,nM,=,7.21
CYSLTR1,Q9Y271,CHEMBL1798,CHEMBL3873876,CHEMBL3980125,CCCc1c(OCc2cccc(Oc3ncccc3-c3nn[nH]n3)c2)ccc(C(C)=O)c1O,IC50,390.0,nM,=,6.41
CYSLTR1,Q9Y271,CHEMBL1798,CHEMBL3873876,CHEMBL3935529,CCCc1c(OCc2ccc(Oc3ccc(C(=O)O)cn3)cc2)ccc(C(C)=O)c1O,IC50,132.0,nM,=,6.88
CYSLTR1,Q9Y271,CHEMBL1798,CHEMBL3873876,CHEMBL3911282,CCCc1c(OCc2ccc(Oc3ccc(-c4nn[nH]n4)cn3)cc2)ccc(C(C)=O)c1O,IC50,346.0,nM,=,6.46
CYSLTR1,Q9Y271,CHEMBL1798,CHEMBL3873876,CHEMBL3913281,CCCc1c(OCc2ccc(Oc3cc(-c4nn[nH]n4)ccn3)cc2)ccc(C(C)=O)c1O,IC50,200.0,nM,=,6.70
CYSLTR1,Q9Y271,CHEMBL1798,CHEMBL3873876,CHEMBL3945882,CCCc1c(OCc2ccc(Oc3ncccc3-c3nn[nH]n3)cc2)ccc(C(C)=O)c1O,IC50,330.0,nM,=,6.48
CYSLTR1,Q9Y271,CHEMBL1798,CHEMBL4014612,CHEMBL603,COc1cc(C(=O)NS(=O)(=O)c2ccccc2C)ccc1Cc1cn(C)c2ccc(NC(=O)OC3CCCC3)cc12,IC50,1.8,nM,=,8.74
CYSLTR1,Q9Y271,CHEMBL1798,CHEMBL4014612,CHEMBL21333,O=C(Nc1cccc2c(=O)cc(-c3nnn[nH]3)oc12)c1ccc(OCCCCc2ccccc2)cc1,IC50,4.4,nM,=,8.36
CYSLTR1,Q9Y271,CHEMBL1798,CHEMBL4014612,CHEMBL1200681,CC(C)(O)c1ccccc1CC[C@@H](SCC1(CC(=O)[O-])CC1)c1cccc(/C=C/c2ccc3ccc(Cl)cc3n2)c1.[Na+],IC50,2.3,nM,=,8.64
CYSLTR1,Q9Y271,CHEMBL1798,CHEMBL4122596,CHEMBL4128481,COc1ccc2c(N[C@@H](C)Cc3cc(C)[nH]n3)ncnc2c1OC,Inhibition,50.0,%,<,
CYSLTR1,Q9Y271,CHEMBL1798,CHEMBL4134104,CHEMBL4172540,C[C@@H](COc1ccn(-c2ccc(F)cc2)c(=O)c1)Oc1ccccc1,Inhibition,50.0,%,>,
CYSLTR1,Q9Y271,CHEMBL1798,CHEMBL4140866,CHEMBL4160748,COc1ccc(-c2c(C)nn3c(C(F)(F)F)cc(C)nc23)c(F)c1F,Inhibition,50.0,%,<,
CYSLTR1,Q9Y271,CHEMBL1798,CHEMBL4184478,CHEMBL3958704,C/C(=C\COc1ccccc1CN(C)C(=O)c1ccc(-c2ccco2)cc1)CCC(=O)O,Inhibition,20.0,%,<,
CYSLTR1,Q9Y271,CHEMBL1798,CHEMBL4256762,CHEMBL603,COc1cc(C(=O)NS(=O)(=O)c2ccccc2C)ccc1Cc1cn(C)c2ccc(NC(=O)OC3CCCC3)cc12,Kd,0.003981,nM,=,
CYSLTR1,Q9Y271,CHEMBL1798,CHEMBL4256762,CHEMBL431348,COc1cc(C(=O)NS(=O)(=O)c2ccccc2C)ccc1Cc1cn(C)c2ccc(NC(=O)NC3CCCC3)cc12,Kd,0.7943,nM,=,9.10
CYSLTR1,Q9Y271,CHEMBL1798,CHEMBL4256762,CHEMBL4288574,COc1cc(C(=O)NS(=O)(=O)c2ccccc2C)ccc1Cc1cn(C)c2ccc(NC(=O)NC3CCCCC3)cc12,Kd,25.12,nM,=,7.60
CYSLTR1,Q9Y271,CHEMBL1798,CHEMBL4256762,CHEMBL48435,COc1cc(C(=O)NS(=O)(=O)c2ccccc2)ccc1Cc1cn(C)c2ccc(NC(=O)OC3CCCC3)cc12,Kd,0.07943,nM,=,10.10
CYSLTR1,Q9Y271,CHEMBL1798,CHEMBL4256762,CHEMBL4280282,COc1cc(C(=O)NS(=O)(=O)c2cccc(Cl)c2)ccc1Cc1cn(C)c2ccc(NC(=O)OC3CCCC3)cc12,Kd,0.1,nM,=,10.00
CYSLTR1,Q9Y271,CHEMBL1798,CHEMBL4256762,CHEMBL4290919,COc1cc(C(=O)NS(=O)(=O)c2cccc(Cl)c2)ccc1Cc1cn(C)c2ccc(NC(=O)NC3CCCCC3)cc12,Kd,1.259,nM,=,8.90
CYSLTR1,Q9Y271,CHEMBL1798,CHEMBL4256762,CHEMBL4286347,COc1cc(C(=O)NS(=O)(=O)c2cc(Cl)cc(Cl)c2)ccc1Cc1cn(C)c2ccc(NC(=O)NC3CCCCC3)cc12,Kd,6.31,nM,=,8.20
CYSLTR1,Q9Y271,CHEMBL1798,CHEMBL4256762,CHEMBL4294239,COc1cc(C(=O)NS(=O)(=O)c2cccc(C(F)(F)F)c2)ccc1Cc1cn(C)c2ccc(NC(=O)NC3CCCCC3)cc12,Kd,5.012,nM,=,8.30
CYSLTR1,Q9Y271,CHEMBL1798,CHEMBL4256762,CHEMBL4289768,COc1cc(C(=O)NS(=O)(=O)c2cccc(F)c2)ccc1Cc1cn(C)c2ccc(NC(=O)NC3CCCCC3)cc12,Kd,12.59,nM,=,7.90
CYSLTR1,Q9Y271,CHEMBL1798,CHEMBL4256762,CHEMBL4279086,COc1cc(C(=O)NS(=O)(=O)c2ccccc2)ccc1Cc1cn(C)c2ccc(NC(=O)NC3CCCCC3)cc12,Kd,1.995,nM,=,8.70
CYSLTR1,Q9Y271,CHEMBL1798,CHEMBL4311128,CHEMBL4437833,Cc1ncc(-c2ccc(C(C(=O)NO)c3ccccc3F)cc2)cn1,Inhibition,25.0,%,<,
CYSLTR1,Q9Y271,CHEMBL1798,CHEMBL4311128,CHEMBL4456445,O=C(NO)C(c1ccc(-c2ncc(C(F)(F)F)cn2)cc1)c1ccccc1F,Inhibition,25.0,%,<,
CYSLTR1,Q9Y271,CHEMBL1798,CHEMBL4667308,CHEMBL4759521,O=C(Nc1cc(F)c(Br)cc1C(=O)O)c1ccc(SC(F)(F)F)cc1,Inhibition,69.0,%,=,
CYSLTR1,Q9Y271,CHEMBL1798,CHEMBL4667496,CHEMBL4795177,COc1nnc2sc(C(=O)NC3CN(c4ncc(C(F)(F)F)cn4)C3)c(N)c2c1C,Activity,50.0,%,>,
CYSLTR1,Q9Y271,CHEMBL1798,CHEMBL4671111,CHEMBL4761695,[2H]C([2H])([2H])Oc1cc(F)cc2c(N3CCN(c4ccccc4F)CC3)c(C#N)cnc12,Inhibition,50.0,%,<,
CYSLTR1,Q9Y271,CHEMBL1798,CHEMBL4671111,CHEMBL4754102,COc1cccc2c(N3CCN(c4ccccc4F)CC3)c(C#N)cnc12,Inhibition,50.0,%,<,
CYSLTR1,Q9Y271,CHEMBL1798,CHEMBL4676917,CHEMBL578211,CN1C(=O)CC[C@H]1c1cccnc1,Inhibition,50.0,%,<,
CYSLTR1,Q9Y271,CHEMBL1798,CHEMBL4880816,CHEMBL4593677,CC1=C(C#N)C(c2ccc3[nH]nc(C)c3c2)C(C#N)=C(C)N1,Inhibition,8.0,%,=,
CYSLTR1,Q9Y271,CHEMBL1798,CHEMBL4880816,CHEMBL4585243,O=C(O)[C@H]1[C@H](Cn2nnc3ccccc3c2=O)CC[C@@H]1C(=O)c1ccc(OCCC2CCOCC2)cc1,Inhibition,8.0,%,=,
CYSLTR1,Q9Y271,CHEMBL1798,CHEMBL4880816,CHEMBL4521594,NS(=O)(=O)c1cc(NC(=O)Cc2ccccc2)ccc1Oc1cccc(Cl)c1,Inhibition,8.0,%,=,
CYSLTR1,Q9Y271,CHEMBL1798,CHEMBL4880816,CHEMBL4537788,O=C(NCc1ncc(C(F)(F)F)cc1Cl)c1ccc2c(c1)C1(CCS(=O)(=O)CC1)[C@H](C1CC1)N2S(=O)(=O)c1ccc(F)cc1,Inhibition,4.0,%,=,
CYSLTR1,Q9Y271,CHEMBL1798,CHEMBL4880816,CHEMBL4630644,O=C(N1CCS(=O)(=O)CC1)N1C[C@H](c2ccc(OC(F)(F)F)cc2)C[C@H](c2nc(C3CC3)no2)C1,Inhibition,1.0,%,=,
CYSLTR1,Q9Y271,CHEMBL1798,CHEMBL4880816,CHEMBL1800685,O=C(O)c1cc(-c2ccc(C3CCNCC3)cc2)c2ccc(-c3ccc(C(F)(F)F)cc3)cc2c1,Inhibition,97.0,%,=,
CYSLTR1,Q9Y271,CHEMBL1798,CHEMBL4880816,CHEMBL1800685,O=C(O)c1cc(-c2ccc(C3CCNCC3)cc2)c2ccc(-c3ccc(C(F)(F)F)cc3)cc2c1,IC50,560.0,nM,=,6.25
CYSLTR1,Q9Y271,CHEMBL1798,CHEMBL4880816,CHEMBL1800685,O=C(O)c1cc(-c2ccc(C3CCNCC3)cc2)c2ccc(-c3ccc(C(F)(F)F)cc3)cc2c1,Ki,230.0,nM,=,6.64
CYSLTR1,Q9Y271,CHEMBL1798,CHEMBL4880816,CHEMBL1800685,O=C(O)c1cc(-c2ccc(C3CCNCC3)cc2)c2ccc(-c3ccc(C(F)(F)F)cc3)cc2c1,Inhibition,65.0,%,=,
CYSLTR1,Q9Y271,CHEMBL1798,CHEMBL4880816,CHEMBL1800685,O=C(O)c1cc(-c2ccc(C3CCNCC3)cc2)c2ccc(-c3ccc(C(F)(F)F)cc3)cc2c1,Inhibition,13.0,%,=,
CYSLTR1,Q9Y271,CHEMBL1798,CHEMBL4882971,CHEMBL2204538,COCCOc1nc(-c2ccc(Cl)nc2)nc2c1CN(C(=O)c1ncn3ccccc13)CC2,Inhibition,8.0,%,=,
CYSLTR1,Q9Y271,CHEMBL1798,CHEMBL4880816,CHEMBL4549667,CN1C(=O)[C@@H](N2CCc3c(nn(Cc4ccccc4)c3Br)C2=O)COc2ccccc21,Inhibition,5.0,%,=,
CYSLTR1,Q9Y271,CHEMBL1798,CHEMBL4887004,CHEMBL3286797,COc1ccc2cc(OCC3(C(=O)O)CN(C(=O)c4ccc(F)cc4)C3)ccc2c1,Inhibition,2.0,%,=,
CYSLTR1,Q9Y271,CHEMBL1798,CHEMBL5034667,CHEMBL5090753,C[C@H](O)[C@H]1NC(=O)[C@@H]2NC(=O)[C@@H](NC(=O)CN)CSSC[C@H](NC(=O)[C@H](CCCNC(=N)N)NC(=O)[C@@H]3CCCN3C(=O)[C@H](CC(O)O)NC1=O)C(=O)N[C@@H](CCCNC(=N)N)C(=O)N[C@@H](Cc1ccc(O)c(I)c1)C(=O)N[C@@H](CCC(N)=O)C(=O)N[C@H](C(=O)N[C@H](CC(=O)N[C@@H](CCCNC(=N)N)C(=O)O)Cc1ccc(O)cc1)CSCS2,Activity,2.3,%,=,
CYSLTR1,Q9Y271,CHEMBL1798,CHEMBL4880816,CHEMBL5084426,COc1cnccc1Nc1nc(-c2nn(Cc3c(F)cc(OCCO)cc3F)c3ccccc23)ncc1OC,Inhibition,32.0,%,=,
CYSLTR1,Q9Y271,CHEMBL1798,CHEMBL5133039,CHEMBL8747,CCCCCC(O)c1cccc(OCc2ccc3ccccc3n2)c1,IC50,1100.0,nM,=,5.96
CYSLTR1,Q9Y271,CHEMBL1798,CHEMBL5133039,CHEMBL5205127,CC(C)(C)c1ccccc1CC[C@@H](SCC1(CC(=O)O)CC1)c1cccc(/C=C/c2ccc3ccc(Cl)cc3n2)c1,IC50,2.3,nM,=,8.64
CYSLTR1,Q9Y271,CHEMBL1798,CHEMBL5133039,CHEMBL603,COc1cc(C(=O)NS(=O)(=O)c2ccccc2C)ccc1Cc1cn(C)c2ccc(NC(=O)OC3CCCC3)cc12,IC50,0.26,nM,=,9.59
CYSLTR1,Q9Y271,CHEMBL1798,CHEMBL5133039,CHEMBL21333,O=C(Nc1cccc2c(=O)cc(-c3nnn[nH]3)oc12)c1ccc(OCCCCc2ccccc2)cc1,IC50,4.3,nM,=,8.37
CYSLTR1,Q9Y271,CHEMBL1798,CHEMBL5133046,CHEMBL8747,CCCCCC(O)c1cccc(OCc2ccc3ccccc3n2)c1,Inhibition,116.8,%,=,
CYSLTR1,Q9Y271,CHEMBL1798,CHEMBL5133046,CHEMBL5205902,COC(=O)c1ccc(OCc2ccc3ccccc3n2)cc1,Inhibition,48.0,%,=,
CYSLTR1,Q9Y271,CHEMBL1798,CHEMBL5133046,CHEMBL5181326,OCc1ccc(OCc2ccc3ccccc3n2)cc1,Inhibition,85.0,%,=,
CYSLTR1,Q9Y271,CHEMBL1798,CHEMBL5133046,CHEMBL5173307,COC(=O)c1cccc(OCc2ccc3ccccc3n2)c1,Inhibition,85.0,%,=,
CYSLTR1,Q9Y271,CHEMBL1798,CHEMBL5133046,CHEMBL5174405,OCc1cccc(OCc2ccc3ccccc3n2)c1,Inhibition,97.0,%,=,
CYSLTR1,Q9Y271,CHEMBL1798,CHEMBL5133046,CHEMBL5169385,O=C(O)c1cccc(OCc2ccc3ccccc3n2)c1,Inhibition,71.0,%,=,
CYSLTR1,Q9Y271,CHEMBL1798,CHEMBL5133046,CHEMBL5193617,COC(=O)c1cc(O)cc(OCc2ccc3ccccc3n2)c1,Inhibition,59.0,%,=,
CYSLTR1,Q9Y271,CHEMBL1798,CHEMBL5133046,CHEMBL5185938,OCc1cc(O)cc(OCc2ccc3ccccc3n2)c1,Inhibition,26.0,%,=,
CYSLTR1,Q9Y271,CHEMBL1798,CHEMBL5133046,CHEMBL5177797,O=C(O)c1cc(O)cc(OCc2ccc3ccccc3n2)c1,Inhibition,3.0,%,=,
CYSLTR1,Q9Y271,CHEMBL1798,CHEMBL5133046,CHEMBL5189181,CCCOc1cccc(OCc2ccc3ccccc3n2)c1,Inhibition,66.0,%,=,
CYSLTR1,Q9Y271,CHEMBL1798,CHEMBL5133046,CHEMBL5189686,CC(C)Oc1cccc(OCc2ccc3ccccc3n2)c1,Inhibition,79.0,%,=,
CYSLTR1,Q9Y271,CHEMBL1798,CHEMBL5133046,CHEMBL5192002,CCC(C)Oc1cccc(OCc2ccc3ccccc3n2)c1,Inhibition,66.0,%,=,
CYSLTR1,Q9Y271,CHEMBL1798,CHEMBL5133046,CHEMBL18775,CCCCOc1cccc(OCc2ccc3ccccc3n2)c1,Inhibition,4.0,%,=,
CYSLTR1,Q9Y271,CHEMBL1798,CHEMBL5133046,CHEMBL5173976,CCC(C)COc1cccc(OCc2ccc3ccccc3n2)c1,Inhibition,15.0,%,=,
CYSLTR1,Q9Y271,CHEMBL1798,CHEMBL5133046,CHEMBL5172427,CCCCCOc1cccc(OCc2ccc3ccccc3n2)c1,Inhibition,22.0,%,=,
CYSLTR1,Q9Y271,CHEMBL1798,CHEMBL5133047,CHEMBL8747,CCCCCC(O)c1cccc(OCc2ccc3ccccc3n2)c1,IC50,1100.0,nM,=,5.96
CYSLTR1,Q9Y271,CHEMBL1798,CHEMBL5133047,CHEMBL5181326,OCc1ccc(OCc2ccc3ccccc3n2)cc1,IC50,2100.0,nM,=,5.68
CYSLTR1,Q9Y271,CHEMBL1798,CHEMBL5133047,CHEMBL5173307,COC(=O)c1cccc(OCc2ccc3ccccc3n2)c1,IC50,3900.0,nM,=,5.41
CYSLTR1,Q9Y271,CHEMBL1798,CHEMBL5133047,CHEMBL5174405,OCc1cccc(OCc2ccc3ccccc3n2)c1,IC50,1200.0,nM,=,5.92
CYSLTR1,Q9Y271,CHEMBL1798,CHEMBL5133047,CHEMBL5169385,O=C(O)c1cccc(OCc2ccc3ccccc3n2)c1,IC50,2800.0,nM,=,5.55
CYSLTR1,Q9Y271,CHEMBL1798,CHEMBL5133047,CHEMBL5189181,CCCOc1cccc(OCc2ccc3ccccc3n2)c1,IC50,5110.0,nM,=,5.29
CYSLTR1,Q9Y271,CHEMBL1798,CHEMBL5133047,CHEMBL5192002,CCC(C)Oc1cccc(OCc2ccc3ccccc3n2)c1,IC50,9630.0,nM,=,5.02
CYSLTR1,Q9Y271,CHEMBL1798,CHEMBL5133057,CHEMBL451509,CCCCC/C=C\C/C=C\C=C\C=C\[C@@H](SC[C@H](NC(=O)CC[C@H](N)C(=O)O)C(=O)NCC(=O)O)[C@@H](O)CCCC(=O)O,EC50,43.0,nM,=,7.37
CYSLTR1,Q9Y271,CHEMBL1798,CHEMBL5133057,CHEMBL288943,CCCCC/C=C\C/C=C\C=C\C=C\[C@@H](SC[C@H](N)C(=O)NCC(=O)O)[C@@H](O)CCCC(=O)O,EC50,0.9,nM,=,9.05
CYSLTR1,Q9Y271,CHEMBL1798,CHEMBL5133057,CHEMBL509456,CCCCC/C=C\C/C=C\C=C\C=C\[C@@H](SC[C@H](N)C(=O)O)[C@@H](O)CCCC(=O)O,EC50,104.0,nM,=,6.98
CYSLTR1,Q9Y271,CHEMBL1798,CHEMBL4880816,CHEMBL4594444,C[C@H](O)c1nc(Cn2nc(-c3ccc(Cl)cc3)n(C[C@H](O)C(F)(F)F)c2=O)nn1-c1cccc(Cl)c1,Inhibition,5.0,%,=,
