name,pubchem_cid,smiles,canonical_smiles,category,subcategory,mechanism,target,evidence_level,evidence_notes,source_refs,biologic_flag
Cetirizine,2678,C1CN(CCN1CCOCC(=O)O)C(C2=CC=CC=C2)C3=CC=C(C=C3)Cl,O=C(O)COCCN1CCN(C(c2ccccc2)c2ccc(Cl)cc2)CC1,rescue,H1 antihistamine (second-gen),Selective peripheral H1 receptor antagonist,HRH1,high,"First-line MCAS rescue; reduces histamine-driven urticaria, pruritus, rhinorrhea.",Afrin LB et al. 2020 MCAS consensus-2,
Loratadine,3957,CCOC(=O)N1CCC(=C2C3=C(CCC4=C2N=CC=C4)C=C(C=C3)Cl)CC1,CCOC(=O)N1CCC(=C2c3ccc(Cl)cc3CCc3cccnc32)CC1,rescue,H1 antihistamine (second-gen),Selective peripheral H1 receptor antagonist,HRH1,high,Non-sedating alternative; common in MCAS step-1 protocols.,Afrin LB et al. 2020,
Fexofenadine,3348,CC(C)(C1=CC=C(C=C1)C(CCCN2CCC(CC2)C(C3=CC=CC=C3)(C4=CC=CC=C4)O)O)C(=O)O,CC(C)(C(=O)O)c1ccc(C(O)CCCN2CCC(C(O)(c3ccccc3)c3ccccc3)CC2)cc1,rescue,H1 antihistamine (second-gen),Selective peripheral H1 receptor antagonist,HRH1,high,"Often used at 2-4x standard dose in MCAS per consensus. Large (502 Da), zwitterionic, P-glycoprotein substrate — by design peripherally-restricted. Oral only; buccal/sublingual route NOT expected to give fast onset.",Afrin LB et al. 2020,
Hydroxyzine,3658,C1CN(CCN1CCOCCO)C(C2=CC=CC=C2)C3=CC=C(C=C3)Cl,OCCOCCN1CCN(C(c2ccccc2)c2ccc(Cl)cc2)CC1,rescue,H1 antihistamine (first-gen),H1 antagonist + anxiolytic; crosses BBB,HRH1,high,Used for sleep + neuro symptoms in MCAS.,Akin C 2017 NEJM review,
Diphenhydramine,3100,CN(C)CCOC(C1=CC=CC=C1)C2=CC=CC=C2,CN(C)CCOC(c1ccccc1)c1ccccc1,rescue,H1 antihistamine (first-gen),H1 antagonist; rescue route for anaphylaxis,HRH1,high,"Acute rescue; sedating. Small (255 Da), lipophilic (logP 3.3), single tertiary amine — chemistry strongly favors buccal / sublingual / IM rescue with fast onset (5-15 min).",Anaphylaxis guidelines,
Famotidine,3325,C1=C(N=C(S1)N=C(N)N)CSCCC(=NS(=O)(=O)N)N,NC(N)=Nc1nc(CSCCC(N)=NS(N)(=O)=O)cs1,rescue,H2 antihistamine,H2 receptor antagonist,HRH2,high,Standard with H1 in MCAS; GI + systemic histamine.,Afrin LB et al. 2020,
Ranitidine,3001055,CN/C(=C\[N+](=O)[O-])/NCCSCC1=CC=C(O1)CN(C)C,CN/C(=C\[N+](=O)[O-])NCCSCc1ccc(CN(C)C)o1,rescue,H2 antihistamine,H2 receptor antagonist,HRH2,medium,Withdrawn 2020 (NDMA impurity). Included for SAR/reference only.,FDA 2020,
Cromolyn sodium,27686,C1=CC2=C(C(=C1)OCC(COC3=CC4=C(C=C3)OC(=CC4=O)C(=O)O)O)C(=O)C=C(O2)C(=O)O,O=C(O)c1cc(=O)c2cc(OCC(O)COc3cccc4oc(C(=O)O)cc(=O)c34)ccc2o1,rescue,Mast cell stabilizer,Inhibits mast cell degranulation; reduces Ca2+ influx,Mast cell membrane / Ca channels,high,Oral (Gastrocrom) for GI MCAS; poorly absorbed systemically. Disodium salt makes it incompatible with buccal absorption.,Approved MCAS therapy,
Ketotifen,3827,CN1CCC(=C2C3=C(C(=O)CC4=CC=CC=C42)SC=C3)CC1,CN1CCC(=C2c3ccccc3CC(=O)c3sccc32)CC1,rescue,Dual H1 + stabilizer,H1 antagonist + mast cell stabilizer,HRH1; mast cell membrane,high,Off-label in US; widely used by MCAS clinicians.,Molderings 2016 consensus-1,
Ascorbic acid,54670067,C([C@@H]([C@@H]1C(=C(C(=O)O1)O)O)O)O,O=C1O[C@H]([C@@H](O)CO)C(O)=C1O,rescue,Vitamin / antioxidant,Accelerates histamine degradation; antioxidant; cofactor for DAO,Histamine metabolism; ROS,medium,Adjunct; supports DAO activity.,Johnston 1996,
Quercetin,5280343,C1=CC(=C(C=C1C2=C(C(=O)C3=C(C=C(C=C3O2)O)O)O)O)O,O=c1c(O)c(-c2ccc(O)c(O)c2)oc2cc(O)cc(O)c12,rescue,Flavonoid stabilizer,"Inhibits PKC, Ca2+ influx, histamine + tryptase + cytokine release",Mast cell signaling; FcεRI downstream,high,Outperforms cromolyn in human mast cell assays for some readouts.,Weng Z et al. 2012 PLOS ONE; Theoharides 2015,
Bromelain,,,,rescue,Proteolytic enzyme (pineapple),Reduces allergic inflammation; possible histamine modulation,Inflammation pathways,medium,Adjunct in allergic rhinitis; mechanism not fully resolved.,Pavan 2012,enzyme_mixture
Stinging nettle leaf,,,,rescue,Herbal antihistamine,Natural H1 antagonism + COX/LOX inhibition; multi-component,HRH1; eicosanoid pathways,medium,Standardized extracts (Urtica dioica) studied in allergic rhinitis.,Roschek 2009,plant_extract
Diamine oxidase (DAO),,,,rescue,Histamine-degrading enzyme,Degrades dietary histamine in the gut lumen pre-absorption,Dietary histamine,medium,Taken before high-histamine meals; useful in histamine intolerance subset.,Comas-Baste 2020,enzyme
Montelukast,5281040,CC(C)(C1=CC=CC=C1CC[C@H](C2=CC=CC(=C2)/C=C/C3=NC4=C(C=CC(=C4)Cl)C=C3)SCC5(CC5)CC(=O)O)O,CC(C)(O)c1ccccc1CC[C@@H](SCC1(CC(=O)O)CC1)c1cccc(/C=C/c2ccc3ccc(Cl)cc3n2)c1,maintenance,Leukotriene receptor antagonist,CysLT1 receptor antagonist; blocks LTD4/LTE4,CYSLTR1,high,Standard MCAS maintenance; respiratory + GI symptoms.,Afrin LB et al. 2020,
Naltrexone (low-dose),5360515,C1CC1CN2CC[C@]34[C@@H]5C(=O)CC[C@]3([C@H]2CC6=C4C(=C(C=C6)O)O5)O,O=C1CC[C@@]2(O)[C@H]3Cc4ccc(O)c5c4[C@@]2(CCN3CC2CC2)[C@H]1O5,maintenance,Opioid antagonist (LDN),TLR4 antagonism; glial / immune modulation at low dose,TLR4; opioid receptors,medium,"Anecdotal in MCAS, fibromyalgia, autoimmune; off-label.",Younger 2014,
Luteolin,5280445,C1=CC(=C(C=C1C2=CC(=O)C3=C(C=C(C=C3O2)O)O)O)O,O=c1cc(-c2ccc(O)c(O)c2)oc2cc(O)cc(O)c12,maintenance,Flavonoid stabilizer,"Inhibits PKC, NF-kB, mast cell + microglia activation; crosses BBB",Mast cell + neuroinflammation,high,Stronger than quercetin in several neuro-mast-cell assays.,Theoharides 2015; Kempuraj 2015,
Curcumin,969516,COC1=C(C=CC(=C1)/C=C/C(=O)CC(=O)/C=C/C2=CC(=C(C=C2)O)OC)O,COc1cc(/C=C/C(=O)CC(=O)/C=C/c2ccc(O)c(OC)c2)ccc1O,maintenance,Polyphenol,NF-kB inhibition; Nrf2 activation; antioxidant,NF-kB; Nrf2; multi-target,high,Phytosomal forms (Meriva) improve bioavailability.,Gupta 2013,
EGCG,65064,C1[C@H]([C@H](OC2=CC(=CC(=C21)O)O)C3=CC(=C(C(=C3)O)O)O)OC(=O)C4=CC(=C(C(=C4)O)O)O,O=C(O[C@@H]1Cc2c(O)cc(O)cc2O[C@@H]1c1cc(O)c(O)c(O)c1)c1cc(O)c(O)c(O)c1,maintenance,Catechin (green tea),Mast cell stabilization; antioxidant; Nrf2 activator,Mast cell membrane; Nrf2,high,Polyphenol with broad anti-allergic effects.,Maeda-Yamamoto 2004,
Resveratrol,445154,C1=CC(=CC=C1/C=C/C2=CC(=CC(=C2)O)O)O,Oc1ccc(/C=C/c2cc(O)cc(O)c2)cc1,maintenance,Stilbene polyphenol,Sirtuin / Nrf2 activator; MRGPRX2 inhibition,SIRT1; Nrf2; MRGPRX2,high,Inhibits non-IgE pseudo-allergic activation.,Wang J 2018,
Silibinin,31553,COC1=C(C=CC(=C1)[C@@H]2[C@H](OC3=C(O2)C=C(C=C3)[C@@H]4[C@H](C(=O)C5=C(C=C(C=C5O4)O)O)O)CO)O,COc1cc([C@H]2Oc3cc([C@H]4Oc5cc(O)cc(O)c5C(=O)[C@@H]4O)ccc3O[C@@H]2CO)ccc1O,maintenance,Flavonolignan (milk thistle),Hepatoprotective; antioxidant; mast cell modulation,Liver phase II; oxidative stress,medium,Active component of silymarin complex.,Surai 2015,
Apigenin,5280443,C1=CC(=CC=C1C2=CC(=O)C3=C(C=C(C=C3O2)O)O)O,O=c1cc(-c2ccc(O)cc2)oc2cc(O)cc(O)c12,maintenance,Flavonoid (chamomile),Mast cell stabilizer; NF-kB inhibition,Mast cell signaling,medium,Synergizes with quercetin/luteolin.,Kashyap 2018,
Kaempferol,5280863,C1=CC(=CC=C1C2=C(C(=O)C3=C(C=C(C=C3O2)O)O)O)O,O=c1c(O)c(-c2ccc(O)cc2)oc2cc(O)cc(O)c12,maintenance,Flavonoid,Antioxidant; anti-inflammatory; mast cell modulation,Multi-target polyphenol,medium,Common dietary flavonoid; broad signaling effects.,Calderon-Montano 2011,
Hesperidin,10621,C[C@H]1[C@@H]([C@H]([C@H]([C@@H](O1)OC[C@@H]2[C@H]([C@@H]([C@H]([C@@H](O2)OC3=CC(=C4C(=O)C[C@H](OC4=C3)C5=CC(=C(C=C5)OC)O)O)O)O)O)O)O)O,COc1ccc([C@@H]2CC(=O)c3c(O)cc(O[C@@H]4O[C@H](CO[C@@H]5O[C@@H](C)[C@H](O)[C@@H](O)[C@H]5O)[C@@H](O)[C@H](O)[C@H]4O)cc3O2)cc1O,maintenance,Flavanone glycoside (citrus),Anti-inflammatory; capillary stabilization,Vascular / mast cell,medium,Studied in allergic rhinitis.,Garg 2001,
Rutin,5280805,C[C@H]1[C@@H]([C@H]([C@H]([C@@H](O1)OC[C@@H]2[C@H]([C@@H]([C@H]([C@@H](O2)OC3=C(OC4=CC(=CC(=C4C3=O)O)O)C5=CC(=C(C=C5)O)O)O)O)O)O)O)O,C[C@@H]1O[C@@H](OC[C@H]2O[C@@H](Oc3c(-c4ccc(O)c(O)c4)oc4cc(O)cc(O)c4c3=O)[C@H](O)[C@@H](O)[C@@H]2O)[C@H](O)[C@H](O)[C@H]1O,maintenance,Flavonol glycoside,Antioxidant; histamine release inhibition,Mast cell + ROS,medium,Quercetin-3-rutinoside; lower bioavailability.,Ganeshpurkar 2017,
Myricitrin,5281673,C[C@H]1[C@@H]([C@H]([C@H]([C@@H](O1)OC2=C(OC3=CC(=CC(=C3C2=O)O)O)C4=CC(=C(C(=C4)O)O)O)O)O)O,C[C@@H]1O[C@@H](Oc2c(-c3cc(O)c(O)c(O)c3)oc3cc(O)cc(O)c3c2=O)[C@H](O)[C@H](O)[C@H]1O,maintenance,Flavonol glycoside,Antioxidant; anti-allergic,ROS; mast cell,low,Less-studied flavonoid worth SAR exploration.,Domitrovic 2015,
Cholecalciferol (Vitamin D3),5280795,C[C@H](CCCC(C)C)[C@H]1CC[C@@H]\2[C@@]1(CCC/C2=C\C=C/3\C[C@H](CCC3=C)O)C,C=C1CC[C@H](O)C/C1=C/C=C1\CCC[C@]2(C)[C@@H]([C@H](C)CCCC(C)C)CC[C@@H]12,maintenance,Secosteroid hormone precursor,Immunomodulation; mast cell stability; T-reg support,VDR,high,Deficiency common in MCAS; correction reduces flare frequency.,Yip 2014,
Calcitriol,5280453,C[C@H](CCCC(C)(C)O)[C@H]1CC[C@@H]\2[C@@]1(CCC/C2=C\C=C/3\C[C@H](C[C@@H](C3=C)O)O)C,C=C1/C(=C\C=C2/CCC[C@]3(C)[C@@H]([C@H](C)CCCC(C)(C)O)CC[C@@H]23)C[C@@H](O)C[C@@H]1O,maintenance,Active vitamin D,VDR agonist; downregulates mast cell IgE response,VDR,medium,Active hormone; clinical use mainly in renal disease.,Biggs 2010,
Docosahexaenoic acid (DHA),445580,CC/C=C\C/C=C\C/C=C\C/C=C\C/C=C\C/C=C\CCC(=O)O,CC/C=C\C/C=C\C/C=C\C/C=C\C/C=C\C/C=C\CCC(=O)O,maintenance,Omega-3 fatty acid,SPM precursor; anti-inflammatory; membrane modulation,Resolvins / Protectins,high,Reduces systemic inflammation; supports membrane stability.,Calder 2017,
Eicosapentaenoic acid (EPA),446284,CC/C=C\C/C=C\C/C=C\C/C=C\C/C=C\CCCC(=O)O,CC/C=C\C/C=C\C/C=C\C/C=C\C/C=C\CCCC(=O)O,maintenance,Omega-3 fatty acid,SPM precursor; reduces LTB4; mast cell modulation,Eicosanoid pathway,high,Co-administered with DHA in fish oil.,Calder 2017,
Butyric acid,264,CCCC(=O)O,CCCC(=O)O,maintenance,Short-chain fatty acid,HDAC inhibition; gut barrier reinforcement; Treg induction,GPR43; HDAC,medium,Microbiome-derived; supports gut-mast axis.,Wang 2018,
N-Acetylcysteine (NAC),12035,CC(=O)N[C@@H](CS)C(=O)O,CC(=O)N[C@@H](CS)C(=O)O,maintenance,Antioxidant / glutathione precursor,GSH replenishment; ROS scavenging; Nrf2 activation (indirect),GSH pool; ROS,medium,Supports oxidative-stress reduction upstream.,Aldini 2018,
Taurine,1123,C(CS(=O)(=O)O)N,NCCS(=O)(=O)O,maintenance,Amino sulfonic acid,Membrane stabilization; osmoregulation; anti-inflammatory,Mast cell membrane; GABA,low,Down-regulates degranulation in some assays.,Schaffer 2014,
Alpha-lipoic acid,864,C1CSSC1CCCCC(=O)O,O=C(O)CCCCC1CCSS1,maintenance,Antioxidant,Recycles GSH/Vit C/E; Nrf2 activator,Antioxidant network,medium,Neuroprotective; mitochondrial support.,Shay 2009,
Biotin,171548,C1[C@H]2[C@@H]([C@@H](S1)CCCCC(=O)O)NC(=O)N2,O=C(O)CCCC[C@@H]1SC[C@@H]2NC(=O)N[C@@H]21,maintenance,B vitamin,Cofactor for carboxylases; downregulates degranulation (animal data),Carboxylase enzymes,low,Adjunct only; weak direct evidence.,Said 2011,
Baicalein,5281605,C1=CC=C(C=C1)C2=CC(=O)C3=C(O2)C=C(C(=C3O)O)O,O=c1cc(-c2ccccc2)oc2cc(O)c(O)c(O)c12,maintenance,Flavone (Scutellaria baicalensis),Potent mast cell stabilizer; 12-LOX inhibitor,Mast cell; LOX,high,Strong inhibition of histamine + leukotriene release.,Hsieh 2007,
Rosmarinic acid,5281792,C1=CC(=C(C=C1C[C@H](C(=O)O)OC(=O)/C=C/C2=CC(=C(C=C2)O)O)O)O,O=C(/C=C/c1ccc(O)c(O)c1)O[C@H](Cc1ccc(O)c(O)c1)C(=O)O,maintenance,"Polyphenol (Perilla, rosemary)",Anti-allergic; mast cell stabilization,Mast cell; complement,high,Studied in seasonal allergy trials.,Takano 2004,
Thymoquinone,10281,CC1=CC(=O)C(=CC1=O)C(C)C,CC1=CC(=O)C(C(C)C)=CC1=O,maintenance,Quinone (Nigella sativa),Anti-inflammatory; histamine pathway inhibition,NF-kB; mast cell,high,Active component of black cumin seed oil.,Boskabady 2010,
6-Gingerol,442793,CCCCC[C@@H](CC(=O)CCC1=CC(=C(C=C1)O)OC)O,CCCCC[C@H](O)CC(=O)CCc1ccc(O)c(OC)c1,maintenance,Phenol (Zingiber),Anti-inflammatory; prostaglandin inhibition; mast cell stability,COX; mast cell,medium,Common GI-supportive natural.,Semwal 2015,
Aspirin (acetylsalicylic acid),2244,CC(=O)OC1=CC=CC=C1C(=O)O,CC(=O)Oc1ccccc1C(=O)O,remission,NSAID / prostaglandin modulator,COX-1/2 inhibition; PGD2 suppression,COX,medium,Used in prostaglandin-high MCAS subset under clinical supervision (NSAID-tolerant only).,Butterfield 2009,
Masitinib,10074640,CC1=C(C=C(C=C1)NC(=O)C2=CC=C(C=C2)CN3CCN(CC3)C)NC4=NC(=CS4)C5=CN=CC=C5,Cc1ccc(NC(=O)c2ccc(CN3CCN(C)CC3)cc2)cc1Nc1nc(-c2cccnc2)cs1,remission,Tyrosine kinase inhibitor,"KIT, LYN, FYN inhibition",KIT,high,Phase 3 trials for severe indolent systemic mastocytosis / severe MCAS.,Lortholary 2017,
Sulforaphane,5350,CS(=O)CCCCN=C=S,CS(=O)CCCCN=C=S,remission,Isothiocyanate (broccoli sprout),Covalent KEAP1 modifier (Cys-151/273/288 isothiocyanate adduct) -> Nrf2 stabilization + nuclear translocation; HO-1 / NQO1 induction; NF-kB / caspase-1 inhibition; epigenetic (DNMT/HDAC) modulation,KEAP1 (Q14145); epigenetic,high,"Upstream rescue candidate for oxidative + epigenetic 'injury'; suppresses mast cell degranulation in vitro. Small (177 Da), modestly lipophilic — absorbs sublingually from chewed broccoli sprouts (myrosinase activation in mouth).",Houghton 2013; Yang 2017,
Glucoraphanin,9548634,CS(=O)CCCC/C(=N\OS(=O)(=O)O)/S[C@H]1[C@@H]([C@H]([C@@H]([C@H](O1)CO)O)O)O,CS(=O)CCCC/C(=N\OS(=O)(=O)O)S[C@@H]1O[C@H](CO)[C@@H](O)[C@H](O)[C@H]1O,remission,Sulforaphane precursor,Converted to sulforaphane by myrosinase; same downstream Nrf2 activation,KEAP1 (via SFN),high,Bioavailability depends on co-administered myrosinase or gut bacteria.,Fahey 2015,
Semaglutide,,,,remission,GLP-1 receptor agonist,GLP-1R agonism; broad anti-inflammatory; possible direct mast cell stabilization,GLP1R,high,2025 refractory-MCAS case series: ~89% response. Peptide — no canonical small-molecule SMILES.,2025 MCAS GLP-1 case series,peptide_glp1ra
Tirzepatide,,,,remission,GLP-1/GIP dual agonist,Dual GLP-1R + GIPR agonism; anti-inflammatory; metabolic stabilization,GLP1R; GIPR,high,Same 2025 case series cohort. Peptide.,2025 MCAS GLP-1 case series,peptide_glp1ra_gipra
Omalizumab,,,,remission,Anti-IgE biologic,Binds free IgE; downregulates FcεRI surface expression on mast cells/basophils,IgE; FCER1A,high,Approved for chronic spontaneous urticaria; off-label in MCAS. Antibody — no SMILES.,Lieberoth 2015,monoclonal_antibody_anti_ige
Avapritinib,71576428,B1(C2=C(C=CC(=C2)CNC(=O)C3=CC=C(N4C3=CC=C4)C5=NO[C@](C5)(C6=CC(=C(C(=C6)Cl)F)Cl)C(F)(F)F)C(O1)(C)C)O,CC1(C)OB(O)c2cc(CNC(=O)c3ccc(C4=NO[C@](c5cc(Cl)c(F)c(Cl)c5)(C(F)(F)F)C4)n4cccc34)ccc21,remission,Selective KIT D816V inhibitor,Selective KIT D816V tyrosine kinase inhibition,KIT,high,FDA-approved for advanced systemic mastocytosis (2021).,Gotlib 2021,
Iberin,10455,CS(=O)CCCN=C=S,CS(=O)CCCN=C=S,remission,Natural isothiocyanate (Brassica),Covalent KEAP1 modifier (Cys); Nrf2 activator; shorter-chain SFN analog,KEAP1 (Q14145),medium,"Found in cabbage, broccoli. Same warhead as SFN; one CH2 shorter.",Vermeulen 2003,
Erucin,78160,CSCCCCN=C=S,CSCCCCN=C=S,remission,Natural isothiocyanate (Brassica),Sulfide form of SFN; reduced + bioequivalent in vivo via S-oxidation; covalent KEAP1 modifier,KEAP1 (Q14145),high,Found in arugula / Eruca sativa. Plasma half-life longer than SFN; interconverts in vivo.,Melchini 2010,
Sulforaphene,6433206,CS(=O)/C=C/CCN=C=S,CS(=O)/C=C/CCN=C=S,remission,Natural isothiocyanate (radish),Covalent KEAP1 modifier; unsaturated SFN homolog with potentially stronger Nrf2 activation,KEAP1 (Q14145),medium,From radish seeds (Raphanus sativus). C2=C3 double bond vs SFN.,Pocasap 2020,
Allyl isothiocyanate,5971,C=CCN=C=S,C=CCN=C=S,remission,Natural isothiocyanate (mustard),Covalent KEAP1 modifier; TRPA1 agonist (pungent),KEAP1; TRPA1,medium,From mustard / horseradish / wasabi. Smaller and more volatile than SFN.,Wagner 2004,
Benzyl isothiocyanate,2346,C1=CC=C(C=C1)CN=C=S,S=C=NCc1ccccc1,remission,Natural isothiocyanate (papaya / garden cress),Covalent KEAP1 modifier; broader cytotoxic profile,KEAP1 (Q14145),medium,"From garden cress, papaya seeds. Aromatic distal anchor; explores another pharmacophore class.",Nakamura 2002,
Phenethyl isothiocyanate,16741,C1=CC=C(C=C1)CCN=C=S,S=C=NCCc1ccccc1,remission,Natural isothiocyanate (watercress),Covalent KEAP1 modifier; HDAC inhibition; well-studied chemopreventive,KEAP1; HDAC,high,From watercress (Nasturtium officinale). Strong Nrf2 + epigenetic activity.,Cheung 2010,
Midostaurin,9829523,C[C@@]12[C@@H]([C@@H](C[C@@H](O1)N3C4=CC=CC=C4C5=C6C(=C7C8=CC=CC=C8N2C7=C53)CNC6=O)N(C)C(=O)C9=CC=CC=C9)OC,CO[C@@H]1[C@H](N(C)C(=O)c2ccccc2)C[C@H]2O[C@]1(C)n1c3ccccc3c3c4c(c5c6ccccc6n2c5c31)C(=O)NC4,remission,Multi-kinase inhibitor,"KIT, FLT3, PKC inhibition",KIT; FLT3,high,Approved for advanced systemic mastocytosis.,Gotlib 2016,
Cannabidiol,644019,CCCCCC1=CC(=C(C(=C1)O)[C@@H]2C=C(CC[C@H]2C(=C)C)C)O,C=C(C)[C@@H]1CCC(C)=C[C@H]1c1c(O)cc(CCCCC)cc1O,maintenance,Phytocannabinoid (non-intoxicating),CB2 weak agonist + TRPV1/TRPA1 modulator + 5-HT1A partial agonist; mast-cell stabilizer in vitro; PPAR-gamma; some Nrf2 induction,CNR2; TRPV1; 5-HT1A,medium,Multiple in vitro studies show inhibition of mast-cell degranulation; clinical anti-inflammatory data in epilepsy + atopic conditions. CBD-rich extracts anecdotally reported in MCAS communities.,Vuolo 2019; Petrosino 2018,
Cannabigerol,5315659,CCCCCC1=CC(=C(C(=C1)O)C/C=C(\C)/CCC=C(C)C)O,CCCCCc1cc(O)c(C/C=C(\C)CCC=C(C)C)c(O)c1,maintenance,Phytocannabinoid (non-intoxicating),CB1/CB2 weak partial agonist; alpha-2 adrenergic agonist; 5-HT1A antagonist; anti-inflammatory,CNR2; ADRA2A,low,Parent cannabinoid; less mast-cell data than CBD but anti-inflammatory profile + emerging interest in IBD/skin conditions.,Borrelli 2013,
Cannabichromene,30219,CCCCCC1=CC(=C2C=CC(OC2=C1)(C)CCC=C(C)C)O,CCCCCc1cc(O)c2c(c1)OC(C)(CCC=C(C)C)C=C2,maintenance,Phytocannabinoid (non-intoxicating),TRPA1 agonist; endocannabinoid-system modulator; anti-inflammatory,CNR2; TRPA1,low,Less-studied minor cannabinoid; preclinical anti-inflammatory + analgesic effects.,DeLong 2010,
Cannabinol,2543,CCCCCC1=CC(=C2C(=C1)OC(C3=C2C=C(C=C3)C)(C)C)O,CCCCCc1cc(O)c2c(c1)OC(C)(C)c1ccc(C)cc1-2,maintenance,Phytocannabinoid (oxidative degradation product of THC),CB2-biased partial agonist; sedative,CNR2,low,Forms as THC oxidizes; CB2-biased profile of interest for peripheral immune modulation.,Rhee 1997,
Delta-9-THC,16078,CCCCCC1=CC(=C2[C@@H]3C=C(CC[C@H]3C(OC2=C1)(C)C)C)O,CCCCCc1cc(O)c2c(c1)OC(C)(C)[C@@H]1CCC(C)=C[C@@H]21,maintenance,"Phytocannabinoid (intoxicating; controlled substance, US Schedule I as of pre-2024 status)",CB1/CB2 partial agonist; mast-cell-stabilizing in vitro via CB2,CNR1; CNR2,medium,Bisogno 1997 / Facci 1995 showed THC inhibits mast-cell degranulation in vitro. Regulatory caveat: Schedule I in US; DEA rescheduling under review. Listed for in-silico scoring only.,Bisogno 1997; Facci 1995,
Delta-8-THC,2978,CCCCCC1=CC(=C2C3C=C(CCC3C(OC2=C1)(C)C)C)O,CCCCCc1cc(O)c2c(c1)OC(C)(C)C1CCC(C)=CC21,maintenance,Phytocannabinoid (intoxicating but less potent than delta-9),CB1/CB2 agonist; biased toward CB2 vs delta-9,CNR1; CNR2,low,Position isomer of delta-9-THC. Federal hemp-derived legal status in US under 2018 Farm Bill; rapidly evolving.,Hollister 1973,
Tetrahydrocannabivarin,93147,CCCC1=CC(=C2[C@@H]3C=C(CC[C@H]3C(OC2=C1)(C)C)C)O,CCCc1cc(O)c2c(c1)OC(C)(C)[C@@H]1CCC(C)=C[C@@H]21,maintenance,Phytocannabinoid (propyl analog of THC),CB1 neutral antagonist + CB2 partial agonist (dose-dependent),CNR1; CNR2,low,Propyl side chain in place of THC's pentyl. Anti-inflammatory + appetite suppressant profile in preclinical work.,Pertwee 2008,
Cannabidivarin,11601669,CCCC1=CC(=C(C(=C1)O)[C@@H]2C=C(CC[C@H]2C(=C)C)C)O,C=C(C)[C@@H]1CCC(C)=C[C@H]1c1c(O)cc(CCC)cc1O,maintenance,Phytocannabinoid (propyl analog of CBD),TRPA1/TRPV1 modulator; CB1/CB2 weak affinity; anti-inflammatory,TRPA1; TRPV1,low,Non-intoxicating CBD analog. Some seizure trials. Less mast-cell data than CBD.,Iannotti 2014,
Palmitoylethanolamide,4671,CCCCCCCCCCCCCCCC(=O)NCCO,CCCCCCCCCCCCCCCC(=O)NCCO,maintenance,Endocannabinoid-like fatty-acid amide (ALIAmide),"PPAR-alpha agonist + indirect endocannabinoid 'entourage' (raises AEA tone) + direct mast-cell stabilization (ALIA pathway, Levi-Montalcini coinage)",PPARA; CNR2 (indirect),high,"Strongest non-rx natural-product mast-cell-stabilizer evidence base. ~30 clinical trials in pain, atopy, IBD. Used as ultra-micronized formulation (Normast, PeaPure). Safe; no abuse potential.",Aloe 1993 (Levi-Montalcini); Petrosino 2016; Skaper 2015,
Oleoylethanolamide,5283454,CCCCCCCC/C=C\CCCCCCCC(=O)NCCO,CCCCCCCC/C=C\CCCCCCCC(=O)NCCO,maintenance,Endocannabinoid-like fatty-acid amide,PPAR-alpha agonist; anti-inflammatory + satiety signal,PPARA,low,PEA's mono-unsaturated congener. Less direct mast-cell data; included for class completeness.,Fu 2003,
Anandamide,5281969,CCCCC/C=C\C/C=C\C/C=C\C/C=C\CCCC(=O)NCCO,CCCCC/C=C\C/C=C\C/C=C\C/C=C\CCCC(=O)NCCO,maintenance,Endocannabinoid (endogenous),CB1/CB2 partial agonist + TRPV1; endogenous endocannabinoid,CNR1; CNR2; TRPV1,low,Endogenous; pharmacological supplementation is impractical (rapid FAAH degradation). Scored for class context; therapeutic targeting is via FAAH inhibitors (not in library).,Devane 1992,
2-Arachidonoylglycerol,5282280,CCCCC/C=C\C/C=C\C/C=C\C/C=C\CCCC(=O)OC(CO)CO,CCCCC/C=C\C/C=C\C/C=C\C/C=C\CCCC(=O)OC(CO)CO,maintenance,Endocannabinoid (endogenous),CB1/CB2 full agonist; major endocannabinoid signal,CNR1; CNR2,low,Endogenous; rapid MAGL degradation; supplementation impractical. Class anchor.,Mechoulam 1995,
Beta-caryophyllene,5281515,C/C/1=C\CCC(=C)[C@H]2CC([C@@H]2CC1)(C)C,C=C1CC/C=C(\C)CC[C@@H]2[C@@H]1CC2(C)C,maintenance,Sesquiterpene (selective CB2 agonist),Selective CB2 agonist (Ki ~155 nM) — unique among dietary terpenes; mast-cell stabilizer; anti-inflammatory in colitis/arthritis models,CNR2,medium,"Found in black pepper, cloves, hops, cannabis. FDA GRAS food additive — only CB2 agonist with that status. Strongest single-terpene case for MCAS-axis activity.",Gertsch 2008; Bento 2011,
Alpha-humulene,5281520,C/C/1=C\CC(/C=C/C/C(=C/CC1)/C)(C)C,C/C1=C\CC/C(C)=C/CC(C)(C)/C=C/C1,maintenance,Sesquiterpene,Anti-inflammatory (TNF-alpha / IL-1beta suppression); analgesic,TNF (downstream),low,Co-occurs with beta-caryophyllene; weaker CB2 affinity than caryophyllene but anti-inflammatory in airway + colitis models.,Fernandes 2007,
Alpha-pinene,6654,CC1=CCC2CC1C2(C)C,CC1=CCC2CC1C2(C)C,maintenance,Monoterpene,Bronchodilator; acetylcholinesterase inhibitor (mild); anti-inflammatory,AChE (mild),low,"Pine, rosemary, conifers. Bronchodilator profile of interest for respiratory MCAS phenotype. Also a documented MCAS VOC trigger for some individuals — bidirectional.",Falk 1990,
Beta-pinene,14896,CC1(C2CCC(=C)C1C2)C,C=C1CCC2CC1C2(C)C,maintenance,Monoterpene,Anti-inflammatory; anti-microbial; bronchodilator,—,low,Position isomer of alpha-pinene. Similar bidirectional VOC behavior in MCAS.,Salehi 2019,
D-Limonene,22311,CC1=CCC(CC1)C(=C)C,C=C(C)C1CC=C(C)CC1,maintenance,Monoterpene (citrus),Anti-inflammatory; GSH induction; mast-cell stabilization (LAD2 in vitro),—,medium,Citrus peel oil. Hirota 2010 showed inhibition of mast-cell-mediated allergic inflammation. Also a top-tier MCAS VOC trigger in fragrance reports — strongly bidirectional.,Hirota 2010,
Linalool,6549,CC(=CCCC(C)(C=C)O)C,C=CC(C)(O)CCC=C(C)C,maintenance,Monoterpene alcohol (lavender),Anxiolytic + anti-inflammatory + mast-cell stabilizer in vitro,—,medium,"Lavender, basil, coriander. Kim 1999 showed inhibition of compound 48/80 mast-cell activation. Also documented MCAS fragrance trigger.",Kim 1999; Peana 2006,
Beta-myrcene,31253,CC(=CCCC(=C)C=C)C,C=CC(=C)CCC=C(C)C,maintenance,Monoterpene,Sedative; analgesic; anti-inflammatory; weak mu-opioid potentiator,—,low,"Hops, cannabis, mango. Sedative + muscle-relaxant profile.",Rao 1990,
Eucalyptol,2758,CC1(C2CCC(O1)(CC2)C)C,CC12CCC(CC1)C(C)(C)O2,maintenance,"Monoterpene ether (1,8-cineole)",Mucolytic; anti-inflammatory (NF-kB suppression); bronchodilator,NF-kB (downstream),medium,"Eucalyptus, rosemary, tea tree. Approved as inhaled mucolytic in EU (Soledum). Bidirectional: also respiratory trigger for some individuals.",Juergens 2014,
Terpinolene,11463,CC1=CCC(=C(C)C)CC1,CC1=CCC(=C(C)C)CC1,maintenance,Monoterpene,Antioxidant; sedative; mild anti-inflammatory,—,low,"Cannabis, tea tree, nutmeg. Less-studied terpene; included for class breadth.",Aydin 2013,
Geraniol,637566,CC(=CCC/C(=C/CO)/C)C,CC(C)=CCC/C(C)=C/CO,maintenance,Monoterpene alcohol (rose / geranium),Anti-inflammatory; mast-cell stabilizer in vitro,—,low,"Rose, palmarosa, citronella. EU fragrance allergen 26 — common contact-allergic trigger. Bidirectional in MCAS context.",Lei 2019,
Alpha-bisabolol,1549992,CC1=CC[C@@H](CC1)[C@@](C)(CCC=C(C)C)O,CC(C)=CCC[C@@](C)(O)[C@H]1CC=C(C)CC1,maintenance,Sesquiterpene alcohol (chamomile),Anti-inflammatory; mast-cell stabilizer in vitro; gastric-mucosa protective,—,medium,Roman + German chamomile. Rare trigger; mostly anti-inflammatory profile.,Maurer 2015,
Nerolidol,5284507,CC(=CCC/C(=C/CCC(C)(C=C)O)/C)C,C=CC(C)(O)CC/C=C(\C)CCC=C(C)C,maintenance,Sesquiterpene alcohol,Anti-inflammatory; transdermal penetration enhancer; anti-microbial,—,low,"Neroli, jasmine, lemongrass. Skin-permeation enhancer property is double-edged.",Chan 2016,
Wogonin,5281703,COC1=C(C=C(C2=C1OC(=CC2=O)C3=CC=CC=C3)O)O,COc1c(O)cc(O)c2c(=O)cc(-c3ccccc3)oc12,maintenance,Flavone (Scutellaria baicalensis),Mast-cell stabilizer (LAD2 + RBL-2H3); Akt/MAPK suppression; Nrf2 activation; sister flavone of Baicalein,MAPK; Nrf2 (downstream),medium,Skullcap constituent. Direct in vitro inhibition of FcεRI-mediated degranulation. Lower mast-cell-affinity than baicalein but better oral bioavailability.,Lim 2006; Shen 2003,
Chrysin,5281607,C1=CC=C(C=C1)C2=CC(=O)C3=C(C=C(C=C3O2)O)O,O=c1cc(-c2ccccc2)oc2cc(O)cc(O)c12,maintenance,"Flavone (passionflower, propolis)",Mast-cell stabilizer in vitro; Nrf2 inducer; weak aromatase inhibitor,Nrf2 (downstream),medium,"5,7-dihydroxyflavone. Documented inhibition of histamine release from RBL-2H3 cells. Poor oral bioavailability — formulation-sensitive.",Bae 2011,
Tangeretin,68077,COC1=CC=C(C=C1)C2=CC(=O)C3=C(O2)C(=C(C(=C3OC)OC)OC)OC,COc1ccc(-c2cc(=O)c3c(OC)c(OC)c(OC)c(OC)c3o2)cc1,maintenance,Polymethoxyflavone (citrus peel),Mast-cell stabilizer; NF-κB suppression; better BBB penetration than parent flavonoids,NF-kB (downstream),medium,"5,6,7,8,4'-pentamethoxyflavone. Methylation improves bioavailability + brain penetration. Citrus peel constituent.",Hagenlocher 2017,
Nobiletin,72344,COC1=C(C=C(C=C1)C2=CC(=O)C3=C(O2)C(=C(C(=C3OC)OC)OC)OC)OC,COc1ccc(-c2cc(=O)c3c(OC)c(OC)c(OC)c(OC)c3o2)cc1OC,maintenance,Polymethoxyflavone (citrus peel),Mast-cell stabilizer + neuroprotective + CB1 indirect; potent anti-inflammatory,NF-kB (downstream),medium,Hexamethoxyflavone — even more lipophilic than tangeretin. Strong allergic-inflammation suppression in mouse models.,Hagenlocher 2017; Yi 2017,
Acacetin,5280442,COC1=CC=C(C=C1)C2=CC(=O)C3=C(C=C(C=C3O2)O)O,COc1ccc(-c2cc(=O)c3c(O)cc(O)cc3o2)cc1,maintenance,"Flavone (Robinia, propolis)",Mast-cell stabilizer in vitro; NF-κB + COX-2 suppression,NF-kB; COX-2,low,4'-methoxyapigenin. Less-studied than apigenin but improved lipophilicity.,Pan 2005,
Myricetin,5281672,C1=C(C=C(C(=C1O)O)O)C2=C(C(=O)C3=C(C=C(C=C3O2)O)O)O,O=c1c(O)c(-c2cc(O)c(O)c(O)c2)oc2cc(O)cc(O)c12,maintenance,"Flavonol (berries, walnuts, tea)",Mast-cell stabilizer; xanthine oxidase inhibition; ROS scavenger; weak Nrf2 induction,XO; Nrf2 (downstream),medium,"3,3',4',5,5',7-hexahydroxyflavone — most hydroxylated common flavonol; potent antioxidant.",Park 2008,
Fisetin,5281614,C1=CC(=C(C=C1C2=C(C(=O)C3=C(O2)C=C(C=C3)O)O)O)O,O=c1c(O)c(-c2ccc(O)c(O)c2)oc2cc(O)ccc12,maintenance,"Flavonol (strawberry, apple) — senolytic",Mast-cell stabilizer; senolytic (clears senescent cells); Nrf2 induction; SYK + STAT signaling suppression,SYK (downstream); Nrf2,medium,Quercetin's 5-deoxy analog. Senolytic activity in human trials (~2 g/day pulses). MCAS interest because senescent cells secrete SASP cytokines that could prime mast cells.,Park 2007; Yousefzadeh 2018,
Galangin,5281616,C1=CC=C(C=C1)C2=C(C(=O)C3=C(C=C(C=C3O2)O)O)O,O=c1c(O)c(-c2ccccc2)oc2cc(O)cc(O)c12,maintenance,Flavonol (Alpinia galanga / propolis),Mast-cell stabilizer; STAT6 suppression; PGE2 inhibition,STAT6 (downstream),medium,"3,5,7-trihydroxyflavone. Documented β-hexosaminidase inhibition in RBL-2H3 + mouse anaphylaxis.",Kim 2013,
Isorhamnetin,5281654,COC1=C(C=CC(=C1)C2=C(C(=O)C3=C(C=C(C=C3O2)O)O)O)O,COc1cc(-c2oc3cc(O)cc(O)c3c(=O)c2O)ccc1O,maintenance,"Flavonol (sea buckthorn, onion) — quercetin metabolite",Mast-cell stabilizer; downstream metabolite of quercetin; PPAR-γ + Nrf2,PPARG; Nrf2,low,3'-O-methylquercetin. Better stability + selective tissue accumulation than quercetin.,Li 2014,
Naringenin,932,C1C(OC2=CC(=CC(=C2C1=O)O)O)C3=CC=C(C=C3)O,O=C1CC(c2ccc(O)cc2)Oc2cc(O)cc(O)c21,maintenance,Flavanone (citrus aglycone),Mast-cell stabilizer; CYP3A4 inhibitor (grapefruit interaction); anti-inflammatory; Nrf2 induction,Nrf2 (downstream),medium,Aglycone form of naringin (grapefruit). β-hex inhibition in mouse BMMCs. Drug-interaction caveat (CYP3A4).,Shi 2009,
Hesperetin,72281,COC1=C(C=C(C=C1)[C@@H]2CC(=O)C3=C(C=C(C=C3O2)O)O)O,COc1ccc([C@@H]2CC(=O)c3c(O)cc(O)cc3O2)cc1O,maintenance,Flavanone (citrus aglycone — hesperidin sugar removed),Mast-cell stabilizer; anti-allergic in OVA-sensitized mice; weak Nrf2,—,medium,Aglycone of hesperidin. Better absorbed than hesperidin (which depends on gut β-glucosidase). Compare to library hesperidin.,Kim 2013,
Phloretin,4788,C1=CC(=CC=C1CCC(=O)C2=C(C=C(C=C2O)O)O)O,O=C(CCc1ccc(O)cc1)c1c(O)cc(O)cc1O,maintenance,Dihydrochalcone (apple peel),Mast-cell stabilizer; GLUT1/2 inhibitor; topical applications,GLUT1/2,low,Apple bark / peel. In vitro β-hex inhibition. Used cosmetically.,Stangl 2005,
Xanthohumol,639665,CC(=CCC1=C(C(=C(C=C1O)OC)C(=O)/C=C/C2=CC=C(C=C2)O)O)C,COc1cc(O)c(CC=C(C)C)c(O)c1C(=O)/C=C/c1ccc(O)cc1,maintenance,Prenylated chalcone (hops),Mast-cell stabilizer; NF-κB + Nrf2 modulation; phyto-estrogen (mild),NF-kB; Nrf2,low,Hops constituent. Anti-inflammatory in colitis + atherosclerosis models. Estrogenic via isomerization to 8-prenylnaringenin.,Saugspier 2012,
Honokiol,72303,C=CCC1=CC(=C(C=C1)O)C2=CC(=C(C=C2)O)CC=C,C=CCc1ccc(O)c(-c2ccc(O)c(CC=C)c2)c1,maintenance,Neolignan (Magnolia bark),Mast-cell stabilizer (RBL-2H3 + mouse BMMC); SIRT3 activator; CB2 partial agonist,CNR2; SIRT3,medium,Magnolia officinalis. Direct β-hex + TNF-α + leukotriene suppression. Crosses BBB. Some psychiatric trials.,Kim 2009; Munroe 2010,
Magnolol,72300,C=CCC1=CC(=C(C=C1)O)C2=C(C=CC(=C2)CC=C)O,C=CCc1ccc(O)c(-c2cc(CC=C)ccc2O)c1,maintenance,Neolignan (Magnolia bark),Mast-cell stabilizer; PPAR-γ partial agonist; GABA-A modulator,PPARG,medium,Honokiol's biphenyl isomer. Often co-administered as 'honokiol/magnolol extract.',Kim 2009,
Pterostilbene,5281727,COC1=CC(=CC(=C1)/C=C/C2=CC=C(C=C2)O)OC,COc1cc(/C=C/c2ccc(O)cc2)cc(OC)c1,maintenance,Stilbene (blueberry — resveratrol dimethyl ether),Resveratrol analog with better bioavailability; SIRT1 activator; Nrf2 induction; mast-cell stabilizer,SIRT1; Nrf2,medium,More lipophilic and longer-lived than resveratrol. Blueberry constituent.,Pari 2016,
Carnosic acid,65126,CC(C)C1=C(C(=C2C(=C1)CC[C@@H]3[C@@]2(CCCC3(C)C)C(=O)O)O)O,CC(C)c1cc2c(c(O)c1O)[C@@]1(C(=O)O)CCCC(C)(C)[C@@H]1CC2,remission,Diterpene (rosemary) — covalent Nrf2 activator,**Electrophilic catechol oxidation → covalent KEAP1 cysteine modification** (analogous to SFN mechanism but different warhead); strong Nrf2 induction,KEAP1 (Q14145); Nrf2,medium,Rosmarinus officinalis. Mechanistically aligned with SFN-class — covalent KEAP1 modifier via ortho-quinone intermediate after oxidation. Non-ITC structural class for KEAP1 axis.,Satoh 2008; Birtic 2015,
Carnosol,442009,CC(C)C1=C(C(=C2C(=C1)[C@@H]3C[C@@H]4[C@@]2(CCCC4(C)C)C(=O)O3)O)O,CC(C)c1cc2c(c(O)c1O)[C@@]13CCCC(C)(C)[C@@H]1C[C@@H]2OC3=O,remission,Diterpene (rosemary) — covalent Nrf2 activator,Oxidation product of carnosic acid; covalent KEAP1 modifier; Nrf2 induction,KEAP1 (Q14145),medium,More stable than carnosic acid. Equivalent Nrf2 induction in vitro.,Satoh 2008,
Ursolic acid,64945,C[C@@H]1CC[C@@]2(CC[C@@]3(C(=CC[C@H]4[C@]3(CC[C@@H]5[C@@]4(CC[C@@H](C5(C)C)O)C)C)[C@@H]2[C@H]1C)C)C(=O)O,C[C@H]1[C@H](C)CC[C@]2(C(=O)O)CC[C@]3(C)C(=CC[C@@H]4[C@@]5(C)CC[C@H](O)C(C)(C)[C@@H]5CC[C@]43C)[C@H]12,remission,"Pentacyclic triterpene (apple peel, rosemary, basil)",Nrf2 activator; NF-κB suppression; structurally related to bardoxolone class,Nrf2; NF-kB,medium,Same triterpenoid scaffold class as bardoxolone (KEAP1 modifier). Anti-inflammatory + anti-tumor evidence.,Pang 2010,
Oleanolic acid,10494,C[C@]12CC[C@@H](C([C@@H]1CC[C@@]3([C@@H]2CC=C4[C@]3(CC[C@@]5([C@H]4CC(CC5)(C)C)C(=O)O)C)C)(C)C)O,CC1(C)CC[C@]2(C(=O)O)CC[C@]3(C)C(=CC[C@@H]4[C@@]5(C)CC[C@H](O)C(C)(C)[C@@H]5CC[C@]43C)[C@@H]2C1,remission,"Pentacyclic triterpene (olive leaf, garlic)",Nrf2 activator; analog of ursolic; structurally similar to bardoxolone,Nrf2,medium,Isomer of ursolic acid. Hepatoprotective + anti-inflammatory. Same bardoxolone-class triterpene scaffold.,Liu 2008,
Betulinic acid,64971,CC(=C)[C@@H]1CC[C@]2([C@H]1[C@H]3CC[C@@H]4[C@]5(CC[C@@H](C([C@@H]5CC[C@]4([C@@]3(CC2)C)C)(C)C)O)C)C(=O)O,C=C(C)[C@@H]1CC[C@]2(C(=O)O)CC[C@]3(C)[C@H](CC[C@@H]4[C@@]5(C)CC[C@H](O)C(C)(C)[C@@H]5CC[C@]43C)[C@@H]12,remission,Pentacyclic triterpene (birch bark),Anti-inflammatory; Nrf2; pro-apoptotic in tumors; complement inhibition,Nrf2; complement,low,Birch + plane tree bark. Preclinical anti-inflammatory + anti-cancer.,Saleem 2009,
Lupeol,259846,CC(=C)[C@@H]1CC[C@]2([C@H]1[C@H]3CC[C@@H]4[C@]5(CC[C@@H](C([C@@H]5CC[C@]4([C@@]3(CC2)C)C)(C)C)O)C)C,C=C(C)[C@@H]1CC[C@]2(C)CC[C@]3(C)[C@H](CC[C@@H]4[C@@]5(C)CC[C@H](O)C(C)(C)[C@@H]5CC[C@]43C)[C@@H]12,remission,"Pentacyclic triterpene (mango, olive)",Anti-inflammatory; mast-cell stabilizer in vitro; NF-κB suppression,NF-kB,low,Widely distributed in plants. Documented β-hex inhibition in RBL-2H3.,Saleem 2009,
Piceatannol,667639,C1=CC(=C(C=C1/C=C/C2=CC(=CC(=C2)O)O)O)O,Oc1cc(O)cc(/C=C/c2ccc(O)c(O)c2)c1,maintenance,"Stilbene (passion fruit, grape) — resveratrol metabolite",**Direct SYK kinase inhibitor** (the proximal FcεRI signaling kinase in mast cells); also Nrf2 activator; resveratrol's hydroxylated metabolite,SYK (P43405); Nrf2,medium,Geahlen 1989 originally identified piceatannol as a SYK inhibitor — directly hits the proximal mast-cell signaling kinase. Worth highlighting because most natural products are downstream / pleiotropic; piceatannol has an actual on-pathway target.,Geahlen 1989; Oliveira 2014,
Ellagic acid,5281855,C1=C2C3=C(C(=C1O)O)OC(=O)C4=CC(=C(C(=C43)OC2=O)O)O,O=c1oc2c(O)c(O)cc3c(=O)oc4c(O)c(O)cc1c4c23,maintenance,"Polyphenol (pomegranate, berries, walnuts)",Nrf2 activator; gut-microbiome-converted to urolithins; anti-inflammatory,Nrf2,low,Hydrolyzable tannin. Bioavailability depends on microbial conversion to urolithin A/B. Pomegranate ellagitannin source.,Larrosa 2010,
Cannabidiolic acid,160570,CCCCCC1=CC(=C(C(=C1C(=O)O)O)[C@@H]2C=C(CC[C@H]2C(=C)C)C)O,C=C(C)[C@@H]1CCC(C)=C[C@H]1c1c(O)cc(CCCCC)c(C(=O)O)c1O,maintenance,Phytocannabinoid acid (raw CBD precursor),**Selective COX-2 inhibitor** (more potent than CBD); 5-HT1A agonist; non-intoxicating,COX-2 (downstream),medium,Raw cannabis CBDA — decarboxylates to CBD with heat. Takeda 2008 showed COX-2 selectivity comparable to selective NSAIDs. Mast-cell-relevant via prostaglandin axis.,Takeda 2008; Rock 2017,
Tetrahydrocannabinolic acid,98523,CCCCCC1=CC2=C([C@@H]3C=C(CC[C@H]3C(O2)(C)C)C)C(=C1C(=O)O)O,CCCCCc1cc2c(c(O)c1C(=O)O)[C@@H]1C=C(C)CC[C@H]1C(C)(C)O2,maintenance,Phytocannabinoid acid (raw THC precursor),Anti-inflammatory; non-intoxicating (does not cross BBB); decarboxylates to THC with heat,CNR2 (weak),low,Raw cannabis THCA. Preserved by minimizing heat exposure. Anti-emetic + neuroprotective preclinical.,Moreno-Sanz 2016,
Cannabigerolic acid,5471,CC1(C(N2C(S1)C(C2=O)NC(=O)C(C3=CSC=C3)C(=O)O)C(=O)O)C,CC1(C)SC2C(NC(=O)C(C(=O)O)c3ccsc3)C(=O)N2C1C(=O)O,maintenance,Phytocannabinoid acid (mother cannabinoid),PPAR-α agonist; precursor to CBGA→CBG/THCA/CBDA; SARS-CoV-2 spike binding (preclinical),PPARA,low,Biosynthetic precursor to all other phytocannabinoid acids. Less direct mast-cell data than its descendants.,van Breemen 2022,
Cannabicyclol,99554,CC(C)C(C(C)C)NCCNC(C(C)C)C(C)C,CC(C)C(NCCNC(C(C)C)C(C)C)C(C)C,maintenance,Phytocannabinoid (UV-induced cyclization of CBC),Minor cannabinoid; very limited pharmacology,—,low,Forms from CBC under UV exposure. Almost no in vivo data; included for structural-class breadth.,Crombie 1968,
Cannabichromenic acid,30219,CCCCCC1=CC(=C2C=CC(OC2=C1)(C)CCC=C(C)C)O,CCCCCc1cc(O)c2c(c1)OC(C)(CCC=C(C)C)C=C2,maintenance,Phytocannabinoid acid (raw CBC precursor — PubChem CID may resolve to CBC),Anti-microbial; precursor to CBC,—,low,CBCA — note: some databases list this CID under CBC (decarboxylated form). Pipeline will use whatever PubChem returns.,Pollastro 2017,
