name,smiles,category,source,target,score,best_ref,method
Imatinib,Cc1ccc(NC(=O)c2ccc(CN3CCN(C)CC3)cc2)cc1Nc1nccc(-c2cccnc2)n1,remission,library,BTK,0.1739,Remibrutinib (CID 134324050),ligand_based_similarity_tanimoto_morgan2_2048
NAD+,NC(=O)c1ccc[n+](C2OC(COP(=O)([O-])OP(=O)(O)OCC3OC(n4cnc5c(N)ncnc54)C(O)C3O)C(O)C2O)c1,maintenance,library,BTK,0.1724,Ibrutinib (CID 24821094),ligand_based_similarity_tanimoto_morgan2_2048
Loratadine,CCOC(=O)N1CCC(=C2c3ccc(Cl)cc3CCc3cccnc32)CC1,rescue,library,BTK,0.1635,Remibrutinib (CID 134324050),ligand_based_similarity_tanimoto_morgan2_2048
Masitinib,Cc1ccc(NC(=O)c2ccc(CN3CCN(C)CC3)cc2)cc1Nc1nc(-c2cccnc2)cs1,remission,library,BTK,0.1624,Remibrutinib (CID 134324050),ligand_based_similarity_tanimoto_morgan2_2048
Fexofenadine,CC(C)(C(=O)O)c1ccc(C(O)CCCN2CCC(C(O)(c3ccccc3)c3ccccc3)CC2)cc1,rescue,library,BTK,0.1596,Ibrutinib (CID 24821094),ligand_based_similarity_tanimoto_morgan2_2048
Cromolyn sodium,O=C(O)c1cc(=O)c2cc(OCC(O)COc3cccc4oc(C(=O)O)cc(=O)c34)ccc2o1,rescue,library,BTK,0.1596,Ibrutinib (CID 24821094),ligand_based_similarity_tanimoto_morgan2_2048
Cetirizine,O=C(O)COCCN1CCN(C(c2ccccc2)c2ccc(Cl)cc2)CC1,rescue,library,BTK,0.1444,Ibrutinib (CID 24821094),ligand_based_similarity_tanimoto_morgan2_2048
GEN_0242,CCOC(=O)N1CCC(=C2c3ncccc3CCc3cc(Cl)cc(CCS(=O)CCCN=C=S)c32)CC1,candidate,reinvent_generated,BTK,0.1371,Remibrutinib (CID 134324050),ligand_based_similarity_tanimoto_morgan2_2048
GEN_0277,CCOC(=O)N1CCC(=C2c3cc(CCS(=O)CCCN=C=S)c(Cl)cc3CCc3cccnc32)CC1,candidate,reinvent_generated,BTK,0.1349,Remibrutinib (CID 134324050),ligand_based_similarity_tanimoto_morgan2_2048
Aspirin (acetylsalicylic acid),CC(=O)Oc1ccccc1C(=O)O,remission,library,BTK,0.1333,Ibrutinib (CID 24821094),ligand_based_similarity_tanimoto_morgan2_2048
Midostaurin,CO[C@@H]1[C@H](N(C)C(=O)c2ccccc2)C[C@H]2O[C@]1(C)n1c3ccccc3c3c4c(c5c6ccccc6n2c5c31)C(=O)NC4,remission,library,BTK,0.1293,Ibrutinib (CID 24821094),ligand_based_similarity_tanimoto_morgan2_2048
Wogonin,COc1c(O)cc(O)c2c(=O)cc(-c3ccccc3)oc12,maintenance,library,BTK,0.1264,Ibrutinib (CID 24821094),ligand_based_similarity_tanimoto_morgan2_2048
Acacetin,COc1ccc(-c2cc(=O)c3c(O)cc(O)cc3o2)cc1,maintenance,library,BTK,0.1264,Ibrutinib (CID 24821094),ligand_based_similarity_tanimoto_morgan2_2048
GEN_0273,O=C(O)c1cc(=O)c2c(OCC(O)COc3ccc4oc(C(=O)O)c(CCS(=O)CCCN=C=S)c(=O)c4c3)cccc2o1,candidate,reinvent_generated,BTK,0.123,Ibrutinib (CID 24821094),ligand_based_similarity_tanimoto_morgan2_2048
Hydroxyzine,OCCOCCN1CCN(C(c2ccccc2)c2ccc(Cl)cc2)CC1,rescue,library,BTK,0.1222,Ibrutinib (CID 24821094),ligand_based_similarity_tanimoto_morgan2_2048
Baicalein,O=c1cc(-c2ccccc2)oc2cc(O)c(O)c(O)c12,maintenance,library,BTK,0.1205,Ibrutinib (CID 24821094),ligand_based_similarity_tanimoto_morgan2_2048
Chrysin,O=c1cc(-c2ccccc2)oc2cc(O)cc(O)c12,maintenance,library,BTK,0.1205,Ibrutinib (CID 24821094),ligand_based_similarity_tanimoto_morgan2_2048
Avapritinib,CC1(C)OB(O)c2cc(CNC(=O)c3ccc(C4=NO[C@](c5cc(Cl)c(F)c(Cl)c5)(C(F)(F)F)C4)n4cccc34)ccc21,remission,library,BTK,0.1203,Remibrutinib (CID 134324050),ligand_based_similarity_tanimoto_morgan2_2048
Galangin,O=c1c(O)c(-c2ccccc2)oc2cc(O)cc(O)c12,maintenance,library,BTK,0.119,Ibrutinib (CID 24821094),ligand_based_similarity_tanimoto_morgan2_2048
Naltrexone (low-dose),O=C1CC[C@@]2(O)[C@H]3Cc4ccc(O)c5c4[C@@]2(CCN3CC2CC2)[C@H]1O5,maintenance,library,BTK,0.1176,Ibrutinib (CID 24821094),ligand_based_similarity_tanimoto_morgan2_2048
Tangeretin,COc1ccc(-c2cc(=O)c3c(OC)c(OC)c(OC)c(OC)c3o2)cc1,maintenance,library,BTK,0.1176,Ibrutinib (CID 24821094),ligand_based_similarity_tanimoto_morgan2_2048
GEN_0247,O=C(O)COCCN1CCN(C(c2ccc(Cl)cc2)c2ccccc2CCS(=O)CCCN=C=S)CC1,candidate,reinvent_generated,BTK,0.1157,Remibrutinib (CID 134324050),ligand_based_similarity_tanimoto_morgan2_2048
GEN_0266,O=C(O)c1cc(=O)c2c(OCC(O)COc3ccc4oc(C(=O)O)cc(=O)c4c3CCS(=O)CCCN=C=S)cccc2o1,candidate,reinvent_generated,BTK,0.115,Ibrutinib (CID 24821094),ligand_based_similarity_tanimoto_morgan2_2048
GEN_0232,O=C(O)COCCN1CCN(C(c2ccc(Cl)cc2)c2cccc(CCS(=O)CCCN=C=S)c2)CC1,candidate,reinvent_generated,BTK,0.1148,Remibrutinib (CID 134324050),ligand_based_similarity_tanimoto_morgan2_2048
Cannabigerolic acid,CC1(C)SC2C(NC(=O)C(C(=O)O)c3ccsc3)C(=O)N2C1C(=O)O,maintenance,library,BTK,0.1121,Remibrutinib (CID 134324050),ligand_based_similarity_tanimoto_morgan2_2048
Rosmarinic acid,O=C(/C=C/c1ccc(O)c(O)c1)O[C@H](Cc1ccc(O)c(O)c1)C(=O)O,maintenance,library,BTK,0.1111,Ibrutinib (CID 24821094),ligand_based_similarity_tanimoto_morgan2_2048
Cannabidiolic acid,C=C(C)[C@@H]1CCC(C)=C[C@H]1c1c(O)cc(CCCCC)c(C(=O)O)c1O,maintenance,library,BTK,0.1111,Remibrutinib (CID 134324050),ligand_based_similarity_tanimoto_morgan2_2048
GEN_0189,COc1c(O)cc(O)c2c(=O)c(CCS(=O)CCCN=C=S)c(-c3ccccc3)oc12,candidate,reinvent_generated,BTK,0.1101,Ibrutinib (CID 24821094),ligand_based_similarity_tanimoto_morgan2_2048
Curcumin,COc1cc(/C=C/C(=O)CC(=O)/C=C/c2ccc(O)c(OC)c2)ccc1O,maintenance,library,BTK,0.1099,Remibrutinib (CID 134324050),ligand_based_similarity_tanimoto_morgan2_2048
Anandamide,CCCCC/C=C\C/C=C\C/C=C\C/C=C\CCCC(=O)NCCO,maintenance,library,BTK,0.1087,Remibrutinib (CID 134324050),ligand_based_similarity_tanimoto_morgan2_2048
Honokiol,C=CCc1ccc(O)c(-c2ccc(O)c(CC=C)c2)c1,maintenance,library,BTK,0.1084,Ibrutinib (CID 24821094),ligand_based_similarity_tanimoto_morgan2_2048
Montelukast,CC(C)(O)c1ccccc1CC[C@@H](SCC1(CC(=O)O)CC1)c1cccc(/C=C/c2ccc3ccc(Cl)cc3n2)c1,maintenance,library,BTK,0.1083,Ibrutinib (CID 24821094),ligand_based_similarity_tanimoto_morgan2_2048
Methyl red,CN(C)c1ccc(N=Nc2ccccc2C(=O)O)cc1,maintenance,library,BTK,0.1071,Ibrutinib (CID 24821094),ligand_based_similarity_tanimoto_morgan2_2048
Carnosic acid,CC(C)c1cc2c(c(O)c1O)[C@@]1(C(=O)O)CCCC(C)(C)[C@@H]1CC2,remission,library,BTK,0.1064,Ibrutinib (CID 24821094),ligand_based_similarity_tanimoto_morgan2_2048
D-Limonene,C=C(C)C1CC=C(C)CC1,maintenance,library,BTK,0.1059,Remibrutinib (CID 134324050),ligand_based_similarity_tanimoto_morgan2_2048
Alpha-bisabolol,CC(C)=CCC[C@@](C)(O)[C@H]1CC=C(C)CC1,maintenance,library,BTK,0.1053,Remibrutinib (CID 134324050),ligand_based_similarity_tanimoto_morgan2_2048
Nicotinamide mononucleotide,NC(=O)c1ccc[n+]([C@@H]2O[C@H](COP(=O)([O-])O)[C@@H](O)[C@H]2O)c1,maintenance,library,BTK,0.1038,Remibrutinib (CID 134324050),ligand_based_similarity_tanimoto_morgan2_2048
Ketotifen,CN1CCC(=C2c3ccccc3CC(=O)c3sccc32)CC1,rescue,library,BTK,0.101,Remibrutinib (CID 134324050),ligand_based_similarity_tanimoto_morgan2_2048
Cannabidivarin,C=C(C)[C@@H]1CCC(C)=C[C@H]1c1c(O)cc(CCC)cc1O,maintenance,library,BTK,0.1,Ibrutinib (CID 24821094),ligand_based_similarity_tanimoto_morgan2_2048
Oleanolic acid,CC1(C)CC[C@]2(C(=O)O)CC[C@]3(C)C(=CC[C@@H]4[C@@]5(C)CC[C@H](O)C(C)(C)[C@@H]5CC[C@]43C)[C@@H]2C1,remission,library,BTK,0.1,Ibrutinib (CID 24821094),ligand_based_similarity_tanimoto_morgan2_2048
Betulinic acid,C=C(C)[C@@H]1CC[C@]2(C(=O)O)CC[C@]3(C)[C@H](CC[C@@H]4[C@@]5(C)CC[C@H](O)C(C)(C)[C@@H]5CC[C@]43C)[C@@H]12,remission,library,BTK,0.1,Ibrutinib (CID 24821094),ligand_based_similarity_tanimoto_morgan2_2048
Nicotinamide riboside,NC(=O)c1ccc[n+]([C@@H]2O[C@H](CO)[C@@H](O)[C@H]2O)c1,maintenance,library,BTK,0.1,Ibrutinib (CID 24821094),ligand_based_similarity_tanimoto_morgan2_2048
GEN_0188,COc1c(O)c(CCS(=O)CCCN=C=S)c(O)c2c(=O)cc(-c3ccccc3)oc12,candidate,reinvent_generated,BTK,0.1,Ibrutinib (CID 24821094),ligand_based_similarity_tanimoto_morgan2_2048
Rutin,C[C@@H]1O[C@@H](OC[C@H]2O[C@@H](Oc3c(-c4ccc(O)c(O)c4)oc4cc(O)cc(O)c4c3=O)[C@H](O)[C@@H](O)[C@@H]2O)[C@H](O)[C@H](O)[C@H]1O,maintenance,library,BTK,0.0991,Ibrutinib (CID 24821094),ligand_based_similarity_tanimoto_morgan2_2048
Oleoylethanolamide,CCCCCCCC/C=C\CCCCCCCC(=O)NCCO,maintenance,library,BTK,0.0989,Remibrutinib (CID 134324050),ligand_based_similarity_tanimoto_morgan2_2048
Beta-caryophyllene,C=C1CC/C=C(\C)CC[C@@H]2[C@@H]1CC2(C)C,maintenance,library,BTK,0.0989,Remibrutinib (CID 134324050),ligand_based_similarity_tanimoto_morgan2_2048
GEN_0245,O=S(CCCN=C=S)CCc1ccccc1C(c1ccc(Cl)cc1)N1CCN(CCOCCO)CC1,candidate,reinvent_generated,BTK,0.0984,Remibrutinib (CID 134324050),ligand_based_similarity_tanimoto_morgan2_2048
Tetrahydrocannabinolic acid,CCCCCc1cc2c(c(O)c1C(=O)O)[C@@H]1C=C(C)CC[C@H]1C(C)(C)O2,maintenance,library,BTK,0.0982,Remibrutinib (CID 134324050),ligand_based_similarity_tanimoto_morgan2_2048
Ursolic acid,C[C@H]1[C@H](C)CC[C@]2(C(=O)O)CC[C@]3(C)C(=CC[C@@H]4[C@@]5(C)CC[C@H](O)C(C)(C)[C@@H]5CC[C@]43C)[C@H]12,remission,library,BTK,0.098,Ibrutinib (CID 24821094),ligand_based_similarity_tanimoto_morgan2_2048
GEN_0261,C=CCc1cc(-c2cc(CC=C)c(CCS(=O)CCCN=C=S)cc2O)ccc1O,candidate,reinvent_generated,BTK,0.098,Ibrutinib (CID 24821094),ligand_based_similarity_tanimoto_morgan2_2048
Isorhamnetin,COc1cc(-c2oc3cc(O)cc(O)c3c(=O)c2O)ccc1O,maintenance,library,BTK,0.0978,Ibrutinib (CID 24821094),ligand_based_similarity_tanimoto_morgan2_2048
GEN_0238,O=S(CCCN=C=S)CCc1cccc(C(c2ccc(Cl)cc2)N2CCN(CCOCCO)CC2)c1,candidate,reinvent_generated,BTK,0.0976,Remibrutinib (CID 134324050),ligand_based_similarity_tanimoto_morgan2_2048
GEN_0269,C=C(C)[C@@H]1CCC(C)=C[C@H]1c1c(O)c(CCS(=O)CCCN=C=S)c(CCCCC)c(C(=O)O)c1O,candidate,reinvent_generated,BTK,0.0976,Remibrutinib (CID 134324050),ligand_based_similarity_tanimoto_morgan2_2048
Cannabidiol,C=C(C)[C@@H]1CCC(C)=C[C@H]1c1c(O)cc(CCCCC)cc1O,maintenance,library,BTK,0.0968,Ibrutinib (CID 24821094),ligand_based_similarity_tanimoto_morgan2_2048
GEN_0235,O=C1CC[C@@]2(O)[C@H]3Cc4c(CCS(=O)CCCN=C=S)cc(O)c5c4[C@@]2(CCN3CC2CC2)[C@H]1O5,candidate,reinvent_generated,BTK,0.0968,Ibrutinib (CID 24821094),ligand_based_similarity_tanimoto_morgan2_2048
EGCG,O=C(O[C@@H]1Cc2c(O)cc(O)cc2O[C@@H]1c1cc(O)c(O)c(O)c1)c1cc(O)c(O)c(O)c1,maintenance,library,BTK,0.0957,Ibrutinib (CID 24821094),ligand_based_similarity_tanimoto_morgan2_2048
Ranitidine,CN/C(=C\[N+](=O)[O-])NCCSCc1ccc(CN(C)C)o1,rescue,library,BTK,0.0952,Remibrutinib (CID 134324050),ligand_based_similarity_tanimoto_morgan2_2048
Apigenin,O=c1cc(-c2ccc(O)cc2)oc2cc(O)cc(O)c12,maintenance,library,BTK,0.0952,Ibrutinib (CID 24821094),ligand_based_similarity_tanimoto_morgan2_2048
Xanthohumol,COc1cc(O)c(CC=C(C)C)c(O)c1C(=O)/C=C/c1ccc(O)cc1,maintenance,library,BTK,0.0952,Remibrutinib (CID 134324050),ligand_based_similarity_tanimoto_morgan2_2048
GEN_0179,O=c1c(CCS(=O)CCCN=C=S)c(-c2ccccc2)oc2cc(O)cc(O)c12,candidate,reinvent_generated,BTK,0.0943,Ibrutinib (CID 24821094),ligand_based_similarity_tanimoto_morgan2_2048
GEN_0205,O=c1c(CCS(=O)CCCN=C=S)c(-c2ccccc2)oc2cc(O)c(O)c(O)c12,candidate,reinvent_generated,BTK,0.0943,Ibrutinib (CID 24821094),ligand_based_similarity_tanimoto_morgan2_2048
GEN_0230,C=CCc1cc(CCS(=O)CCCN=C=S)c(O)c(-c2ccc(O)c(CC=C)c2)c1,candidate,reinvent_generated,BTK,0.0943,Ibrutinib (CID 24821094),ligand_based_similarity_tanimoto_morgan2_2048
Kaempferol,O=c1c(O)c(-c2ccc(O)cc2)oc2cc(O)cc(O)c12,maintenance,library,BTK,0.0941,Ibrutinib (CID 24821094),ligand_based_similarity_tanimoto_morgan2_2048
Luteolin,O=c1cc(-c2ccc(O)c(O)c2)oc2cc(O)cc(O)c12,maintenance,library,BTK,0.093,Ibrutinib (CID 24821094),ligand_based_similarity_tanimoto_morgan2_2048
Quercetin,O=c1c(O)c(-c2ccc(O)c(O)c2)oc2cc(O)cc(O)c12,rescue,library,BTK,0.092,Ibrutinib (CID 24821094),ligand_based_similarity_tanimoto_morgan2_2048
Magnolol,C=CCc1ccc(O)c(-c2cc(CC=C)ccc2O)c1,maintenance,library,BTK,0.0909,Ibrutinib (CID 24821094),ligand_based_similarity_tanimoto_morgan2_2048
Ivermectin,CC[C@H](C)[C@H]1O[C@]2(CC[C@@H]1C)C[C@@H]1C[C@@H](C/C=C(\C)[C@@H](O[C@H]3C[C@H](OC)[C@@H](O[C@H]4C[C@H](OC)[C@@H](O)[C@H](C)O4)[C@H](C)O3)[C@@H](C)/C=C/C=C3\CO[C@@H]4[C@H](O)C(C)=C[C@@H](C(=O)O1)[C@]34O)O2,maintenance,library,BTK,0.0903,Remibrutinib (CID 134324050),ligand_based_similarity_tanimoto_morgan2_2048
GEN_0173,CC(=O)Oc1c(CCS(=O)CCCN=C=S)cccc1C(=O)O,candidate,reinvent_generated,BTK,0.09,Ibrutinib (CID 24821094),ligand_based_similarity_tanimoto_morgan2_2048
Nobiletin,COc1ccc(-c2cc(=O)c3c(OC)c(OC)c(OC)c(OC)c3o2)cc1OC,maintenance,library,BTK,0.0899,Ibrutinib (CID 24821094),ligand_based_similarity_tanimoto_morgan2_2048
GEN_0228,O=C(/C=C/c1cc(O)c(O)cc1CCS(=O)CCCN=C=S)O[C@H](Cc1ccc(O)c(O)c1)C(=O)O,candidate,reinvent_generated,BTK,0.0893,Ibrutinib (CID 24821094),ligand_based_similarity_tanimoto_morgan2_2048
Myricitrin,C[C@@H]1O[C@@H](Oc2c(-c3cc(O)c(O)c(O)c3)oc3cc(O)cc(O)c3c2=O)[C@H](O)[C@H](O)[C@H]1O,maintenance,library,BTK,0.0891,Ibrutinib (CID 24821094),ligand_based_similarity_tanimoto_morgan2_2048
Diphenhydramine,CN(C)CCOC(c1ccccc1)c1ccccc1,rescue,library,BTK,0.0886,Ibrutinib (CID 24821094),ligand_based_similarity_tanimoto_morgan2_2048
Pterostilbene,COc1cc(/C=C/c2ccc(O)cc2)cc(OC)c1,maintenance,library,BTK,0.0886,Ibrutinib (CID 24821094),ligand_based_similarity_tanimoto_morgan2_2048
GEN_0211,COc1cc(-c2oc3c(CCS(=O)CCCN=C=S)c(O)cc(O)c3c(=O)c2O)ccc1O,candidate,reinvent_generated,BTK,0.0885,Ibrutinib (CID 24821094),ligand_based_similarity_tanimoto_morgan2_2048
GEN_0263,O=C1CC[C@@]2(O)[C@H]3Cc4cc(CCS(=O)CCCN=C=S)c(O)c5c4[C@@]2(CCN3CC2CC2)[C@H]1O5,candidate,reinvent_generated,BTK,0.088,Ibrutinib (CID 24821094),ligand_based_similarity_tanimoto_morgan2_2048
Hesperetin,COc1ccc([C@@H]2CC(=O)c3c(O)cc(O)cc3O2)cc1O,maintenance,library,BTK,0.0874,Remibrutinib (CID 134324050),ligand_based_similarity_tanimoto_morgan2_2048
GEN_0234,NC(=O)c1c[n+]([C@@H]2O[C@H](COP(=O)([O-])O)[C@@H](O)[C@H]2O)ccc1CCS(=O)CCCN=C=S,candidate,reinvent_generated,BTK,0.0873,Remibrutinib (CID 134324050),ligand_based_similarity_tanimoto_morgan2_2048
Testosterone,C[C@]12CC[C@H]3[C@@H](CCC4=CC(=O)CC[C@@]43C)[C@@H]1CC[C@@H]2O,maintenance,library,BTK,0.087,Ibrutinib (CID 24821094),ligand_based_similarity_tanimoto_morgan2_2048
GEN_0256,O=C(/C=C/c1cc(O)c(O)c(CCS(=O)CCCN=C=S)c1)O[C@H](Cc1ccc(O)c(O)c1)C(=O)O,candidate,reinvent_generated,BTK,0.087,Ibrutinib (CID 24821094),ligand_based_similarity_tanimoto_morgan2_2048
Alpha-lipoic acid,O=C(O)CCCCC1CCSS1,maintenance,library,BTK,0.0864,Ibrutinib (CID 24821094),ligand_based_similarity_tanimoto_morgan2_2048
Cholecalciferol (Vitamin D3),C=C1CC[C@H](O)C/C1=C/C=C1\CCC[C@]2(C)[C@@H]([C@H](C)CCCC(C)C)CC[C@@H]12,maintenance,library,BTK,0.0857,Ibrutinib (CID 24821094),ligand_based_similarity_tanimoto_morgan2_2048
Carnosol,CC(C)c1cc2c(c(O)c1O)[C@@]13CCCC(C)(C)[C@@H]1C[C@@H]2OC3=O,remission,library,BTK,0.0857,Remibrutinib (CID 134324050),ligand_based_similarity_tanimoto_morgan2_2048
Hesperidin,COc1ccc([C@@H]2CC(=O)c3c(O)cc(O[C@@H]4O[C@H](CO[C@@H]5O[C@@H](C)[C@H](O)[C@@H](O)[C@H]5O)[C@@H](O)[C@H](O)[C@H]4O)cc3O2)cc1O,maintenance,library,BTK,0.0855,Ibrutinib (CID 24821094),ligand_based_similarity_tanimoto_morgan2_2048
GEN_0260,CCCCCc1c(CCS(=O)CCCN=C=S)c2c(c(O)c1C(=O)O)[C@@H]1C=C(C)CC[C@H]1C(C)(C)O2,candidate,reinvent_generated,BTK,0.0853,Remibrutinib (CID 134324050),ligand_based_similarity_tanimoto_morgan2_2048
GEN_0267,CC1(C)SC2C(NC(=O)C(C(=O)O)c3cscc3CCS(=O)CCCN=C=S)C(=O)N2C1C(=O)O,candidate,reinvent_generated,BTK,0.0853,Remibrutinib (CID 134324050),ligand_based_similarity_tanimoto_morgan2_2048
GEN_0237,CC1(C)SC2C(NC(=O)C(C(=O)O)c3csc(CCS(=O)CCCN=C=S)c3)C(=O)N2C1C(=O)O,candidate,reinvent_generated,BTK,0.0846,Remibrutinib (CID 134324050),ligand_based_similarity_tanimoto_morgan2_2048
Beta-myrcene,C=CC(=C)CCC=C(C)C,maintenance,library,BTK,0.0843,Remibrutinib (CID 134324050),ligand_based_similarity_tanimoto_morgan2_2048
2-Arachidonoylglycerol,CCCCC/C=C\C/C=C\C/C=C\C/C=C\CCCC(=O)OC(CO)CO,maintenance,library,BTK,0.0842,Remibrutinib (CID 134324050),ligand_based_similarity_tanimoto_morgan2_2048
GEN_0184,CN(C)c1ccc(N=Nc2ccccc2C(=O)O)c(CCS(=O)CCCN=C=S)c1,candidate,reinvent_generated,BTK,0.0841,Ibrutinib (CID 24821094),ligand_based_similarity_tanimoto_morgan2_2048
GEN_0185,CN(C)c1ccc(N=Nc2ccccc2C(=O)O)cc1CCS(=O)CCCN=C=S,candidate,reinvent_generated,BTK,0.0841,Ibrutinib (CID 24821094),ligand_based_similarity_tanimoto_morgan2_2048
6-Gingerol,CCCCC[C@H](O)CC(=O)CCc1ccc(O)c(OC)c1,maintenance,library,BTK,0.0833,Ibrutinib (CID 24821094),ligand_based_similarity_tanimoto_morgan2_2048
GEN_0229,COc1cc(/C=C/C(=O)CC(=O)/C=C/c2cc(OC)c(O)cc2CCS(=O)CCCN=C=S)ccc1O,candidate,reinvent_generated,BTK,0.0833,Remibrutinib (CID 134324050),ligand_based_similarity_tanimoto_morgan2_2048
Calcitriol,C=C1/C(=C\C=C2/CCC[C@]3(C)[C@@H]([C@H](C)CCCC(C)(C)O)CC[C@@H]23)C[C@@H](O)C[C@@H]1O,maintenance,library,BTK,0.0826,Ibrutinib (CID 24821094),ligand_based_similarity_tanimoto_morgan2_2048
GEN_0248,COc1cc(/C=C/C(=O)CC(=O)/C=C/c2ccc(O)c(OC)c2CCS(=O)CCCN=C=S)ccc1O,candidate,reinvent_generated,BTK,0.0826,Remibrutinib (CID 134324050),ligand_based_similarity_tanimoto_morgan2_2048
Docosahexaenoic acid (DHA),CC/C=C\C/C=C\C/C=C\C/C=C\C/C=C\C/C=C\CCC(=O)O,maintenance,library,BTK,0.0824,Remibrutinib (CID 134324050),ligand_based_similarity_tanimoto_morgan2_2048
Linalool,C=CC(C)(O)CCC=C(C)C,maintenance,library,BTK,0.0824,Remibrutinib (CID 134324050),ligand_based_similarity_tanimoto_morgan2_2048
GEN_0196,COc1ccc(-c2cc(=O)c3c(O)cc(O)cc3o2)cc1CCS(=O)CCCN=C=S,candidate,reinvent_generated,BTK,0.082,Remibrutinib (CID 134324050),ligand_based_similarity_tanimoto_morgan2_2048
GEN_0186,CN1CCC(=C2c3cc(CCS(=O)CCCN=C=S)ccc3CC(=O)c3sccc32)CC1,candidate,reinvent_generated,BTK,0.0813,Remibrutinib (CID 134324050),ligand_based_similarity_tanimoto_morgan2_2048
GEN_0272,C=C(C)[C@@H]1CCC(C)=C[C@H]1c1c(O)cc(CCC)c(CCS(=O)CCCN=C=S)c1O,candidate,reinvent_generated,BTK,0.0813,Remibrutinib (CID 134324050),ligand_based_similarity_tanimoto_morgan2_2048
GEN_0274,COc1c(CCS(=O)CCCN=C=S)c(O)c(CC=C(C)C)c(O)c1C(=O)/C=C/c1ccc(O)cc1,candidate,reinvent_generated,BTK,0.0813,Remibrutinib (CID 134324050),ligand_based_similarity_tanimoto_morgan2_2048
Resveratrol,Oc1ccc(/C=C/c2cc(O)cc(O)c2)cc1,maintenance,library,BTK,0.0811,Ibrutinib (CID 24821094),ligand_based_similarity_tanimoto_morgan2_2048
Eicosapentaenoic acid (EPA),CC/C=C\C/C=C\C/C=C\C/C=C\C/C=C\CCCC(=O)O,maintenance,library,BTK,0.0805,Remibrutinib (CID 134324050),ligand_based_similarity_tanimoto_morgan2_2048
Palmitoylethanolamide,CCCCCCCCCCCCCCCC(=O)NCCO,maintenance,library,BTK,0.0805,Remibrutinib (CID 134324050),ligand_based_similarity_tanimoto_morgan2_2048
Benzyl isothiocyanate,S=C=NCc1ccccc1,remission,library,BTK,0.08,Ibrutinib (CID 24821094),ligand_based_similarity_tanimoto_morgan2_2048
GEN_0225,C=C(C)[C@@H]1CCC(C)=C[C@H]1c1c(O)cc(CCCCC)c(CCS(=O)CCCN=C=S)c1O,candidate,reinvent_generated,BTK,0.08,Remibrutinib (CID 134324050),ligand_based_similarity_tanimoto_morgan2_2048
GEN_0257,CCCCCc1cc(O)c2c(c1CCS(=O)CCCN=C=S)OC(C)(CCC=C(C)C)C=C2,candidate,reinvent_generated,BTK,0.08,Remibrutinib (CID 134324050),ligand_based_similarity_tanimoto_morgan2_2048
Biotin,O=C(O)CCCC[C@@H]1SC[C@@H]2NC(=O)N[C@@H]21,maintenance,library,BTK,0.0795,Ibrutinib (CID 24821094),ligand_based_similarity_tanimoto_morgan2_2048
Fisetin,O=c1c(O)c(-c2ccc(O)c(O)c2)oc2cc(O)ccc12,maintenance,library,BTK,0.0795,Ibrutinib (CID 24821094),ligand_based_similarity_tanimoto_morgan2_2048
Naringenin,O=C1CC(c2ccc(O)cc2)Oc2cc(O)cc(O)c21,maintenance,library,BTK,0.0795,Ibrutinib (CID 24821094),ligand_based_similarity_tanimoto_morgan2_2048
GEN_0231,NC(=O)c1cc(CCS(=O)CCCN=C=S)c[n+]([C@@H]2O[C@H](COP(=O)([O-])O)[C@@H](O)[C@H]2O)c1,candidate,reinvent_generated,BTK,0.0794,Remibrutinib (CID 134324050),ligand_based_similarity_tanimoto_morgan2_2048
GEN_0236,CCCc1cc(O)c2c(c1CCS(=O)CCCN=C=S)OC(C)(C)[C@@H]1CCC(C)=C[C@@H]21,candidate,reinvent_generated,BTK,0.0794,Remibrutinib (CID 134324050),ligand_based_similarity_tanimoto_morgan2_2048
GEN_0174,CC(=O)Oc1cc(CCS(=O)CCCN=C=S)ccc1C(=O)O,candidate,reinvent_generated,BTK,0.0792,Ibrutinib (CID 24821094),ligand_based_similarity_tanimoto_morgan2_2048
GEN_0195,COc1ccc(-c2cc(=O)c3c(O)cc(O)cc3o2)c(CCS(=O)CCCN=C=S)c1,candidate,reinvent_generated,BTK,0.0789,Ibrutinib (CID 24821094),ligand_based_similarity_tanimoto_morgan2_2048
GEN_0240,COc1cc(O)c(CC=C(C)C)c(O)c1C(=O)/C=C/c1ccc(O)cc1CCS(=O)CCCN=C=S,candidate,reinvent_generated,BTK,0.0781,Remibrutinib (CID 134324050),ligand_based_similarity_tanimoto_morgan2_2048
GEN_0255,CCCCCc1cc(O)c2c(c1CCS(=O)CCCN=C=S)OC(C)(C)[C@@H]1CCC(C)=C[C@@H]21,candidate,reinvent_generated,BTK,0.0781,Remibrutinib (CID 134324050),ligand_based_similarity_tanimoto_morgan2_2048
GEN_0276,CCCCCc1cc(O)c2c(c1CCS(=O)CCCN=C=S)OC(C)(C)C1CCC(C)=CC21,candidate,reinvent_generated,BTK,0.0781,Remibrutinib (CID 134324050),ligand_based_similarity_tanimoto_morgan2_2048
Phenethyl isothiocyanate,S=C=NCCc1ccccc1,remission,library,BTK,0.0779,Ibrutinib (CID 24821094),ligand_based_similarity_tanimoto_morgan2_2048
Piceatannol,Oc1cc(O)cc(/C=C/c2ccc(O)c(O)c2)c1,maintenance,library,BTK,0.0779,Ibrutinib (CID 24821094),ligand_based_similarity_tanimoto_morgan2_2048
Phloretin,O=C(CCc1ccc(O)cc1)c1c(O)cc(O)cc1O,maintenance,library,BTK,0.0778,Remibrutinib (CID 134324050),ligand_based_similarity_tanimoto_morgan2_2048
GEN_0250,O=C(O[C@@H]1Cc2c(O)cc(O)c(CCS(=O)CCCN=C=S)c2O[C@@H]1c1cc(O)c(O)c(O)c1)c1cc(O)c(O)c(O)c1,candidate,reinvent_generated,BTK,0.0776,Ibrutinib (CID 24821094),ligand_based_similarity_tanimoto_morgan2_2048
GEN_0262,O=C(O[C@@H]1Cc2c(cc(O)c(CCS(=O)CCCN=C=S)c2O)O[C@@H]1c1cc(O)c(O)c(O)c1)c1cc(O)c(O)c(O)c1,candidate,reinvent_generated,BTK,0.0776,Ibrutinib (CID 24821094),ligand_based_similarity_tanimoto_morgan2_2048
Nerolidol,C=CC(C)(O)CC/C=C(\C)CCC=C(C)C,maintenance,library,BTK,0.0769,Remibrutinib (CID 134324050),ligand_based_similarity_tanimoto_morgan2_2048
GEN_0224,C=CCc1ccc(O)c(-c2cc(CC=C)c(CCS(=O)CCCN=C=S)cc2O)c1,candidate,reinvent_generated,BTK,0.0769,Ibrutinib (CID 24821094),ligand_based_similarity_tanimoto_morgan2_2048
GEN_0252,CC(C)c1c(O)c(O)c2c(c1CCS(=O)CCCN=C=S)CC[C@H]1C(C)(C)CCC[C@]21C(=O)O,candidate,reinvent_generated,BTK,0.0769,Ibrutinib (CID 24821094),ligand_based_similarity_tanimoto_morgan2_2048
GEN_0254,C=CCc1ccc(O)c(-c2cc(CC=C)cc(CCS(=O)CCCN=C=S)c2O)c1,candidate,reinvent_generated,BTK,0.0762,Ibrutinib (CID 24821094),ligand_based_similarity_tanimoto_morgan2_2048
GEN_0249,C[C@@H]1O[C@@H](Oc2c(-c3cc(O)c(O)c(O)c3CCS(=O)CCCN=C=S)oc3cc(O)cc(O)c3c2=O)[C@H](O)[C@H](O)[C@H]1O,candidate,reinvent_generated,BTK,0.0758,Remibrutinib (CID 134324050),ligand_based_similarity_tanimoto_morgan2_2048
Tetrahydrocannabivarin,CCCc1cc(O)c2c(c1)OC(C)(C)[C@@H]1CCC(C)=C[C@@H]21,maintenance,library,BTK,0.0755,Remibrutinib (CID 134324050),ligand_based_similarity_tanimoto_morgan2_2048
GEN_0180,COc1cc(/C=C/c2ccc(O)cc2CCS(=O)CCCN=C=S)cc(OC)c1,candidate,reinvent_generated,BTK,0.0755,Ibrutinib (CID 24821094),ligand_based_similarity_tanimoto_morgan2_2048
GEN_0183,CN(C)CCOC(c1ccccc1)c1ccccc1CCS(=O)CCCN=C=S,candidate,reinvent_generated,BTK,0.0755,Ibrutinib (CID 24821094),ligand_based_similarity_tanimoto_morgan2_2048
Lycopodine,Nc1ccc(N=Nc2cccc(N=Nc3ccc(N)cc3N)c2)c(N)c1,maintenance,library,BTK,0.075,Ibrutinib (CID 24821094),ligand_based_similarity_tanimoto_morgan2_2048
GEN_0258,COc1ccc(-c2cc(=O)c3c(OC)c(OC)c(OC)c(OC)c3o2)cc1CCS(=O)CCCN=C=S,candidate,reinvent_generated,BTK,0.075,Remibrutinib (CID 134324050),ligand_based_similarity_tanimoto_morgan2_2048
Silibinin,COc1cc([C@H]2Oc3cc([C@H]4Oc5cc(O)cc(O)c5C(=O)[C@@H]4O)ccc3O[C@@H]2CO)ccc1O,maintenance,library,BTK,0.0748,Ibrutinib (CID 24821094),ligand_based_similarity_tanimoto_morgan2_2048
GEN_0176,CN(C)CCOC(c1ccccc1)c1cccc(CCS(=O)CCCN=C=S)c1,candidate,reinvent_generated,BTK,0.0748,Ibrutinib (CID 24821094),ligand_based_similarity_tanimoto_morgan2_2048
GEN_0192,O=c1c(CCS(=O)CCCN=C=S)c(-c2ccc(O)cc2)oc2cc(O)cc(O)c12,candidate,reinvent_generated,BTK,0.0748,Ibrutinib (CID 24821094),ligand_based_similarity_tanimoto_morgan2_2048
GEN_0270,Nc1ccc(N=Nc2cccc(N=Nc3c(N)cc(N)cc3CCS(=O)CCCN=C=S)c2)c(N)c1,candidate,reinvent_generated,BTK,0.0748,Ibrutinib (CID 24821094),ligand_based_similarity_tanimoto_morgan2_2048
GEN_0182,COc1cc(/C=C/c2ccc(O)cc2)c(CCS(=O)CCCN=C=S)c(OC)c1,candidate,reinvent_generated,BTK,0.0741,Ibrutinib (CID 24821094),ligand_based_similarity_tanimoto_morgan2_2048
Delta-9-THC,CCCCCc1cc(O)c2c(c1)OC(C)(C)[C@@H]1CCC(C)=C[C@@H]21,maintenance,library,BTK,0.0734,Remibrutinib (CID 134324050),ligand_based_similarity_tanimoto_morgan2_2048
Delta-8-THC,CCCCCc1cc(O)c2c(c1)OC(C)(C)C1CCC(C)=CC21,maintenance,library,BTK,0.0734,Remibrutinib (CID 134324050),ligand_based_similarity_tanimoto_morgan2_2048
GEN_0181,O=c1cc(-c2ccccc2CCS(=O)CCCN=C=S)oc2cc(O)cc(O)c12,candidate,reinvent_generated,BTK,0.0734,Ibrutinib (CID 24821094),ligand_based_similarity_tanimoto_morgan2_2048
GEN_0197,O=c1c(O)c(-c2ccccc2CCS(=O)CCCN=C=S)oc2cc(O)cc(O)c12,candidate,reinvent_generated,BTK,0.0734,Ibrutinib (CID 24821094),ligand_based_similarity_tanimoto_morgan2_2048
GEN_0208,O=c1cc(-c2ccccc2CCS(=O)CCCN=C=S)oc2cc(O)c(O)c(O)c12,candidate,reinvent_generated,BTK,0.0734,Ibrutinib (CID 24821094),ligand_based_similarity_tanimoto_morgan2_2048
GEN_0212,O=c1c(CCS(=O)CCCN=C=S)c(-c2ccc(O)c(O)c2)oc2cc(O)cc(O)c12,candidate,reinvent_generated,BTK,0.0734,Ibrutinib (CID 24821094),ligand_based_similarity_tanimoto_morgan2_2048
GEN_0147,CS(=O)(=O)Cc1ccc(N=C=S)cc1,candidate,reinvent_generated,BTK,0.0732,Ibrutinib (CID 24821094),ligand_based_similarity_tanimoto_morgan2_2048
GEN_0207,O=c1c(O)c(-c2ccc(O)c(CCS(=O)CCCN=C=S)c2)oc2cc(O)cc(O)c12,candidate,reinvent_generated,BTK,0.0727,Ibrutinib (CID 24821094),ligand_based_similarity_tanimoto_morgan2_2048
GEN_0191,O=c1c(O)c(-c2cccc(CCS(=O)CCCN=C=S)c2)oc2cc(O)cc(O)c12,candidate,reinvent_generated,BTK,0.0721,Ibrutinib (CID 24821094),ligand_based_similarity_tanimoto_morgan2_2048
GEN_0222,NC(=O)c1c[n+]([C@@H]2O[C@H](CO)[C@@H](O)[C@H]2O)ccc1CCS(=O)CCCN=C=S,candidate,reinvent_generated,BTK,0.0721,Ibrutinib (CID 24821094),ligand_based_similarity_tanimoto_morgan2_2048
GEN_0187,CN1CCC(=C2c3ccsc3C(=O)Cc3cccc(CCS(=O)CCCN=C=S)c32)CC1,candidate,reinvent_generated,BTK,0.072,Remibrutinib (CID 134324050),ligand_based_similarity_tanimoto_morgan2_2048
GEN_0246,CCCCCc1cc(O)c2c(c1CCS(=O)CCCN=C=S)OC(C)(C)c1ccc(C)cc1-2,candidate,reinvent_generated,BTK,0.072,Remibrutinib (CID 134324050),ligand_based_similarity_tanimoto_morgan2_2048
Terpinolene,CC1=CCC(=C(C)C)CC1,maintenance,library,BTK,0.0714,Remibrutinib (CID 134324050),ligand_based_similarity_tanimoto_morgan2_2048
Lupeol,C=C(C)[C@@H]1CC[C@]2(C)CC[C@]3(C)[C@H](CC[C@@H]4[C@@]5(C)CC[C@H](O)C(C)(C)[C@@H]5CC[C@]43C)[C@@H]12,remission,library,BTK,0.0714,Ibrutinib (CID 24821094),ligand_based_similarity_tanimoto_morgan2_2048
GEN_0136,CS(=O)(=O)CCc1ccc(N=C=S)cc1,candidate,reinvent_generated,BTK,0.0714,Ibrutinib (CID 24821094),ligand_based_similarity_tanimoto_morgan2_2048
GEN_0264,COc1ccc(-c2cc(=O)c3c(OC)c(OC)c(OC)c(OC)c3o2)c(CCS(=O)CCCN=C=S)c1,candidate,reinvent_generated,BTK,0.0714,Ibrutinib (CID 24821094),ligand_based_similarity_tanimoto_morgan2_2048
GEN_0265,CCCc1cc2c(c(O)c1CCS(=O)CCCN=C=S)[C@@H]1C=C(C)CC[C@H]1C(C)(C)O2,candidate,reinvent_generated,BTK,0.0709,Remibrutinib (CID 134324050),ligand_based_similarity_tanimoto_morgan2_2048
Methylene blue,CN(C)c1ccc2nc3ccc(=[N+](C)C)cc-3sc2c1.[Cl-],maintenance,library,BTK,0.07,Remibrutinib (CID 134324050),ligand_based_similarity_tanimoto_morgan2_2048
GEN_0175,O=S(CCCN=C=S)CCc1cc(/C=C/c2cc(O)cc(O)c2)ccc1O,candidate,reinvent_generated,BTK,0.07,Ibrutinib (CID 24821094),ligand_based_similarity_tanimoto_morgan2_2048
Alpha-pinene,CC1=CCC2CC1C2(C)C,maintenance,library,BTK,0.0698,Remibrutinib (CID 134324050),ligand_based_similarity_tanimoto_morgan2_2048
Beta-pinene,C=C1CCC2CC1C2(C)C,maintenance,library,BTK,0.0698,Remibrutinib (CID 134324050),ligand_based_similarity_tanimoto_morgan2_2048
Myricetin,O=c1c(O)c(-c2cc(O)c(O)c(O)c2)oc2cc(O)cc(O)c12,maintenance,library,BTK,0.0698,Ibrutinib (CID 24821094),ligand_based_similarity_tanimoto_morgan2_2048
GEN_0226,CCCCCc1cc2c(c(O)c1CCS(=O)CCCN=C=S)[C@@H]1C=C(C)CC[C@H]1C(C)(C)O2,candidate,reinvent_generated,BTK,0.0698,Remibrutinib (CID 134324050),ligand_based_similarity_tanimoto_morgan2_2048
GEN_0253,CCCCCc1cc2c(c(O)c1CCS(=O)CCCN=C=S)C1C=C(C)CCC1C(C)(C)O2,candidate,reinvent_generated,BTK,0.0698,Remibrutinib (CID 134324050),ligand_based_similarity_tanimoto_morgan2_2048
GEN_0177,O=S(CCCN=C=S)CCc1cc(O)ccc1/C=C/c1cc(O)cc(O)c1,candidate,reinvent_generated,BTK,0.0693,Ibrutinib (CID 24821094),ligand_based_similarity_tanimoto_morgan2_2048
GEN_0214,CN/C(=C\[N+](=O)[O-])NCCSCc1cc(CCS(=O)CCCN=C=S)c(CN(C)C)o1,candidate,reinvent_generated,BTK,0.0692,Remibrutinib (CID 134324050),ligand_based_similarity_tanimoto_morgan2_2048
GEN_0216,CN/C(=C\[N+](=O)[O-])NCCSCc1oc(CN(C)C)cc1CCS(=O)CCCN=C=S,candidate,reinvent_generated,BTK,0.0692,Remibrutinib (CID 134324050),ligand_based_similarity_tanimoto_morgan2_2048
GEN_0200,COc1c(O)cc([C@@H]2CC(=O)c3c(O)cc(O)cc3O2)cc1CCS(=O)CCCN=C=S,candidate,reinvent_generated,BTK,0.069,Ibrutinib (CID 24821094),ligand_based_similarity_tanimoto_morgan2_2048
GEN_0161,O=S(CCCN=C=S)CCc1ccccc1CCN=C=S,candidate,reinvent_generated,BTK,0.0682,Ibrutinib (CID 24821094),ligand_based_similarity_tanimoto_morgan2_2048
Famotidine,NC(N)=Nc1nc(CSCCC(N)=NS(N)(=O)=O)cs1,rescue,library,BTK,0.0667,Remibrutinib (CID 134324050),ligand_based_similarity_tanimoto_morgan2_2048
Alpha-humulene,C/C1=C\CC/C(C)=C/CC(C)(C)/C=C/C1,maintenance,library,BTK,0.0667,Remibrutinib (CID 134324050),ligand_based_similarity_tanimoto_morgan2_2048
GEN_0152,O=S(CCCN=C=S)CCc1cccc(CCN=C=S)c1,candidate,reinvent_generated,BTK,0.0667,Ibrutinib (CID 24821094),ligand_based_similarity_tanimoto_morgan2_2048
GEN_0159,O=S(CCCN=C=S)CCc1ccccc1CN=C=S,candidate,reinvent_generated,BTK,0.0667,Ibrutinib (CID 24821094),ligand_based_similarity_tanimoto_morgan2_2048
GEN_0251,Nc1ccc(N=Nc2cccc(N=Nc3cc(CCS(=O)CCCN=C=S)c(N)cc3N)c2)c(N)c1,candidate,reinvent_generated,BTK,0.066,Ibrutinib (CID 24821094),ligand_based_similarity_tanimoto_morgan2_2048
GEN_0163,CS(=O)Cc1ccc(SC#N)cc1,candidate,reinvent_generated,BTK,0.0659,Remibrutinib (CID 134324050),ligand_based_similarity_tanimoto_morgan2_2048
Cannabichromene,CCCCCc1cc(O)c2c(c1)OC(C)(CCC=C(C)C)C=C2,maintenance,library,BTK,0.0654,Remibrutinib (CID 134324050),ligand_based_similarity_tanimoto_morgan2_2048
GEN_0160,O=S(CCCN=C=S)CCc1cccc(CN=C=S)c1,candidate,reinvent_generated,BTK,0.0652,Ibrutinib (CID 24821094),ligand_based_similarity_tanimoto_morgan2_2048
GEN_0218,CN(C)c1cc(CCS(=O)CCCN=C=S)c2nc3ccc(=[N+](C)C)cc-3sc2c1.[Cl-],candidate,reinvent_generated,BTK,0.065,Remibrutinib (CID 134324050),ligand_based_similarity_tanimoto_morgan2_2048
N-Acetylcysteine (NAC),CC(=O)N[C@@H](CS)C(=O)O,maintenance,library,BTK,0.0649,Ibrutinib (CID 24821094),ligand_based_similarity_tanimoto_morgan2_2048
GEN_0153,CS(=O)CCc1ccc(SC#N)cc1,candidate,reinvent_generated,BTK,0.0645,Remibrutinib (CID 134324050),ligand_based_similarity_tanimoto_morgan2_2048
GEN_0203,COc1cc(CCS(=O)CCCN=C=S)c([C@@H]2CC(=O)c3c(O)cc(O)cc3O2)cc1O,candidate,reinvent_generated,BTK,0.0635,Remibrutinib (CID 134324050),ligand_based_similarity_tanimoto_morgan2_2048
Ellagic acid,O=c1oc2c(O)c(O)cc3c(=O)oc4c(O)c(O)cc1c4c23,maintenance,library,BTK,0.0633,Ibrutinib (CID 24821094),ligand_based_similarity_tanimoto_morgan2_2048
GEN_0190,O=C1CC(c2ccc(O)c(CCS(=O)CCCN=C=S)c2)Oc2cc(O)cc(O)c21,candidate,reinvent_generated,BTK,0.0631,Ibrutinib (CID 24821094),ligand_based_similarity_tanimoto_morgan2_2048
GEN_0221,NC(=O)c1cc(CCS(=O)CCCN=C=S)c[n+]([C@@H]2O[C@H](CO)[C@@H](O)[C@H]2O)c1,candidate,reinvent_generated,BTK,0.0631,Ibrutinib (CID 24821094),ligand_based_similarity_tanimoto_morgan2_2048
GEN_0243,CCCCCc1cc2c(c(O)c1CCS(=O)CCCN=C=S)C=CC(C)(CCC=C(C)C)O2,candidate,reinvent_generated,BTK,0.063,Remibrutinib (CID 134324050),ligand_based_similarity_tanimoto_morgan2_2048
GEN_0199,O=C(CCc1ccc(O)cc1CCS(=O)CCCN=C=S)c1c(O)cc(O)cc1O,candidate,reinvent_generated,BTK,0.0625,Remibrutinib (CID 134324050),ligand_based_similarity_tanimoto_morgan2_2048
GEN_0233,COc1cc(-c2cc(=O)c3c(OC)c(OC)c(OC)c(OC)c3o2)cc(CCS(=O)CCCN=C=S)c1OC,candidate,reinvent_generated,BTK,0.0625,Ibrutinib (CID 24821094),ligand_based_similarity_tanimoto_morgan2_2048
GEN_0194,O=C1CC(c2ccc(O)cc2CCS(=O)CCCN=C=S)Oc2cc(O)cc(O)c21,candidate,reinvent_generated,BTK,0.0619,Ibrutinib (CID 24821094),ligand_based_similarity_tanimoto_morgan2_2048
GEN_0202,O=C(CCc1ccc(O)c(CCS(=O)CCCN=C=S)c1)c1c(O)cc(O)cc1O,candidate,reinvent_generated,BTK,0.0619,Remibrutinib (CID 134324050),ligand_based_similarity_tanimoto_morgan2_2048
Ascorbic acid,O=C1O[C@H]([C@@H](O)CO)C(O)=C1O,rescue,library,BTK,0.0617,Ibrutinib (CID 24821094),ligand_based_similarity_tanimoto_morgan2_2048
GEN_0201,CCCCC[C@H](O)CC(=O)CCc1cc(OC)c(O)cc1CCS(=O)CCCN=C=S,candidate,reinvent_generated,BTK,0.0614,Ibrutinib (CID 24821094),ligand_based_similarity_tanimoto_morgan2_2048
GEN_0241,COc1c(O)ccc([C@H]2Oc3cc([C@H]4Oc5cc(O)cc(O)c5C(=O)[C@@H]4O)ccc3O[C@@H]2CO)c1CCS(=O)CCCN=C=S,candidate,reinvent_generated,BTK,0.0611,Ibrutinib (CID 24821094),ligand_based_similarity_tanimoto_morgan2_2048
GEN_0178,O=S(CCCN=C=S)CCc1c(O)cc(/C=C/c2ccc(O)c(O)c2)cc1O,candidate,reinvent_generated,BTK,0.0606,Ibrutinib (CID 24821094),ligand_based_similarity_tanimoto_morgan2_2048
GEN_0204,CCCCC[C@H](O)CC(=O)CCc1cc(CCS(=O)CCCN=C=S)c(O)c(OC)c1,candidate,reinvent_generated,BTK,0.0603,Ibrutinib (CID 24821094),ligand_based_similarity_tanimoto_morgan2_2048
GEN_0213,COc1c(O)ccc(-c2oc3cc(O)cc(O)c3c(=O)c2O)c1CCS(=O)CCCN=C=S,candidate,reinvent_generated,BTK,0.0603,Ibrutinib (CID 24821094),ligand_based_similarity_tanimoto_morgan2_2048
GEN_0148,CS(=O)Cc1ccc(N=C=S)cc1,candidate,reinvent_generated,BTK,0.0602,Ibrutinib (CID 24821094),ligand_based_similarity_tanimoto_morgan2_2048
GEN_0227,COc1cc([C@H]2Oc3c(ccc([C@H]4Oc5cc(O)cc(O)c5C(=O)[C@@H]4O)c3CCS(=O)CCCN=C=S)O[C@@H]2CO)ccc1O,candidate,reinvent_generated,BTK,0.0602,Ibrutinib (CID 24821094),ligand_based_similarity_tanimoto_morgan2_2048
Geraniol,CC(C)=CCC/C(C)=C/CO,maintenance,library,BTK,0.0595,Remibrutinib (CID 134324050),ligand_based_similarity_tanimoto_morgan2_2048
Cannabigerol,CCCCCc1cc(O)c(C/C=C(\C)CCC=C(C)C)c(O)c1,maintenance,library,BTK,0.0594,Remibrutinib (CID 134324050),ligand_based_similarity_tanimoto_morgan2_2048
Thymoquinone,CC1=CC(=O)C(C(C)C)=CC1=O,maintenance,library,BTK,0.0588,Remibrutinib (CID 134324050),ligand_based_similarity_tanimoto_morgan2_2048
GEN_0132,CS(=O)CCc1ccc(N=C=S)cc1,candidate,reinvent_generated,BTK,0.0588,Ibrutinib (CID 24821094),ligand_based_similarity_tanimoto_morgan2_2048
GEN_0154,CCS(=O)Cc1ccc(N=C=S)cc1,candidate,reinvent_generated,BTK,0.0588,Ibrutinib (CID 24821094),ligand_based_similarity_tanimoto_morgan2_2048
Glucoraphanin,CS(=O)CCCC/C(=N\OS(=O)(=O)O)S[C@@H]1O[C@H](CO)[C@@H](O)[C@H](O)[C@H]1O,remission,library,BTK,0.0583,Ibrutinib (CID 24821094),ligand_based_similarity_tanimoto_morgan2_2048
GEN_0150,CCS(=O)CCc1ccc(N=C=S)cc1,candidate,reinvent_generated,BTK,0.0575,Ibrutinib (CID 24821094),ligand_based_similarity_tanimoto_morgan2_2048
GEN_0223,CCCCCc1cc(O)c(C/C=C(\C)CCC=C(C)C)c(O)c1CCS(=O)CCCN=C=S,candidate,reinvent_generated,BTK,0.0574,Remibrutinib (CID 134324050),ligand_based_similarity_tanimoto_morgan2_2048
Butyric acid,CCCC(=O)O,maintenance,library,BTK,0.0571,Ibrutinib (CID 24821094),ligand_based_similarity_tanimoto_morgan2_2048
GEN_0193,O=S(CCCN=C=S)CCc1c(O)cc(O)cc1/C=C/c1ccc(O)c(O)c1,candidate,reinvent_generated,BTK,0.0571,Ibrutinib (CID 24821094),ligand_based_similarity_tanimoto_morgan2_2048
Cannabinol,CCCCCc1cc(O)c2c(c1)OC(C)(C)c1ccc(C)cc1-2,maintenance,library,BTK,0.0566,Remibrutinib (CID 134324050),ligand_based_similarity_tanimoto_morgan2_2048
GEN_0219,CN(C)c1cc2sc3cc(=[N+](C)C)ccc-3nc2cc1CCS(=O)CCCN=C=S.[Cl-],candidate,reinvent_generated,BTK,0.0565,Remibrutinib (CID 134324050),ligand_based_similarity_tanimoto_morgan2_2048
GEN_0146,CS(=O)Cc1ccc(C#N)cc1,candidate,reinvent_generated,BTK,0.0562,Remibrutinib (CID 134324050),ligand_based_similarity_tanimoto_morgan2_2048
GEN_0239,CCCCCc1cc2c(c(O)c1CCS(=O)CCCN=C=S)-c1cc(C)ccc1C(C)(C)O2,candidate,reinvent_generated,BTK,0.0556,Remibrutinib (CID 134324050),ligand_based_similarity_tanimoto_morgan2_2048
GEN_0124,CS(=O)CCc1ccc(C#N)cc1,candidate,reinvent_generated,BTK,0.0549,Remibrutinib (CID 134324050),ligand_based_similarity_tanimoto_morgan2_2048
GEN_0220,O=c1c(O)c(-c2cc(O)c(O)c(CCS(=O)CCCN=C=S)c2)oc2cc(O)cc(O)c12,candidate,reinvent_generated,BTK,0.0545,Ibrutinib (CID 24821094),ligand_based_similarity_tanimoto_morgan2_2048
GEN_0244,O=c1c(O)c(-c2cc(O)c(O)c(O)c2CCS(=O)CCCN=C=S)oc2cc(O)cc(O)c12,candidate,reinvent_generated,BTK,0.0545,Ibrutinib (CID 24821094),ligand_based_similarity_tanimoto_morgan2_2048
GEN_0198,O=c1cc(-c2ccc(O)cc2CCS(=O)CCCN=C=S)oc2cc(O)cc(O)c12,candidate,reinvent_generated,BTK,0.0541,Ibrutinib (CID 24821094),ligand_based_similarity_tanimoto_morgan2_2048
GEN_0206,O=c1c(O)c(-c2ccc(O)cc2CCS(=O)CCCN=C=S)oc2cc(O)cc(O)c12,candidate,reinvent_generated,BTK,0.0541,Ibrutinib (CID 24821094),ligand_based_similarity_tanimoto_morgan2_2048
GEN_0268,CC(C)c1c(O)c(O)c2c(c1CCS(=O)CCCN=C=S)[C@@H]1C[C@H]3C(C)(C)CCC[C@]23C(=O)O1,candidate,reinvent_generated,BTK,0.0538,Remibrutinib (CID 134324050),ligand_based_similarity_tanimoto_morgan2_2048
GEN_0217,O=c1c(O)c(-c2cc(O)c(O)c(CCS(=O)CCCN=C=S)c2)oc2cc(O)ccc12,candidate,reinvent_generated,BTK,0.0536,Ibrutinib (CID 24821094),ligand_based_similarity_tanimoto_morgan2_2048
GEN_0151,CSCc1ccc(N=C=S)cc1,candidate,reinvent_generated,BTK,0.0488,Ibrutinib (CID 24821094),ligand_based_similarity_tanimoto_morgan2_2048
GEN_0259,NC(N)=Nc1nc(CSCCC(N)=NS(N)(=O)=O)c(CCS(=O)CCCN=C=S)s1,candidate,reinvent_generated,BTK,0.048,Remibrutinib (CID 134324050),ligand_based_similarity_tanimoto_morgan2_2048
Eucalyptol,CC12CCC(CC1)C(C)(C)O2,maintenance,library,BTK,0.0476,Remibrutinib (CID 134324050),ligand_based_similarity_tanimoto_morgan2_2048
GEN_0134,CSCCc1ccc(N=C=S)cc1,candidate,reinvent_generated,BTK,0.0476,Ibrutinib (CID 24821094),ligand_based_similarity_tanimoto_morgan2_2048
GEN_0271,O=c1oc2c(O)c(O)c(CCS(=O)CCCN=C=S)c3c(=O)oc4c(O)c(O)cc1c4c23,candidate,reinvent_generated,BTK,0.0463,Ibrutinib (CID 24821094),ligand_based_similarity_tanimoto_morgan2_2048
GEN_0113,CS(=O)/C=C/CCC#N,candidate,reinvent_generated,BTK,0.0455,Remibrutinib (CID 134324050),ligand_based_similarity_tanimoto_morgan2_2048
GEN_0156,CS(=O)(=O)/C=C/CCC#N,candidate,reinvent_generated,BTK,0.0455,Remibrutinib (CID 134324050),ligand_based_similarity_tanimoto_morgan2_2048
GEN_0209,O=c1cc(-c2cc(O)c(O)cc2CCS(=O)CCCN=C=S)oc2cc(O)cc(O)c12,candidate,reinvent_generated,BTK,0.0455,Ibrutinib (CID 24821094),ligand_based_similarity_tanimoto_morgan2_2048
GEN_0215,O=c1c(O)c(-c2cc(O)c(O)cc2CCS(=O)CCCN=C=S)oc2cc(O)cc(O)c12,candidate,reinvent_generated,BTK,0.0455,Ibrutinib (CID 24821094),ligand_based_similarity_tanimoto_morgan2_2048
GEN_0210,O=c1c(O)c(-c2cc(O)c(O)cc2CCS(=O)CCCN=C=S)oc2cc(O)ccc12,candidate,reinvent_generated,BTK,0.045,Ibrutinib (CID 24821094),ligand_based_similarity_tanimoto_morgan2_2048
GEN_0142,CCS(=O)/C=C/CCC#N,candidate,reinvent_generated,BTK,0.0444,Remibrutinib (CID 134324050),ligand_based_similarity_tanimoto_morgan2_2048
GEN_0275,COc1cc(CCS(=O)CCCN=C=S)c(-c2cc(=O)c3c(OC)c(OC)c(OC)c(OC)c3o2)cc1OC,candidate,reinvent_generated,BTK,0.0442,Ibrutinib (CID 24821094),ligand_based_similarity_tanimoto_morgan2_2048
Sulforaphene,CS(=O)/C=C/CCN=C=S,remission,library,BTK,0.044,Remibrutinib (CID 134324050),ligand_based_similarity_tanimoto_morgan2_2048
GEN_0123,CS(=O)/C=C/CCSC#N,candidate,reinvent_generated,BTK,0.044,Remibrutinib (CID 134324050),ligand_based_similarity_tanimoto_morgan2_2048
GEN_0130,CS(=O)(=O)/C=C/CCN=C=S,candidate,reinvent_generated,BTK,0.044,Remibrutinib (CID 134324050),ligand_based_similarity_tanimoto_morgan2_2048
GEN_0167,CS(=O)(=O)/C=C/CCSC#N,candidate,reinvent_generated,BTK,0.044,Remibrutinib (CID 134324050),ligand_based_similarity_tanimoto_morgan2_2048
GEN_0128,CCS(=O)(=O)/C=C/CCN=C=S,candidate,reinvent_generated,BTK,0.0435,Remibrutinib (CID 134324050),ligand_based_similarity_tanimoto_morgan2_2048
GEN_0112,CCS(=O)/C=C/CCN=C=S,candidate,reinvent_generated,BTK,0.043,Remibrutinib (CID 134324050),ligand_based_similarity_tanimoto_morgan2_2048
GEN_0155,CCS(=O)/C=C/CCSC#N,candidate,reinvent_generated,BTK,0.043,Remibrutinib (CID 134324050),ligand_based_similarity_tanimoto_morgan2_2048
GEN_0158,C=CCC#N,candidate,reinvent_generated,BTK,0.0423,Ibrutinib (CID 24821094),ligand_based_similarity_tanimoto_morgan2_2048
Taurine,NCCS(=O)(=O)O,maintenance,library,BTK,0.0417,Ibrutinib (CID 24821094),ligand_based_similarity_tanimoto_morgan2_2048
Allyl isothiocyanate,C=CCN=C=S,remission,library,BTK,0.0405,Ibrutinib (CID 24821094),ligand_based_similarity_tanimoto_morgan2_2048
GEN_0172,C=CCSC#N,candidate,reinvent_generated,BTK,0.0405,Ibrutinib (CID 24821094),ligand_based_similarity_tanimoto_morgan2_2048
Cannabicyclol,CC(C)C(NCCNC(C(C)C)C(C)C)C(C)C,maintenance,library,BTK,0.0375,Remibrutinib (CID 134324050),ligand_based_similarity_tanimoto_morgan2_2048
GEN_0125,CS(=O)CCCC#N,candidate,reinvent_generated,BTK,0.0349,Remibrutinib (CID 134324050),ligand_based_similarity_tanimoto_morgan2_2048
GEN_0166,CS/C=C/CCC#N,candidate,reinvent_generated,BTK,0.0345,Remibrutinib (CID 134324050),ligand_based_similarity_tanimoto_morgan2_2048
GEN_0157,CCS(=O)CCCC#N,candidate,reinvent_generated,BTK,0.0341,Remibrutinib (CID 134324050),ligand_based_similarity_tanimoto_morgan2_2048
GEN_0171,CS/C=C/CCSC#N,candidate,reinvent_generated,BTK,0.0337,Remibrutinib (CID 134324050),ligand_based_similarity_tanimoto_morgan2_2048
GEN_0137,CS/C=C/CCN=C=S,candidate,reinvent_generated,BTK,0.0333,Remibrutinib (CID 134324050),ligand_based_similarity_tanimoto_morgan2_2048
GEN_0143,CCS/C=C/CCN=C=S,candidate,reinvent_generated,BTK,0.0326,Remibrutinib (CID 134324050),ligand_based_similarity_tanimoto_morgan2_2048
GEN_0168,CS(=O)(=O)CCCC#N,candidate,reinvent_generated,BTK,0.0256,Ibrutinib (CID 24821094),ligand_based_similarity_tanimoto_morgan2_2048
GEN_0164,CS(=O)(=O)CCCCC#N,candidate,reinvent_generated,BTK,0.0253,Ibrutinib (CID 24821094),ligand_based_similarity_tanimoto_morgan2_2048
GEN_0144,CS(=O)(=O)CCCN=C=S,candidate,reinvent_generated,BTK,0.0247,Ibrutinib (CID 24821094),ligand_based_similarity_tanimoto_morgan2_2048
GEN_0170,CS(=O)(=O)CCCSC#N,candidate,reinvent_generated,BTK,0.0247,Ibrutinib (CID 24821094),ligand_based_similarity_tanimoto_morgan2_2048
GEN_0140,CS(=O)(=O)CCCCN=C=S,candidate,reinvent_generated,BTK,0.0244,Ibrutinib (CID 24821094),ligand_based_similarity_tanimoto_morgan2_2048
GEN_0162,CS(=O)(=O)CCCCSC#N,candidate,reinvent_generated,BTK,0.0244,Ibrutinib (CID 24821094),ligand_based_similarity_tanimoto_morgan2_2048
GEN_0145,CS(=O)(=O)CCCCCN=C=S,candidate,reinvent_generated,BTK,0.0241,Ibrutinib (CID 24821094),ligand_based_similarity_tanimoto_morgan2_2048
GEN_0129,CSCCCC#N,candidate,reinvent_generated,BTK,0.0235,Remibrutinib (CID 134324050),ligand_based_similarity_tanimoto_morgan2_2048
GEN_0115,CS(=O)CCCCC#N,candidate,reinvent_generated,BTK,0.0227,Remibrutinib (CID 134324050),ligand_based_similarity_tanimoto_morgan2_2048
GEN_0117,CS(=O)CCCCCC#N,candidate,reinvent_generated,BTK,0.0225,Remibrutinib (CID 134324050),ligand_based_similarity_tanimoto_morgan2_2048
Iberin,CS(=O)CCCN=C=S,remission,library,BTK,0.0222,Remibrutinib (CID 134324050),ligand_based_similarity_tanimoto_morgan2_2048
GEN_0138,CS(=O)CCCSC#N,candidate,reinvent_generated,BTK,0.0222,Remibrutinib (CID 134324050),ligand_based_similarity_tanimoto_morgan2_2048
GEN_0149,CCS(=O)CCCCC#N,candidate,reinvent_generated,BTK,0.0222,Remibrutinib (CID 134324050),ligand_based_similarity_tanimoto_morgan2_2048
Sulforaphane,CS(=O)CCCCN=C=S,remission,library,BTK,0.022,Remibrutinib (CID 134324050),ligand_based_similarity_tanimoto_morgan2_2048
GEN_0131,CS(=O)CCCCSC#N,candidate,reinvent_generated,BTK,0.022,Remibrutinib (CID 134324050),ligand_based_similarity_tanimoto_morgan2_2048
GEN_0141,CCS(=O)(=O)CCCN=C=S,candidate,reinvent_generated,BTK,0.022,Remibrutinib (CID 134324050),ligand_based_similarity_tanimoto_morgan2_2048
GEN_0110,CS(=O)CCCCCN=C=S,candidate,reinvent_generated,BTK,0.0217,Remibrutinib (CID 134324050),ligand_based_similarity_tanimoto_morgan2_2048
GEN_0118,CCS(=O)CCCN=C=S,candidate,reinvent_generated,BTK,0.0217,Remibrutinib (CID 134324050),ligand_based_similarity_tanimoto_morgan2_2048
GEN_0133,CS(=O)CCCCCSC#N,candidate,reinvent_generated,BTK,0.0217,Remibrutinib (CID 134324050),ligand_based_similarity_tanimoto_morgan2_2048
GEN_0139,CCS(=O)(=O)CCCCN=C=S,candidate,reinvent_generated,BTK,0.0217,Remibrutinib (CID 134324050),ligand_based_similarity_tanimoto_morgan2_2048
GEN_0169,CCS(=O)CCCSC#N,candidate,reinvent_generated,BTK,0.0217,Remibrutinib (CID 134324050),ligand_based_similarity_tanimoto_morgan2_2048
GEN_0114,CCS(=O)CCCCN=C=S,candidate,reinvent_generated,BTK,0.0215,Remibrutinib (CID 134324050),ligand_based_similarity_tanimoto_morgan2_2048
GEN_0165,CCS(=O)CCCCSC#N,candidate,reinvent_generated,BTK,0.0215,Remibrutinib (CID 134324050),ligand_based_similarity_tanimoto_morgan2_2048
GEN_0121,CCS(=O)CCCCCN=C=S,candidate,reinvent_generated,BTK,0.0213,Remibrutinib (CID 134324050),ligand_based_similarity_tanimoto_morgan2_2048
GEN_0119,CSCCCCC#N,candidate,reinvent_generated,BTK,0.0115,Remibrutinib (CID 134324050),ligand_based_similarity_tanimoto_morgan2_2048
GEN_0122,CSCCCCSC#N,candidate,reinvent_generated,BTK,0.0115,Remibrutinib (CID 134324050),ligand_based_similarity_tanimoto_morgan2_2048
GEN_0135,CSCCCSC#N,candidate,reinvent_generated,BTK,0.0115,Remibrutinib (CID 134324050),ligand_based_similarity_tanimoto_morgan2_2048
GEN_0120,CSCCCCCC#N,candidate,reinvent_generated,BTK,0.0114,Remibrutinib (CID 134324050),ligand_based_similarity_tanimoto_morgan2_2048
GEN_0127,CSCCCCCSC#N,candidate,reinvent_generated,BTK,0.0114,Remibrutinib (CID 134324050),ligand_based_similarity_tanimoto_morgan2_2048
GEN_0111,CSCCCN=C=S,candidate,reinvent_generated,BTK,0.0112,Remibrutinib (CID 134324050),ligand_based_similarity_tanimoto_morgan2_2048
Erucin,CSCCCCN=C=S,remission,library,BTK,0.0111,Remibrutinib (CID 134324050),ligand_based_similarity_tanimoto_morgan2_2048
GEN_0109,CSCCCCCN=C=S,candidate,reinvent_generated,BTK,0.011,Remibrutinib (CID 134324050),ligand_based_similarity_tanimoto_morgan2_2048
GEN_0126,CCSCCCN=C=S,candidate,reinvent_generated,BTK,0.011,Remibrutinib (CID 134324050),ligand_based_similarity_tanimoto_morgan2_2048
GEN_0116,CCSCCCCN=C=S,candidate,reinvent_generated,BTK,0.0109,Remibrutinib (CID 134324050),ligand_based_similarity_tanimoto_morgan2_2048
