name,smiles,category,subcategory,mechanism,target,evidence_level,source,biologic_flag,score_HRH1,ref_HRH1,score_HRH2,ref_HRH2,score_CYSLTR1,ref_CYSLTR1,score_MRGPRX2,ref_MRGPRX2,score_BTK,ref_BTK,score_KEAP1,ref_KEAP1,score_KIT,ref_KIT,score_GLP1R,ref_GLP1R,has_warhead,warheads,keap1_pharm_pass,hERG_score,AMES_score,BBB_score,vina_kcal_per_mol,vina_ligand_efficiency,c151_dE_kcal_per_mol,c151_score,chembl_pIC50_BTK,chembl_pIC50_CYSLTR1,chembl_pIC50_GLP1R,chembl_pIC50_HRH1,chembl_pIC50_HRH2,chembl_pIC50_HRH3,chembl_pIC50_HRH4,chembl_pIC50_KEAP1,chembl_pIC50_KIT,chembl_pIC50_MRGPRX2,chembl_pIC50_SYK,composite_score,qed,sa_proxy,tanimoto_to_SFN,lipinski_pass
Erucin,CSCCCCN=C=S,remission,Natural isothiocyanate (Brassica),Sulfide form of SFN; reduced + bioequivalent in vivo via S-oxidation; covalent KEAP1 modifier,KEAP1 (Q14145),high,library,,0.0455,Fexofenadine (CID 3348),0.1034,Cimetidine (CID 2756),0.0353,Montelukast (CID 5281040),0.029,Saikosaponin a (approx),0.0111,Remibrutinib (CID 134324050),1.0,Erucin (CID 7373),0.027,Avapritinib (CID 71576428),0.0267,Orforglipron (approx),True,isothiocyanate,True,0.265,0.415,0.92,-3.699,-0.411,-34.177,0.327,5.353,5.332,5.854,5.28,5.385,6.614,5.786,3.19,5.954,4.876,4.905,0.7176,,,,
Sulforaphane,CS(=O)CCCCN=C=S,remission,Isothiocyanate (broccoli sprout),Covalent KEAP1 modifier (Cys-151/273/288 isothiocyanate adduct) -> Nrf2 stabilization + nuclear translocation; HO-1 / NQO1 induction; NF-kB / caspase-1 inhibition; epigenetic (DNMT/HDAC) modulation,KEAP1 (Q14145); epigenetic,high,library,,0.0656,Cetirizine (CID 2678),0.0645,Cimetidine (CID 2756),0.0465,Montelukast (CID 5281040),0.037,Luteolin (CID 5280445),0.022,Remibrutinib (CID 134324050),1.0,Sulforaphane (CID 5350),0.0476,Imatinib (CID 5291),0.0533,Orforglipron (approx),True,isothiocyanate,True,0.235,0.545,0.92,-4.045,-0.404,-34.763,0.337,5.549,5.718,5.761,5.331,5.364,6.95,5.726,3.982,6.041,4.857,4.975,0.716,,,,
Phenethyl isothiocyanate,S=C=NCCc1ccccc1,remission,Natural isothiocyanate (watercress),Covalent KEAP1 modifier; HDAC inhibition; well-studied chemopreventive,KEAP1; HDAC,high,library,,0.175,Diphenhydramine (CID 3100),0.0833,Cimetidine (CID 2756),0.1125,Montelukast (CID 5281040),0.0789,Resveratrol (CID 445154),0.0779,Ibrutinib (CID 24821094),1.0,Phenethyl isothiocyanate (CID 16741),0.0845,Avapritinib (CID 71576428),0.0833,Orforglipron (approx),True,isothiocyanate,True,0.7,0.75,0.95,-5.203,-0.473,-33.971,0.324,5.602,5.621,5.543,5.326,5.407,6.228,5.369,3.006,6.116,4.873,5.272,0.6808,,,,
Curcumin,COc1cc(/C=C/C(=O)CC(=O)/C=C/c2ccc(O)c(OC)c2)ccc1O,maintenance,Polyphenol,NF-kB inhibition; Nrf2 activation; antioxidant,NF-kB; Nrf2; multi-target,high,library,,0.1389,Loratadine (CID 3957),0.1343,Ranitidine (CID 3001055),0.1667,Pranlukast (CID 4895),0.2821,Resveratrol (CID 445154),0.1099,Remibrutinib (CID 134324050),1.0,Curcumin (CID 969516),0.119,Masitinib (CID 10074640),0.1299,Orforglipron (approx),True,michael_enone,True,0.685,0.09,0.8075,,,,,5.736,6.294,5.328,5.226,5.374,5.92,5.472,4.135,6.028,4.716,5.248,0.663,,,,
Iberin,CS(=O)CCCN=C=S,remission,Natural isothiocyanate (Brassica),Covalent KEAP1 modifier (Cys); Nrf2 activator; shorter-chain SFN analog,KEAP1 (Q14145),medium,library,,0.0667,Cetirizine (CID 2678),0.0656,Cimetidine (CID 2756),0.0471,Montelukast (CID 5281040),0.0377,Luteolin (CID 5280445),0.0222,Remibrutinib (CID 134324050),1.0,Iberin (CID 3032358),0.0482,Imatinib (CID 5291),0.0541,Orforglipron (approx),True,isothiocyanate,True,0.235,0.47,0.925,-3.815,-0.424,-39.173,0.407,5.709,5.718,5.743,5.214,5.17,6.924,5.592,4.071,6.016,4.859,5.008,0.6076,,,,
Fexofenadine,CC(C)(C(=O)O)c1ccc(C(O)CCCN2CCC(C(O)(c3ccccc3)c3ccccc3)CC2)cc1,rescue,H1 antihistamine (second-gen),Selective peripheral H1 receptor antagonist,HRH1,high,library,,1.0,Fexofenadine (CID 3348),0.0941,Ranitidine (CID 3001055),0.2105,Montelukast (CID 5281040),0.1264,Saikosaponin a (approx),0.1596,Ibrutinib (CID 24821094),0.1148,Benzyl isothiocyanate (CID 2346),0.1684,Masitinib (CID 10074640),0.2235,Orforglipron (approx),False,,False,0.9,0.165,0.125,,,,,5.307,6.039,5.899,7.123,6.35,6.463,5.257,5.588,5.776,4.636,5.463,0.5965,,,,
Cetirizine,O=C(O)COCCN1CCN(C(c2ccccc2)c2ccc(Cl)cc2)CC1,rescue,H1 antihistamine (second-gen),Selective peripheral H1 receptor antagonist,HRH1,high,library,,1.0,Cetirizine (CID 2678),0.0875,Ranitidine (CID 3001055),0.1848,Montelukast (CID 5281040),0.0893,Resveratrol (CID 445154),0.1444,Ibrutinib (CID 24821094),0.1429,Phenethyl isothiocyanate (CID 16741),0.1889,Dasatinib (CID 3062316),0.1807,Orforglipron (approx),False,,True,0.8562,0.16,0.33,,,,,5.345,6.256,5.479,7.488,5.796,7.026,5.469,3.756,5.9,4.676,4.944,0.5962,,,,
Rosmarinic acid,O=C(/C=C/c1ccc(O)c(O)c1)O[C@H](Cc1ccc(O)c(O)c1)C(=O)O,maintenance,"Polyphenol (Perilla, rosemary)",Anti-allergic; mast cell stabilization,Mast cell; complement,high,library,,0.1408,Cetirizine (CID 2678),0.0909,Ranitidine (CID 3001055),0.191,Montelukast (CID 5281040),0.234,Resveratrol (CID 445154),0.1111,Ibrutinib (CID 24821094),0.3725,Curcumin (CID 969516),0.1209,Masitinib (CID 10074640),0.1176,Orforglipron (approx),True,michael_enone;alpha_beta_unsat_ester,True,0.5283,0.41,0.5968,,,,,5.916,5.489,5.462,6.244,6.1,6.209,9.89,3.701,6.21,4.712,4.981,0.5932,,,,
Thymoquinone,CC1=CC(=O)C(C(C)C)=CC1=O,maintenance,Quinone (Nigella sativa),Anti-inflammatory; histamine pathway inhibition,NF-kB; mast cell,high,library,,0.0976,Diphenhydramine (CID 3100),0.0678,Cimetidine (CID 2756),0.061,Montelukast (CID 5281040),0.0851,Apigenin (CID 5280443),0.0588,Remibrutinib (CID 134324050),0.093,Oltipraz (CID 4642),0.0779,Masitinib (CID 10074640),0.0704,Orforglipron (approx),True,michael_enone;para_quinone,True,0.31,0.22,0.925,,,,,5.317,5.891,5.635,5.251,5.053,5.954,5.552,4.029,5.767,4.909,5.123,0.5901,,,,
Hydroxyzine,OCCOCCN1CCN(C(c2ccccc2)c2ccc(Cl)cc2)CC1,rescue,H1 antihistamine (first-gen),H1 antagonist + anxiolytic; crosses BBB,HRH1,high,library,,1.0,Hydroxyzine (CID 3658),0.0759,Ranitidine (CID 3001055),0.163,Montelukast (CID 5281040),0.0926,Resveratrol (CID 445154),0.1222,Ibrutinib (CID 24821094),0.1321,Benzyl isothiocyanate (CID 2346),0.1932,Dasatinib (CID 3062316),0.1566,Orforglipron (approx),False,,True,0.8963,0.19,0.945,,,,,5.275,5.551,5.435,8.235,5.823,6.942,5.433,3.161,5.788,4.936,4.991,0.5899,,,,
Benzyl isothiocyanate,S=C=NCc1ccccc1,remission,Natural isothiocyanate (papaya / garden cress),Covalent KEAP1 modifier; broader cytotoxic profile,KEAP1 (Q14145),medium,library,,0.1842,Diphenhydramine (CID 3100),0.0862,Cimetidine (CID 2756),0.1013,Montelukast (CID 5281040),0.0833,Resveratrol (CID 445154),0.08,Ibrutinib (CID 24821094),1.0,Benzyl isothiocyanate (CID 2346),0.087,Avapritinib (CID 71576428),0.0857,Orforglipron (approx),True,isothiocyanate,True,0.695,0.58,0.955,-5.129,-0.513,-37.551,0.381,5.587,5.399,5.486,5.214,5.34,6.229,5.382,3.027,5.785,4.87,5.277,0.578,,,,
Loratadine,CCOC(=O)N1CCC(=C2c3ccc(Cl)cc3CCc3cccnc32)CC1,rescue,H1 antihistamine (second-gen),Selective peripheral H1 receptor antagonist,HRH1,high,library,,1.0,Loratadine (CID 3957),0.1059,Cimetidine (CID 2756),0.1683,Montelukast (CID 5281040),0.0938,Resveratrol (CID 445154),0.1635,Remibrutinib (CID 134324050),0.1389,Curcumin (CID 969516),0.2211,Imatinib (CID 5291),0.1889,Orforglipron (approx),False,,True,0.9663,0.275,0.325,,,,,5.841,6.444,5.777,6.464,5.665,5.841,5.586,4.662,5.98,4.958,5.438,0.573,,,,
Diphenhydramine,CN(C)CCOC(c1ccccc1)c1ccccc1,rescue,H1 antihistamine (first-gen),H1 antagonist; rescue route for anaphylaxis,HRH1,high,library,,1.0,Diphenhydramine (CID 3100),0.129,Ranitidine (CID 3001055),0.1358,Montelukast (CID 5281040),0.1,Resveratrol (CID 445154),0.0886,Ibrutinib (CID 24821094),0.1842,Benzyl isothiocyanate (CID 2346),0.1268,Avapritinib (CID 71576428),0.1096,Orforglipron (approx),False,,True,0.98,0.1,1.0,,,,,5.67,5.347,5.481,4.923,5.339,5.954,5.285,3.198,5.882,4.868,5.16,0.5632,,,,
GEN_0005,CS(=O)CCCN=C=S,remission,generated_sulforaphane_analog,Sulforaphane-class hypothesis (SFN warhead / bioisostere),,low,reinvent_generated,,0.0667,Cetirizine (CID 2678),0.0656,Cimetidine (CID 2756),0.0471,Montelukast (CID 5281040),0.0377,Luteolin (CID 5280445),0.0222,Remibrutinib (CID 134324050),1.0,Iberin (CID 3032358),0.0482,Imatinib (CID 5291),0.0541,Orforglipron (approx),True,isothiocyanate,True,0.235,0.47,0.925,-3.815,-0.424,-39.173,0.407,5.709,5.718,5.743,5.214,5.17,6.924,5.592,4.071,6.016,4.859,5.008,0.5525,0.3493,1.88,1.0,True
Masitinib,Cc1ccc(NC(=O)c2ccc(CN3CCN(C)CC3)cc2)cc1Nc1nc(-c2cccnc2)cs1,remission,Tyrosine kinase inhibitor,"KIT, LYN, FYN inhibition",KIT,high,library,,0.2062,Loratadine (CID 3957),0.1316,Nizatidine (CID 3033),0.2315,Pranlukast (CID 4895),0.0778,Apigenin (CID 5280443),0.1624,Remibrutinib (CID 134324050),0.1205,Oltipraz (CID 4642),0.7467,Imatinib (CID 5291),0.1961,Orforglipron (approx),False,,False,0.82,0.455,0.73,-10.43,-0.29,,,5.324,6.564,5.456,6.328,5.646,5.062,5.759,5.18,6.611,5.532,5.349,0.5448,,,,
GEN_0002,CSCCCCN=C=S,remission,generated_sulforaphane_analog,Sulforaphane-class hypothesis (SFN warhead / bioisostere),,low,reinvent_generated,,0.0455,Fexofenadine (CID 3348),0.1034,Cimetidine (CID 2756),0.0353,Montelukast (CID 5281040),0.029,Saikosaponin a (approx),0.0111,Remibrutinib (CID 134324050),1.0,Erucin (CID 7373),0.027,Avapritinib (CID 71576428),0.0267,Orforglipron (approx),True,isothiocyanate,True,0.265,0.415,0.92,-3.699,-0.411,-34.177,0.327,5.353,5.332,5.854,5.28,5.385,6.614,5.786,3.19,5.954,4.876,4.905,0.5424,0.3481,1.18,1.0,True
GEN_0004,CS(=O)CCCCN=C=S,remission,generated_sulforaphane_analog,Sulforaphane-class hypothesis (SFN warhead / bioisostere),,low,reinvent_generated,,0.0656,Cetirizine (CID 2678),0.0645,Cimetidine (CID 2756),0.0465,Montelukast (CID 5281040),0.037,Luteolin (CID 5280445),0.022,Remibrutinib (CID 134324050),1.0,Sulforaphane (CID 5350),0.0476,Imatinib (CID 5291),0.0533,Orforglipron (approx),True,isothiocyanate,True,0.235,0.545,0.92,-4.045,-0.404,-34.763,0.337,5.549,5.718,5.761,5.331,5.364,6.95,5.726,3.982,6.041,4.857,4.975,0.5419,0.3592,1.9,1.0,True
GEN_0006,CSCCCCCN=C=S,remission,generated_sulforaphane_analog,Sulforaphane-class hypothesis (SFN warhead / bioisostere),,low,reinvent_generated,,0.0448,Fexofenadine (CID 3348),0.1017,Cimetidine (CID 2756),0.0349,Montelukast (CID 5281040),0.0286,Saikosaponin a (approx),0.011,Remibrutinib (CID 134324050),0.9545,Erucin (CID 7373),0.0267,Avapritinib (CID 71576428),0.0263,Orforglipron (approx),True,isothiocyanate,True,0.27,0.37,0.92,-3.818,-0.382,-35.849,0.354,5.357,5.326,5.94,5.351,5.399,6.611,5.769,3.19,5.955,4.875,4.904,0.5394,0.3494,1.2,0.9524,True
GEN_0008,CS(=O)CCCCCN=C=S,remission,generated_sulforaphane_analog,Sulforaphane-class hypothesis (SFN warhead / bioisostere),,low,reinvent_generated,,0.0645,Cetirizine (CID 2678),0.0635,Cimetidine (CID 2756),0.046,Montelukast (CID 5281040),0.0364,Luteolin (CID 5280445),0.0217,Remibrutinib (CID 134324050),0.9583,Sulforaphane (CID 5350),0.0471,Imatinib (CID 5291),0.0526,Orforglipron (approx),True,isothiocyanate,True,0.24,0.455,0.92,-4.396,-0.4,-28.465,0.236,5.552,5.714,5.847,5.417,5.376,6.943,5.711,3.965,6.042,4.856,4.974,0.5388,0.3627,1.92,0.9565,True
Allyl isothiocyanate,C=CCN=C=S,remission,Natural isothiocyanate (mustard),Covalent KEAP1 modifier; TRPA1 agonist (pungent),KEAP1; TRPA1,medium,library,,0.0308,Loratadine (CID 3957),0.0536,Cimetidine (CID 2756),0.0247,Montelukast (CID 5281040),0.0294,Resveratrol (CID 445154),0.0405,Ibrutinib (CID 24821094),1.0,Allyl isothiocyanate (CID 5971),0.0143,Avapritinib (CID 71576428),0.0141,Orforglipron (approx),True,isothiocyanate,False,0.265,0.755,0.98,-3.161,-0.527,-39.416,0.411,5.584,5.287,5.388,5.322,5.356,6.345,5.687,3.149,6.258,4.874,4.794,0.5376,,,,
Famotidine,NC(N)=Nc1nc(CSCCC(N)=NS(N)(=O)=O)cs1,rescue,H2 antihistamine,H2 receptor antagonist,HRH2,high,library,,0.0769,Cetirizine (CID 2678),1.0,Famotidine (CID 3325),0.0792,Montelukast (CID 5281040),0.0735,Apigenin (CID 5280443),0.0667,Remibrutinib (CID 134324050),0.0952,Oltipraz (CID 4642),0.0825,Masitinib (CID 10074640),0.0769,Orforglipron (approx),False,,True,0.38,0.52,0.9033,,,,,5.536,6.309,5.633,9.844,7.268,6.107,6.678,3.519,6.045,5.158,5.639,0.5342,,,,
Sulforaphene,CS(=O)/C=C/CCN=C=S,remission,Natural isothiocyanate (radish),Covalent KEAP1 modifier; unsaturated SFN homolog with potentially stronger Nrf2 activation,KEAP1 (Q14145),medium,library,,0.0635,Cetirizine (CID 2678),0.0625,Cimetidine (CID 2756),0.0575,Montelukast (CID 5281040),0.0545,Luteolin (CID 5280445),0.044,Remibrutinib (CID 134324050),0.4688,Iberin (CID 3032358),0.0588,Dasatinib (CID 3062316),0.0519,Orforglipron (approx),True,isothiocyanate,True,0.25,0.595,0.875,-4.186,-0.419,-32.446,0.3,5.738,5.632,5.74,5.299,4.703,5.932,5.583,3.972,5.829,4.868,5.343,0.5341,,,,
Montelukast,CC(C)(O)c1ccccc1CC[C@@H](SCC1(CC(=O)O)CC1)c1cccc(/C=C/c2ccc3ccc(Cl)cc3n2)c1,maintenance,Leukotriene receptor antagonist,CysLT1 receptor antagonist; blocks LTD4/LTE4,CYSLTR1,high,library,,0.2128,Cetirizine (CID 2678),0.0976,Nizatidine (CID 3033),0.5109,Montelukast (CID 5281040),0.1098,Resveratrol (CID 445154),0.1083,Ibrutinib (CID 24821094),0.1444,Curcumin (CID 969516),0.1513,Dasatinib (CID 3062316),0.1532,Orforglipron (approx),False,,False,0.6433,0.34,0.7688,,,,,5.825,8.949,5.762,6.681,6.752,6.197,6.024,4.786,6.385,5.17,5.61,0.534,,,,
GEN_0009,CSCCCN=C=S,remission,generated_sulforaphane_analog,Sulforaphane-class hypothesis (SFN warhead / bioisostere),,low,reinvent_generated,,0.0465,Diphenhydramine (CID 3100),0.1053,Cimetidine (CID 2756),0.0357,Montelukast (CID 5281040),0.0294,Saikosaponin a (approx),0.0112,Remibrutinib (CID 134324050),0.8636,Erucin (CID 7373),0.0375,Masitinib (CID 10074640),0.027,Orforglipron (approx),True,isothiocyanate,True,0.265,0.365,0.915,-3.442,-0.43,-33.42,0.315,5.363,5.337,5.835,5.246,5.191,6.439,5.888,3.14,5.866,4.918,4.909,0.5329,0.3416,1.16,0.9048,True
Midostaurin,CO[C@@H]1[C@H](N(C)C(=O)c2ccccc2)C[C@H]2O[C@]1(C)n1c3ccccc3c3c4c(c5c6ccccc6n2c5c31)C(=O)NC4,remission,Multi-kinase inhibitor,"KIT, FLT3, PKC inhibition",KIT; FLT3,high,library,,0.1456,Fexofenadine (CID 3348),0.0952,Ranitidine (CID 3001055),0.1138,Pranlukast (CID 4895),0.1215,Saikosaponin a (approx),0.1293,Ibrutinib (CID 24821094),0.1037,Bardoxolone methyl (CID 400769),0.5581,Midostaurin (CID 9829523),0.125,Orforglipron (approx),False,,False,0.675,0.625,0.75,-10.458,-0.243,,,5.3,5.499,6.611,5.515,5.218,6.367,5.6,5.508,7.344,4.663,7.119,0.5238,,,,
Glucoraphanin,CS(=O)CCCC/C(=N\OS(=O)(=O)O)S[C@@H]1O[C@H](CO)[C@@H](O)[C@H](O)[C@H]1O,remission,Sulforaphane precursor,Converted to sulforaphane by myrosinase; same downstream Nrf2 activation,KEAP1 (via SFN),high,library,,0.0787,Fexofenadine (CID 3348),0.1111,Famotidine (CID 3325),0.0648,Montelukast (CID 5281040),0.1264,Saikosaponin a (approx),0.0583,Ibrutinib (CID 24821094),0.2241,Sulforaphane (CID 5350),0.0566,Midostaurin (CID 9829523),0.0722,Orforglipron (approx),False,,True,0.255,0.335,0.6483,-7.76,-0.298,,,5.705,6.067,6.45,5.682,5.3,7.05,5.578,5.214,5.502,4.862,4.097,0.5224,,,,
Resveratrol,Oc1ccc(/C=C/c2cc(O)cc(O)c2)cc1,maintenance,Stilbene polyphenol,Sirtuin / Nrf2 activator; MRGPRX2 inhibition,SIRT1; Nrf2; MRGPRX2,high,library,,0.1,Diphenhydramine (CID 3100),0.0847,Ranitidine (CID 3001055),0.1169,Montelukast (CID 5281040),1.0,Resveratrol (CID 445154),0.0811,Ibrutinib (CID 24821094),1.0,Resveratrol (CID 445154),0.0725,Avapritinib (CID 71576428),0.087,Orforglipron (approx),False,,True,0.457,0.245,0.665,,,,,5.685,6.218,6.479,5.231,5.374,5.751,5.315,3.035,5.857,4.823,5.018,0.5208,,,,
Eicosapentaenoic acid (EPA),CC/C=C\C/C=C\C/C=C\C/C=C\C/C=C\CCCC(=O)O,maintenance,Omega-3 fatty acid,SPM precursor; reduces LTB4; mast cell modulation,Eicosanoid pathway,high,library,,0.125,Fexofenadine (CID 3348),0.0952,Ranitidine (CID 3001055),0.0964,Montelukast (CID 5281040),0.075,Resveratrol (CID 445154),0.0805,Remibrutinib (CID 134324050),0.1562,Dimethyl fumarate (CID 637568),0.0741,Masitinib (CID 10074640),0.1268,Orforglipron (approx),False,,False,0.2375,0.16,0.91,,,,,5.433,6.42,5.468,5.492,5.494,5.91,5.487,4.139,5.85,4.562,4.661,0.5135,,,,
Docosahexaenoic acid (DHA),CC/C=C\C/C=C\C/C=C\C/C=C\C/C=C\C/C=C\CCC(=O)O,maintenance,Omega-3 fatty acid,SPM precursor; anti-inflammatory; membrane modulation,Resolvins / Protectins,high,library,,0.1228,Cetirizine (CID 2678),0.0984,Ranitidine (CID 3001055),0.0988,Montelukast (CID 5281040),0.0789,Resveratrol (CID 445154),0.0824,Remibrutinib (CID 134324050),0.1667,Dimethyl fumarate (CID 637568),0.0759,Masitinib (CID 10074640),0.1304,Orforglipron (approx),False,,False,0.2075,0.235,0.91,,,,,5.406,6.3,5.462,5.422,5.16,5.611,5.515,4.052,5.957,4.563,4.552,0.5099,,,,
GEN_0016,CCS(=O)CCCN=C=S,remission,generated_sulforaphane_analog,Sulforaphane-class hypothesis (SFN warhead / bioisostere),,low,reinvent_generated,,0.0714,Loratadine (CID 3957),0.0635,Cimetidine (CID 2756),0.0581,Pranlukast (CID 4895),0.0423,Saikosaponin a (approx),0.0217,Remibrutinib (CID 134324050),0.6429,Iberin (CID 3032358),0.0471,Imatinib (CID 5291),0.039,Orforglipron (approx),True,isothiocyanate,True,0.27,0.425,0.915,-4.075,-0.408,-33.046,0.309,5.687,5.678,5.769,5.257,5.203,6.914,5.495,4.076,5.981,4.871,4.936,0.5095,0.3592,1.9,0.6429,True
GEN_0019,CCS(=O)CCCCCN=C=S,remission,generated_sulforaphane_analog,Sulforaphane-class hypothesis (SFN warhead / bioisostere),,low,reinvent_generated,,0.0694,Loratadine (CID 3957),0.0615,Cimetidine (CID 2756),0.0568,Pranlukast (CID 4895),0.0411,Saikosaponin a (approx),0.0213,Remibrutinib (CID 134324050),0.6333,Sulforaphane (CID 5350),0.046,Imatinib (CID 5291),0.038,Orforglipron (approx),True,isothiocyanate,True,0.275,0.385,0.91,-4.44,-0.37,-35.495,0.348,5.531,5.677,5.872,5.439,5.41,6.937,5.621,3.972,6.019,4.87,4.897,0.5091,0.3614,1.94,0.6207,True
Luteolin,O=c1cc(-c2ccc(O)c(O)c2)oc2cc(O)cc(O)c12,maintenance,Flavonoid stabilizer,"Inhibits PKC, NF-kB, mast cell + microglia activation; crosses BBB",Mast cell + neuroinflammation,high,library,,0.0909,Loratadine (CID 3957),0.1143,Ranitidine (CID 3001055),0.1364,Pranlukast (CID 4895),1.0,Luteolin (CID 5280445),0.093,Ibrutinib (CID 24821094),0.1818,Resveratrol (CID 445154),0.0899,Midostaurin (CID 9829523),0.0723,Orforglipron (approx),False,,True,0.352,0.705,0.5392,,,,,5.512,5.567,5.923,5.448,5.096,5.719,5.414,3.498,5.255,4.873,5.007,0.5088,,,,
GEN_0012,CCS(=O)CCCCN=C=S,remission,generated_sulforaphane_analog,Sulforaphane-class hypothesis (SFN warhead / bioisostere),,low,reinvent_generated,,0.0704,Loratadine (CID 3957),0.0625,Cimetidine (CID 2756),0.0575,Pranlukast (CID 4895),0.0417,Saikosaponin a (approx),0.0215,Remibrutinib (CID 134324050),0.6552,Sulforaphane (CID 5350),0.0465,Imatinib (CID 5291),0.0385,Orforglipron (approx),True,isothiocyanate,True,0.27,0.47,0.91,-4.183,-0.38,-31.532,0.285,5.528,5.678,5.787,5.367,5.392,6.944,5.637,3.989,6.019,4.87,4.898,0.5034,0.3627,1.92,0.6429,True
GEN_0014,CCSCCCCN=C=S,remission,generated_sulforaphane_analog,Sulforaphane-class hypothesis (SFN warhead / bioisostere),,low,reinvent_generated,,0.0571,Loratadine (CID 3957),0.1186,Cimetidine (CID 2756),0.0465,Montelukast (CID 5281040),0.0282,Saikosaponin a (approx),0.0109,Remibrutinib (CID 134324050),0.6296,Erucin (CID 7373),0.0263,Avapritinib (CID 71576428),0.026,Orforglipron (approx),True,isothiocyanate,True,0.2833,0.365,0.9008,-3.968,-0.397,-32.386,0.299,5.478,5.407,5.79,5.293,5.507,6.491,5.827,3.222,6.138,4.881,4.799,0.5034,0.3494,1.2,0.6154,True
GEN_0037,CCS(=O)(=O)CCCCN=C=S,remission,generated_sulforaphane_analog,Sulforaphane-class hypothesis (SFN warhead / bioisostere),,low,reinvent_generated,,0.0588,Fexofenadine (CID 3348),0.082,Famotidine (CID 3325),0.0581,Pranlukast (CID 4895),0.0278,Saikosaponin a (approx),0.0217,Remibrutinib (CID 134324050),0.4688,Sulforaphane (CID 5350),0.0357,Masitinib (CID 10074640),0.039,Orforglipron (approx),True,isothiocyanate,True,0.27,0.375,0.965,-4.678,-0.39,-38.446,0.395,5.719,5.83,6.045,5.351,5.351,6.362,5.778,4.205,5.838,4.845,4.848,0.4987,0.3746,1.24,0.4667,True
Baicalein,O=c1cc(-c2ccccc2)oc2cc(O)c(O)c(O)c12,maintenance,Flavone (Scutellaria baicalensis),Potent mast cell stabilizer; 12-LOX inhibitor,Mast cell; LOX,high,library,,0.1268,Fexofenadine (CID 3348),0.1,Ranitidine (CID 3001055),0.1124,Montelukast (CID 5281040),0.5366,Apigenin (CID 5280443),0.1205,Ibrutinib (CID 24821094),0.1556,Benzyl isothiocyanate (CID 2346),0.1294,Midostaurin (CID 9829523),0.1,Orforglipron (approx),False,,True,0.54,0.37,0.74,,,,,5.554,5.591,5.656,5.742,5.071,6.151,5.281,3.525,5.998,4.875,5.354,0.4978,,,,
Quercetin,O=c1c(O)c(-c2ccc(O)c(O)c2)oc2cc(O)cc(O)c12,rescue,Flavonoid stabilizer,"Inhibits PKC, Ca2+ influx, histamine + tryptase + cytokine release",Mast cell signaling; FcεRI downstream,high,library,,0.0789,Fexofenadine (CID 3348),0.0972,Ranitidine (CID 3001055),0.1348,Pranlukast (CID 4895),1.0,Quercetin (CID 5280343),0.092,Ibrutinib (CID 24821094),0.1778,Resveratrol (CID 445154),0.0889,Midostaurin (CID 9829523),0.0714,Orforglipron (approx),False,,True,0.247,0.865,0.6067,,,,,5.556,5.562,5.94,5.31,6.121,5.651,5.421,3.528,5.807,4.877,4.769,0.4974,,,,
GEN_0036,CS(=O)CCCSC#N,remission,generated_sulforaphane_analog,Sulforaphane-class hypothesis (SFN warhead / bioisostere),,low,reinvent_generated,,0.0667,Cetirizine (CID 2678),0.1207,Cimetidine (CID 2756),0.0723,Montelukast (CID 5281040),0.0377,Luteolin (CID 5280445),0.0222,Remibrutinib (CID 134324050),0.4194,Iberin (CID 3032358),0.0482,Imatinib (CID 5291),0.0541,Orforglipron (approx),True,thiocyanate,True,0.21,0.175,0.75,-3.83,-0.426,,,5.492,5.521,5.969,5.276,5.183,6.99,5.801,4.017,5.902,4.857,4.84,0.497,0.4578,1.88,0.4194,True
GEN_0020,CSCCCCSC#N,remission,generated_sulforaphane_analog,Sulforaphane-class hypothesis (SFN warhead / bioisostere),,low,reinvent_generated,,0.0488,Diphenhydramine (CID 3100),0.1296,Cimetidine (CID 2756),0.0494,Montelukast (CID 5281040),0.0303,Saikosaponin a (approx),0.0115,Remibrutinib (CID 134324050),0.4444,Erucin (CID 7373),0.0375,Dasatinib (CID 3062316),0.0278,Orforglipron (approx),True,thiocyanate,True,0.255,0.095,0.74,-3.791,-0.421,,,5.398,5.23,6.033,5.296,5.185,6.304,5.771,3.212,5.856,4.874,4.737,0.4964,0.4566,1.18,0.4615,True
GEN_0042,CS(=O)(=O)CCCN=C=S,remission,generated_sulforaphane_analog,Sulforaphane-class hypothesis (SFN warhead / bioisostere),,low,reinvent_generated,,0.0606,Fexofenadine (CID 3348),0.0847,Famotidine (CID 3325),0.0471,Pranlukast (CID 4895),0.0286,Saikosaponin a (approx),0.0247,Ibrutinib (CID 24821094),0.4667,Iberin (CID 3032358),0.0366,Masitinib (CID 10074640),0.04,Orforglipron (approx),True,isothiocyanate,True,0.245,0.465,0.965,-4.257,-0.426,-39.851,0.418,5.328,5.827,5.758,5.174,5.164,6.223,5.815,3.785,5.945,4.851,4.841,0.4958,0.359,1.2,0.4667,True
GEN_0043,CS(=O)(=O)CCCCCN=C=S,remission,generated_sulforaphane_analog,Sulforaphane-class hypothesis (SFN warhead / bioisostere),,low,reinvent_generated,,0.0588,Fexofenadine (CID 3348),0.082,Famotidine (CID 3325),0.046,Pranlukast (CID 4895),0.0278,Saikosaponin a (approx),0.0241,Ibrutinib (CID 24821094),0.4688,Sulforaphane (CID 5350),0.0357,Masitinib (CID 10074640),0.039,Orforglipron (approx),True,isothiocyanate,True,0.245,0.405,0.97,-4.693,-0.391,-35.842,0.354,5.651,5.823,5.856,5.197,5.389,6.351,5.77,3.806,5.878,4.849,4.831,0.4952,0.3746,1.24,0.4516,True
GEN_0029,CS(=O)CCCCSC#N,remission,generated_sulforaphane_analog,Sulforaphane-class hypothesis (SFN warhead / bioisostere),,low,reinvent_generated,,0.0656,Cetirizine (CID 2678),0.1186,Cimetidine (CID 2756),0.0714,Montelukast (CID 5281040),0.037,Luteolin (CID 5280445),0.022,Remibrutinib (CID 134324050),0.4375,Sulforaphane (CID 5350),0.0476,Imatinib (CID 5291),0.0533,Orforglipron (approx),True,thiocyanate,True,0.205,0.23,0.74,-4.104,-0.41,,,5.498,5.521,5.974,5.391,5.181,6.972,5.87,4.037,5.975,4.857,4.818,0.4948,0.4701,1.9,0.4516,True
GEN_0031,CS(=O)CCCCCSC#N,remission,generated_sulforaphane_analog,Sulforaphane-class hypothesis (SFN warhead / bioisostere),,low,reinvent_generated,,0.0645,Cetirizine (CID 2678),0.1167,Cimetidine (CID 2756),0.0706,Montelukast (CID 5281040),0.0364,Luteolin (CID 5280445),0.0217,Remibrutinib (CID 134324050),0.4242,Sulforaphane (CID 5350),0.0471,Imatinib (CID 5291),0.0526,Orforglipron (approx),True,thiocyanate,True,0.21,0.19,0.74,-4.221,-0.384,,,5.502,5.517,6.053,5.471,5.188,6.965,5.853,4.02,5.975,4.856,4.818,0.4938,0.4742,1.92,0.4375,True
GEN_0038,CS(=O)(=O)CCCCN=C=S,remission,generated_sulforaphane_analog,Sulforaphane-class hypothesis (SFN warhead / bioisostere),,low,reinvent_generated,,0.0597,Fexofenadine (CID 3348),0.0833,Famotidine (CID 3325),0.0465,Pranlukast (CID 4895),0.0282,Saikosaponin a (approx),0.0244,Ibrutinib (CID 24821094),0.4839,Sulforaphane (CID 5350),0.0361,Masitinib (CID 10074640),0.0395,Orforglipron (approx),True,isothiocyanate,True,0.24,0.475,0.97,-4.564,-0.415,-34.212,0.328,5.648,5.827,5.77,5.132,5.382,6.349,5.782,3.823,5.878,4.85,4.844,0.4925,0.3703,1.22,0.4667,True
GEN_0030,CS(=O)CCc1ccc(N=C=S)cc1,remission,generated_sulforaphane_analog,Sulforaphane-class hypothesis (SFN warhead / bioisostere),,low,reinvent_generated,,0.102,Diphenhydramine (CID 3100),0.0909,Cimetidine (CID 2756),0.0909,Montelukast (CID 5281040),0.1053,Quercetin (CID 5280343),0.0588,Ibrutinib (CID 24821094),0.3784,Iberin (CID 3032358),0.1059,Imatinib (CID 5291),0.1039,Orforglipron (approx),True,isothiocyanate,True,0.5,0.48,0.885,-5.986,-0.428,-21.442,0.124,5.74,5.851,5.551,5.567,5.473,7.038,6.317,4.138,5.642,4.89,5.305,0.4861,0.5812,2.78,0.3784,True
GEN_0050,O=S(CCCN=C=S)CCc1cccc(CCN=C=S)c1,remission,generated_sulforaphane_analog,Sulforaphane-class hypothesis (SFN warhead / bioisostere),,low,reinvent_generated,,0.1324,Cetirizine (CID 2678),0.0694,Famotidine (CID 3325),0.1087,Montelukast (CID 5281040),0.082,Apigenin (CID 5280443),0.0667,Ibrutinib (CID 24821094),0.5,Phenethyl isothiocyanate (CID 16741),0.0989,Imatinib (CID 5291),0.0964,Orforglipron (approx),True,isothiocyanate,True,0.635,0.575,0.895,-6.747,-0.321,-66.951,0.85,5.798,6.057,5.539,5.39,5.531,7.009,6.308,3.324,6.072,4.927,5.423,0.4848,0.3739,2.92,0.5,True
Cholecalciferol (Vitamin D3),C=C1CC[C@H](O)C/C1=C/C=C1\CCC[C@]2(C)[C@@H]([C@H](C)CCCC(C)C)CC[C@@H]12,maintenance,Secosteroid hormone precursor,Immunomodulation; mast cell stability; T-reg support,VDR,high,library,,0.1099,Fexofenadine (CID 3348),0.0652,Ranitidine (CID 3001055),0.0619,Montelukast (CID 5281040),0.1196,Saikosaponin a (approx),0.0857,Ibrutinib (CID 24821094),0.1193,Omaveloxolone (RTA408) (CID 49787059 (approx)),0.0734,Midostaurin (CID 9829523),0.0686,Orforglipron (approx),False,,False,0.495,0.04,0.68,,,,,5.599,5.54,5.848,5.69,5.249,7.269,5.474,3.722,5.97,5.052,4.906,0.4838,,,,
GEN_0051,CS(=O)CCc1ccc(SC#N)cc1,remission,generated_sulforaphane_analog,Sulforaphane-class hypothesis (SFN warhead / bioisostere),,low,reinvent_generated,,0.1094,Cetirizine (CID 2678),0.125,Cimetidine (CID 2756),0.1034,Montelukast (CID 5281040),0.1053,Quercetin (CID 5280343),0.0645,Remibrutinib (CID 134324050),0.275,Iberin (CID 3032358),0.1059,Imatinib (CID 5291),0.1039,Orforglipron (approx),True,thiocyanate,True,0.51,0.285,0.83,-5.568,-0.398,,,5.75,5.614,5.562,5.666,5.475,7.051,6.401,3.846,6.049,4.875,5.126,0.4794,0.5823,2.78,0.275,True
Ketotifen,CN1CCC(=C2c3ccccc3CC(=O)c3sccc32)CC1,rescue,Dual H1 + stabilizer,H1 antagonist + mast cell stabilizer,HRH1; mast cell membrane,high,library,,0.25,Loratadine (CID 3957),0.08,Famotidine (CID 3325),0.0707,Montelukast (CID 5281040),0.0938,Apigenin (CID 5280443),0.101,Remibrutinib (CID 134324050),0.0926,Benzyl isothiocyanate (CID 2346),0.1724,Masitinib (CID 10074640),0.1176,Orforglipron (approx),False,,True,0.755,0.26,0.905,,,,,5.565,5.872,5.721,8.389,5.581,5.45,5.026,4.078,5.557,4.99,5.278,0.4731,,,,
GEN_0046,CS(=O)Cc1ccc(N=C=S)cc1,remission,generated_sulforaphane_analog,Sulforaphane-class hypothesis (SFN warhead / bioisostere),,low,reinvent_generated,,0.1064,Diphenhydramine (CID 3100),0.1077,Ranitidine (CID 3001055),0.093,Montelukast (CID 5281040),0.1091,Quercetin (CID 5280343),0.0602,Ibrutinib (CID 24821094),0.3243,Iberin (CID 3032358),0.0976,Masitinib (CID 10074640),0.0779,Orforglipron (approx),True,isothiocyanate,True,0.535,0.5,0.875,-5.854,-0.45,-18.391,0.076,5.592,5.666,5.601,5.286,5.493,7.08,5.533,4.156,5.606,4.905,5.172,0.4728,0.5669,2.76,0.3243,True
Avapritinib,CC1(C)OB(O)c2cc(CNC(=O)c3ccc(C4=NO[C@](c5cc(Cl)c(F)c(Cl)c5)(C(F)(F)F)C4)n4cccc34)ccc21,remission,Selective KIT D816V inhibitor,Selective KIT D816V tyrosine kinase inhibition,KIT,high,library,,0.1441,Fexofenadine (CID 3348),0.0923,Nizatidine (CID 3033),0.1406,Montelukast (CID 5281040),0.1121,Saikosaponin a (approx),0.1203,Remibrutinib (CID 134324050),0.1385,Omaveloxolone (RTA408) (CID 49787059 (approx)),0.1803,Dasatinib (CID 3062316),0.1739,Orforglipron (approx),False,,False,0.6283,0.44,0.745,,,,,6.26,5.928,6.046,6.125,6.344,5.742,5.855,4.821,6.382,4.816,5.357,0.4705,,,,
Cromolyn sodium,O=C(O)c1cc(=O)c2cc(OCC(O)COc3cccc4oc(C(=O)O)cc(=O)c34)ccc2o1,rescue,Mast cell stabilizer,Inhibits mast cell degranulation; reduces Ca2+ influx,Mast cell membrane / Ca channels,high,library,,0.1429,Fexofenadine (CID 3348),0.0941,Ranitidine (CID 3001055),0.15,Montelukast (CID 5281040),0.197,Apigenin (CID 5280443),0.1596,Ibrutinib (CID 24821094),0.1449,Curcumin (CID 969516),0.1443,Masitinib (CID 10074640),0.1429,Orforglipron (approx),False,,True,0.64,0.2,0.715,,,,,5.532,6.313,5.84,5.604,5.309,5.082,5.526,3.862,5.648,4.685,5.199,0.47,,,,
GEN_0061,CS(=O)Cc1ccc(SC#N)cc1,remission,generated_sulforaphane_analog,Sulforaphane-class hypothesis (SFN warhead / bioisostere),,low,reinvent_generated,,0.1129,Cetirizine (CID 2678),0.129,Cimetidine (CID 2756),0.1059,Montelukast (CID 5281040),0.1091,Quercetin (CID 5280343),0.0659,Remibrutinib (CID 134324050),0.225,Iberin (CID 3032358),0.0976,Masitinib (CID 10074640),0.0779,Orforglipron (approx),True,thiocyanate,True,0.53,0.305,0.825,-5.424,-0.417,,,5.618,5.434,5.612,5.388,5.509,7.092,5.646,3.875,5.936,4.89,4.991,0.4694,0.5679,2.76,0.225,True
GEN_0060,CS(=O)(=O)CCCCSC#N,remission,generated_sulforaphane_analog,Sulforaphane-class hypothesis (SFN warhead / bioisostere),,low,reinvent_generated,,0.0597,Fexofenadine (CID 3348),0.1379,Cimetidine (CID 2756),0.0588,Montelukast (CID 5281040),0.0282,Saikosaponin a (approx),0.0244,Ibrutinib (CID 24821094),0.2222,Erucin (CID 7373),0.0476,Dasatinib (CID 3062316),0.0395,Orforglipron (approx),True,thiocyanate,True,0.21,0.275,0.79,-4.552,-0.414,,,5.712,5.628,5.973,5.18,5.184,6.13,5.95,3.948,5.769,4.85,4.654,0.4693,0.483,1.22,0.2286,True
GEN_0085,O=c1c(O)c(-c2ccc(O)c(CCS(=O)CCCN=C=S)c2)oc2cc(O)cc(O)c12,remission,generated_sulforaphane_analog,Sulforaphane-class hypothesis (SFN warhead / bioisostere),,low,reinvent_generated,,0.1124,Cetirizine (CID 2678),0.0851,Ranitidine (CID 3001055),0.1273,Pranlukast (CID 4895),0.5167,Quercetin (CID 5280343),0.0727,Ibrutinib (CID 24821094),0.2742,Iberin (CID 3032358),0.0796,Imatinib (CID 5291),0.0762,Orforglipron (approx),True,isothiocyanate,True,0.3283,0.65,0.56,-8.128,-0.262,-43.3,0.473,8.076,8.429,6.108,5.496,6.652,6.91,5.466,3.827,5.915,4.893,5.015,0.4665,0.2279,4.62,0.2742,True
GEN_0079,O=c1c(CCS(=O)CCCN=C=S)c(-c2ccc(O)cc2)oc2cc(O)cc(O)c12,remission,generated_sulforaphane_analog,Sulforaphane-class hypothesis (SFN warhead / bioisostere),,low,reinvent_generated,,0.1034,Cetirizine (CID 2678),0.1,Ranitidine (CID 3001055),0.1204,Pranlukast (CID 4895),0.3968,Quercetin (CID 5280343),0.0748,Ibrutinib (CID 24821094),0.2881,Iberin (CID 3032358),0.0818,Imatinib (CID 5291),0.068,Orforglipron (approx),True,isothiocyanate,True,0.345,0.595,0.5183,-8.344,-0.278,-46.336,0.521,8.062,5.799,6.697,5.414,6.235,6.804,5.377,3.695,5.961,4.856,5.219,0.4661,0.2762,4.6,0.2881,True
GEN_0063,CCS(=O)CCCCSC#N,remission,generated_sulforaphane_analog,Sulforaphane-class hypothesis (SFN warhead / bioisostere),,low,reinvent_generated,,0.0704,Loratadine (CID 3957),0.1148,Cimetidine (CID 2756),0.0575,Montelukast (CID 5281040),0.0417,Saikosaponin a (approx),0.0215,Remibrutinib (CID 134324050),0.2632,Sulforaphane (CID 5350),0.0465,Imatinib (CID 5291),0.0385,Orforglipron (approx),True,thiocyanate,True,0.23,0.325,0.73,-4.316,-0.392,,,5.477,5.492,6.007,5.442,5.214,6.963,5.798,4.04,5.94,4.869,4.74,0.4653,0.4742,1.92,0.2703,True
GEN_0080,O=c1cc(-c2ccc(O)cc2CCS(=O)CCCN=C=S)oc2cc(O)cc(O)c12,remission,generated_sulforaphane_analog,Sulforaphane-class hypothesis (SFN warhead / bioisostere),,low,reinvent_generated,,0.1011,Cetirizine (CID 2678),0.086,Ranitidine (CID 3001055),0.0982,Pranlukast (CID 4895),0.4262,Apigenin (CID 5280443),0.0541,Ibrutinib (CID 24821094),0.2787,Iberin (CID 3032358),0.0714,Midostaurin (CID 9829523),0.0769,Orforglipron (approx),True,isothiocyanate,True,0.4017,0.5,0.5683,-8.731,-0.291,-35.049,0.341,8.223,8.121,6.513,5.358,6.273,7.077,5.556,3.853,5.962,4.85,5.183,0.4651,0.2762,4.6,0.2787,True
GEN_0034,CS(=O)(=O)CCc1ccc(N=C=S)cc1,remission,generated_sulforaphane_analog,Sulforaphane-class hypothesis (SFN warhead / bioisostere),,low,reinvent_generated,,0.102,Diphenhydramine (CID 3100),0.1094,Famotidine (CID 3325),0.0909,Montelukast (CID 5281040),0.0909,Resveratrol (CID 445154),0.0714,Ibrutinib (CID 24821094),0.3077,Phenethyl isothiocyanate (CID 16741),0.0952,Masitinib (CID 10074640),0.0759,Orforglipron (approx),True,isothiocyanate,True,0.535,0.59,0.885,-6.278,-0.419,-20.22,0.105,5.512,5.977,5.561,5.488,5.431,6.394,5.82,3.91,5.755,4.884,5.088,0.4641,0.5981,2.1,0.3077,True
GEN_0045,CS(=O)(=O)Cc1ccc(N=C=S)cc1,remission,generated_sulforaphane_analog,Sulforaphane-class hypothesis (SFN warhead / bioisostere),,low,reinvent_generated,,0.1064,Diphenhydramine (CID 3100),0.1129,Famotidine (CID 3325),0.093,Montelukast (CID 5281040),0.0952,Resveratrol (CID 445154),0.0732,Ibrutinib (CID 24821094),0.2703,Benzyl isothiocyanate (CID 2346),0.1084,Imatinib (CID 5291),0.0779,Orforglipron (approx),True,isothiocyanate,True,0.495,0.57,0.84,-5.923,-0.423,-19.459,0.093,5.536,5.817,5.549,5.319,5.4,6.379,5.641,3.906,5.803,4.884,5.079,0.4632,0.5856,2.08,0.2703,True
GEN_0052,CCS(=O)Cc1ccc(N=C=S)cc1,remission,generated_sulforaphane_analog,Sulforaphane-class hypothesis (SFN warhead / bioisostere),,low,reinvent_generated,,0.102,Diphenhydramine (CID 3100),0.0909,Cimetidine (CID 2756),0.0909,Montelukast (CID 5281040),0.0862,Quercetin (CID 5280343),0.0588,Ibrutinib (CID 24821094),0.2564,Benzyl isothiocyanate (CID 2346),0.0952,Masitinib (CID 10074640),0.0759,Orforglipron (approx),True,isothiocyanate,True,0.5575,0.475,0.915,-5.582,-0.399,-19.785,0.098,5.571,5.71,5.575,5.364,5.5,6.963,5.451,4.182,5.626,4.907,5.275,0.4629,0.5822,2.78,0.2632,True
GEN_0092,O=c1c(O)c(-c2cc(O)c(O)c(CCS(=O)CCCN=C=S)c2)oc2cc(O)cc(O)c12,remission,generated_sulforaphane_analog,Sulforaphane-class hypothesis (SFN warhead / bioisostere),,low,reinvent_generated,,0.0899,Cetirizine (CID 2678),0.0778,Famotidine (CID 3325),0.0991,Pranlukast (CID 4895),0.459,Quercetin (CID 5280343),0.0545,Ibrutinib (CID 24821094),0.2833,Iberin (CID 3032358),0.0714,Imatinib (CID 5291),0.0673,Orforglipron (approx),True,isothiocyanate,True,0.25,0.55,0.6183,-8.363,-0.261,-35.491,0.348,8.085,8.231,6.101,5.485,6.448,6.858,5.61,3.9,5.885,4.898,5.221,0.4616,0.1421,4.64,0.2833,True
GEN_0032,CSCCc1ccc(N=C=S)cc1,remission,generated_sulforaphane_analog,Sulforaphane-class hypothesis (SFN warhead / bioisostere),,low,reinvent_generated,,0.1064,Diphenhydramine (CID 3100),0.129,Cimetidine (CID 2756),0.093,Montelukast (CID 5281040),0.0702,Quercetin (CID 5280343),0.0476,Ibrutinib (CID 24821094),0.3611,Phenethyl isothiocyanate (CID 16741),0.0843,Masitinib (CID 10074640),0.0641,Orforglipron (approx),True,isothiocyanate,True,0.595,0.45,0.85,-5.303,-0.408,-17.499,0.062,5.508,5.583,5.654,5.498,5.496,6.63,5.891,3.109,5.622,4.92,5.266,0.4606,0.5568,2.06,0.3611,True
GEN_0048,CCS(=O)CCc1ccc(N=C=S)cc1,remission,generated_sulforaphane_analog,Sulforaphane-class hypothesis (SFN warhead / bioisostere),,low,reinvent_generated,,0.1081,Loratadine (CID 3957),0.0882,Cimetidine (CID 2756),0.0889,Montelukast (CID 5281040),0.0833,Quercetin (CID 5280343),0.0575,Ibrutinib (CID 24821094),0.2927,Phenethyl isothiocyanate (CID 16741),0.1034,Imatinib (CID 5291),0.0875,Orforglipron (approx),True,isothiocyanate,True,0.5575,0.495,0.86,-6.117,-0.408,-13.64,0.0,5.53,5.846,5.579,5.585,5.542,6.977,6.201,4.142,5.745,4.901,5.236,0.4602,0.5838,2.8,0.2927,True
GEN_0087,O=c1cc(-c2cc(O)c(O)cc2CCS(=O)CCCN=C=S)oc2cc(O)cc(O)c12,remission,generated_sulforaphane_analog,Sulforaphane-class hypothesis (SFN warhead / bioisostere),,low,reinvent_generated,,0.0909,Cetirizine (CID 2678),0.0787,Famotidine (CID 3325),0.0901,Pranlukast (CID 4895),0.4032,Luteolin (CID 5280445),0.0455,Ibrutinib (CID 24821094),0.3103,Iberin (CID 3032358),0.0631,Midostaurin (CID 9829523),0.068,Orforglipron (approx),True,isothiocyanate,True,0.35,0.5,0.6083,-9.08,-0.293,-35.049,0.341,8.216,7.965,6.12,5.467,5.754,7.03,5.602,3.861,5.924,4.896,5.233,0.4597,0.1736,4.62,0.3103,True
GEN_0073,O=S(CCCN=C=S)CCc1cc(/C=C/c2cc(O)cc(O)c2)ccc1O,remission,generated_sulforaphane_analog,Sulforaphane-class hypothesis (SFN warhead / bioisostere),,low,reinvent_generated,,0.1429,Cetirizine (CID 2678),0.1,Famotidine (CID 3325),0.13,Pranlukast (CID 4895),0.3265,Resveratrol (CID 445154),0.07,Ibrutinib (CID 24821094),0.36,Iberin (CID 3032358),0.0777,Imatinib (CID 5291),0.0968,Orforglipron (approx),True,isothiocyanate,True,0.5317,0.455,0.6775,-7.679,-0.284,-35.004,0.34,7.333,8.443,5.905,5.497,6.303,7.146,5.435,3.632,6.03,4.892,5.11,0.4596,0.2567,3.84,0.36,True
GEN_0049,CSCc1ccc(N=C=S)cc1,remission,generated_sulforaphane_analog,Sulforaphane-class hypothesis (SFN warhead / bioisostere),,low,reinvent_generated,,0.1111,Diphenhydramine (CID 3100),0.1333,Cimetidine (CID 2756),0.1084,Montelukast (CID 5281040),0.0732,Resveratrol (CID 445154),0.0488,Ibrutinib (CID 24821094),0.2857,Benzyl isothiocyanate (CID 2346),0.0864,Masitinib (CID 10074640),0.0658,Orforglipron (approx),True,isothiocyanate,True,0.57,0.47,0.88,-5.227,-0.436,-19.511,0.094,5.509,5.376,5.554,7.034,5.901,6.774,6.432,3.11,5.809,4.914,5.16,0.4592,0.5418,2.04,0.2857,True
GEN_0084,O=c1c(O)c(-c2ccc(O)cc2CCS(=O)CCCN=C=S)oc2cc(O)cc(O)c12,remission,generated_sulforaphane_analog,Sulforaphane-class hypothesis (SFN warhead / bioisostere),,low,reinvent_generated,,0.1011,Cetirizine (CID 2678),0.086,Ranitidine (CID 3001055),0.0982,Pranlukast (CID 4895),0.4062,Quercetin (CID 5280343),0.0541,Ibrutinib (CID 24821094),0.2787,Iberin (CID 3032358),0.0714,Midostaurin (CID 9829523),0.0769,Orforglipron (approx),True,isothiocyanate,True,0.3233,0.62,0.6033,-8.41,-0.271,-39.039,0.405,8.223,8.139,6.499,5.405,6.7,6.939,5.562,3.874,5.972,4.853,4.986,0.4581,0.2279,4.62,0.2787,True
GEN_0058,O=S(CCCN=C=S)CCc1cccc(CN=C=S)c1,remission,generated_sulforaphane_analog,Sulforaphane-class hypothesis (SFN warhead / bioisostere),,low,reinvent_generated,,0.1286,Cetirizine (CID 2678),0.0676,Famotidine (CID 3325),0.0947,Montelukast (CID 5281040),0.0794,Apigenin (CID 5280443),0.0652,Ibrutinib (CID 24821094),0.425,Benzyl isothiocyanate (CID 2346),0.0968,Imatinib (CID 5291),0.0941,Orforglipron (approx),True,isothiocyanate,True,0.61,0.565,0.905,,,-76.387,1.0,5.791,6.071,5.534,5.381,5.511,7.009,6.332,3.325,6.052,4.917,5.406,0.4571,0.3981,2.9,0.425,True
EGCG,O=C(O[C@@H]1Cc2c(O)cc(O)cc2O[C@@H]1c1cc(O)c(O)c(O)c1)c1cc(O)c(O)c(O)c1,maintenance,Catechin (green tea),Mast cell stabilization; antioxidant; Nrf2 activator,Mast cell membrane; Nrf2,high,library,,0.1205,Loratadine (CID 3957),0.1013,Ranitidine (CID 3001055),0.1122,Pranlukast (CID 4895),0.1875,Quercetin (CID 5280343),0.0957,Ibrutinib (CID 24821094),0.1509,Resveratrol (CID 445154),0.1158,Midostaurin (CID 9829523),0.1264,Orforglipron (approx),False,,True,0.755,0.425,0.7083,,,,,5.41,5.913,6.415,5.521,5.548,6.432,5.441,4.475,5.525,4.863,5.204,0.4526,,,,
GEN_0057,O=S(CCCN=C=S)CCc1ccccc1CN=C=S,remission,generated_sulforaphane_analog,Sulforaphane-class hypothesis (SFN warhead / bioisostere),,low,reinvent_generated,,0.1493,Cetirizine (CID 2678),0.0694,Famotidine (CID 3325),0.0737,Montelukast (CID 5281040),0.0645,Apigenin (CID 5280443),0.0667,Ibrutinib (CID 24821094),0.425,Iberin (CID 3032358),0.0753,Imatinib (CID 5291),0.0833,Orforglipron (approx),True,isothiocyanate,True,0.6083,0.585,0.9,,,-74.416,0.969,5.82,8.233,5.56,5.392,6.25,7.122,5.384,3.485,6.038,4.907,5.241,0.45,0.3981,2.9,0.425,True
Ranitidine,CN/C(=C\[N+](=O)[O-])NCCSCc1ccc(CN(C)C)o1,rescue,H2 antihistamine,H2 receptor antagonist,HRH2,medium,library,,0.129,Diphenhydramine (CID 3100),1.0,Ranitidine (CID 3001055),0.098,Pranlukast (CID 4895),0.1143,Luteolin (CID 5280445),0.0952,Remibrutinib (CID 134324050),0.1343,Curcumin (CID 969516),0.09,Midostaurin (CID 9829523),0.086,Orforglipron (approx),False,,True,0.51,0.125,0.215,,,,,5.379,5.717,5.49,6.82,6.815,6.103,5.87,4.427,5.198,4.882,4.926,0.449,,,,
GEN_0059,O=S(CCCN=C=S)CCc1ccccc1CCN=C=S,remission,generated_sulforaphane_analog,Sulforaphane-class hypothesis (SFN warhead / bioisostere),,low,reinvent_generated,,0.1538,Cetirizine (CID 2678),0.0714,Famotidine (CID 3325),0.0753,Montelukast (CID 5281040),0.0667,Apigenin (CID 5280443),0.0682,Ibrutinib (CID 24821094),0.4474,Iberin (CID 3032358),0.0864,Avapritinib (CID 71576428),0.0854,Orforglipron (approx),True,isothiocyanate,True,0.6283,0.6,0.895,,,-67.343,0.856,5.8,8.23,5.56,5.378,6.26,7.035,5.359,3.49,5.922,4.903,5.238,0.442,0.3739,2.92,0.4474,True
GEN_0090,O=c1c(O)c(-c2cc(O)c(O)cc2CCS(=O)CCCN=C=S)oc2cc(O)cc(O)c12,remission,generated_sulforaphane_analog,Sulforaphane-class hypothesis (SFN warhead / bioisostere),,low,reinvent_generated,,0.0909,Cetirizine (CID 2678),0.0787,Famotidine (CID 3325),0.0901,Pranlukast (CID 4895),0.4194,Quercetin (CID 5280343),0.0455,Ibrutinib (CID 24821094),0.3103,Iberin (CID 3032358),0.0631,Midostaurin (CID 9829523),0.068,Orforglipron (approx),True,isothiocyanate,True,0.27,0.615,0.6267,-8.247,-0.258,-19.673,0.096,8.216,7.981,6.113,5.437,6.505,6.887,5.616,3.883,5.926,4.898,5.058,0.4408,0.1421,4.64,0.3103,True
GEN_0088,O=c1c(CCS(=O)CCCN=C=S)c(-c2ccc(O)c(O)c2)oc2cc(O)cc(O)c12,remission,generated_sulforaphane_analog,Sulforaphane-class hypothesis (SFN warhead / bioisostere),,low,reinvent_generated,,0.1011,Cetirizine (CID 2678),0.0978,Ranitidine (CID 3001055),0.1284,Pranlukast (CID 4895),0.5,Quercetin (CID 5280343),0.0734,Ibrutinib (CID 24821094),0.3,Iberin (CID 3032358),0.0804,Imatinib (CID 5291),0.0667,Orforglipron (approx),True,isothiocyanate,True,0.36,0.71,0.5467,,,-46.103,0.517,8.059,5.834,6.046,5.42,6.238,6.778,5.458,3.733,5.93,4.9,5.112,0.43,0.1736,4.62,0.3,True
GEN_0075,O=S(CCCN=C=S)CCc1cc(O)ccc1/C=C/c1cc(O)cc(O)c1,remission,generated_sulforaphane_analog,Sulforaphane-class hypothesis (SFN warhead / bioisostere),,low,reinvent_generated,,0.1266,Cetirizine (CID 2678),0.0854,Famotidine (CID 3325),0.1176,Montelukast (CID 5281040),0.32,Resveratrol (CID 445154),0.0693,Ibrutinib (CID 24821094),0.3269,Iberin (CID 3032358),0.0769,Imatinib (CID 5291),0.0957,Orforglipron (approx),True,isothiocyanate,True,0.5417,0.46,0.665,,,-28.736,0.241,7.298,8.261,6.311,5.317,6.265,7.257,5.379,3.592,5.972,4.972,5.106,0.4211,0.2567,3.84,0.3269,True
Apigenin,O=c1cc(-c2ccc(O)cc2)oc2cc(O)cc(O)c12,maintenance,Flavonoid (chamomile),Mast cell stabilizer; NF-kB inhibition,Mast cell signaling,medium,library,,0.0933,Loratadine (CID 3957),0.1014,Ranitidine (CID 3001055),0.1264,Pranlukast (CID 4895),1.0,Apigenin (CID 5280443),0.0952,Ibrutinib (CID 24821094),0.25,Resveratrol (CID 445154),0.092,Midostaurin (CID 9829523),0.0741,Orforglipron (approx),False,,True,0.347,0.37,0.6033,,,,,5.519,5.493,6.581,5.429,5.083,6.167,5.346,3.479,5.912,4.828,5.233,0.4207,,,,
GEN_0083,O=c1c(CCS(=O)CCCN=C=S)c(-c2ccccc2)oc2cc(O)c(O)c(O)c12,remission,generated_sulforaphane_analog,Sulforaphane-class hypothesis (SFN warhead / bioisostere),,low,reinvent_generated,,0.1412,Cetirizine (CID 2678),0.0989,Ranitidine (CID 3001055),0.1091,Montelukast (CID 5281040),0.2714,Quercetin (CID 5280343),0.0943,Ibrutinib (CID 24821094),0.3051,Phenethyl isothiocyanate (CID 16741),0.1111,Imatinib (CID 5291),0.0882,Orforglipron (approx),True,isothiocyanate,True,0.5,0.54,0.645,,,-34.296,0.329,8.083,5.905,5.692,5.439,6.159,6.756,5.275,3.707,6.014,4.9,5.405,0.4116,0.2104,4.6,0.3051,True
Butyric acid,CCCC(=O)O,maintenance,Short-chain fatty acid,HDAC inhibition; gut barrier reinforcement; Treg induction,GPR43; HDAC,medium,library,,0.1224,Cetirizine (CID 2678),0.0784,Famotidine (CID 3325),0.0959,Pranlukast (CID 4895),0.05,Saikosaponin a (approx),0.0571,Ibrutinib (CID 24821094),0.1852,Dimethyl itaconate (CID 638013),0.0845,Midostaurin (CID 9829523),0.0952,Orforglipron (approx),False,,False,0.1158,0.045,0.94,,,,,5.422,6.317,5.596,5.523,5.055,5.684,5.655,3.962,5.929,4.526,4.529,0.4104,,,,
GEN_0077,CN1CCC(=C2c3cc(CCS(=O)CCCN=C=S)ccc3CC(=O)c3sccc32)CC1,remission,generated_sulforaphane_analog,Sulforaphane-class hypothesis (SFN warhead / bioisostere),,low,reinvent_generated,,0.1753,Loratadine (CID 3957),0.0825,Famotidine (CID 3325),0.0744,Montelukast (CID 5281040),0.0805,Apigenin (CID 5280443),0.0813,Remibrutinib (CID 134324050),0.2687,Iberin (CID 3032358),0.1667,Masitinib (CID 10074640),0.1121,Orforglipron (approx),True,isothiocyanate,True,0.745,0.46,0.86,,,-32.978,0.308,6.055,6.122,5.592,6.283,5.796,7.118,6.685,4.482,6.036,5.003,5.516,0.4061,0.3219,4.89,0.2727,True
Kaempferol,O=c1c(O)c(-c2ccc(O)cc2)oc2cc(O)cc(O)c12,maintenance,Flavonoid,Antioxidant; anti-inflammatory; mast cell modulation,Multi-target polyphenol,medium,library,,0.0811,Fexofenadine (CID 3348),0.1,Ranitidine (CID 3001055),0.125,Pranlukast (CID 4895),0.7838,Quercetin (CID 5280343),0.0941,Ibrutinib (CID 24821094),0.2439,Resveratrol (CID 445154),0.0909,Midostaurin (CID 9829523),0.0732,Orforglipron (approx),False,,True,0.222,0.475,0.5833,,,,,5.736,5.525,6.589,5.289,6.117,5.672,5.343,3.49,5.853,4.831,4.877,0.4054,,,,
GEN_0072,CC(=O)Oc1cc(CCS(=O)CCCN=C=S)ccc1C(=O)O,remission,generated_sulforaphane_analog,Sulforaphane-class hypothesis (SFN warhead / bioisostere),,low,reinvent_generated,,0.1538,Cetirizine (CID 2678),0.0833,Cimetidine (CID 2756),0.15,Montelukast (CID 5281040),0.0984,Resveratrol (CID 445154),0.0792,Ibrutinib (CID 24821094),0.3462,Iberin (CID 3032358),0.1188,Imatinib (CID 5291),0.1556,Orforglipron (approx),True,isothiocyanate,True,0.6117,0.44,0.6975,,,-33.756,0.321,7.247,5.704,5.59,5.664,5.559,7.057,6.03,4.492,5.917,4.614,5.393,0.4054,0.2397,2.96,0.3725,True
GEN_0081,CCCCC[C@H](O)CC(=O)CCc1cc(OC)c(O)cc1CCS(=O)CCCN=C=S,remission,generated_sulforaphane_analog,Sulforaphane-class hypothesis (SFN warhead / bioisostere),,low,reinvent_generated,,0.1212,Loratadine (CID 3957),0.0851,Famotidine (CID 3325),0.1339,Pranlukast (CID 4895),0.0833,Apigenin (CID 5280443),0.0614,Ibrutinib (CID 24821094),0.2812,Iberin (CID 3032358),0.087,Imatinib (CID 5291),0.0943,Orforglipron (approx),True,isothiocyanate,True,0.5717,0.405,0.6858,,,-31.566,0.286,7.197,8.021,7.069,5.476,6.015,7.05,5.338,4.928,6.462,4.897,5.171,0.4023,0.2032,3.82,0.2812,True
GEN_0078,CN1CCC(=C2c3ccsc3C(=O)Cc3cccc(CCS(=O)CCCN=C=S)c32)CC1,remission,generated_sulforaphane_analog,Sulforaphane-class hypothesis (SFN warhead / bioisostere),,low,reinvent_generated,,0.1856,Loratadine (CID 3957),0.0816,Famotidine (CID 3325),0.065,Montelukast (CID 5281040),0.0674,Apigenin (CID 5280443),0.072,Remibrutinib (CID 134324050),0.2647,Iberin (CID 3032358),0.1545,Masitinib (CID 10074640),0.1111,Orforglipron (approx),True,isothiocyanate,True,0.68,0.47,0.8,,,-28.089,0.23,5.862,8.146,5.686,7.328,6.493,7.078,5.528,4.678,5.97,5.045,5.722,0.4011,0.3219,4.89,0.2687,True
Alpha-lipoic acid,O=C(O)CCCCC1CCSS1,maintenance,Antioxidant,Recycles GSH/Vit C/E; Nrf2 activator,Antioxidant network,medium,library,,0.1364,Fexofenadine (CID 3348),0.0781,Famotidine (CID 3325),0.0682,Pranlukast (CID 4895),0.0694,Saikosaponin a (approx),0.0864,Ibrutinib (CID 24821094),0.0952,Dimethyl itaconate (CID 638013),0.0833,Midostaurin (CID 9829523),0.1067,Orforglipron (approx),False,,True,0.195,0.025,0.815,,,,,5.445,6.389,6.284,6.679,5.64,5.63,5.382,4.308,5.605,4.578,4.555,0.3999,,,,
GEN_0082,CCCCC[C@H](O)CC(=O)CCc1cc(CCS(=O)CCCN=C=S)c(O)c(OC)c1,remission,generated_sulforaphane_analog,Sulforaphane-class hypothesis (SFN warhead / bioisostere),,low,reinvent_generated,,0.1188,Loratadine (CID 3957),0.0722,Famotidine (CID 3325),0.1217,Pranlukast (CID 4895),0.08,Resveratrol (CID 445154),0.0603,Ibrutinib (CID 24821094),0.2727,Iberin (CID 3032358),0.0948,Imatinib (CID 5291),0.1132,Orforglipron (approx),True,isothiocyanate,True,0.6117,0.41,0.665,,,-31.233,0.28,7.227,8.136,7.066,5.451,6.077,7.096,5.308,4.659,6.873,4.895,5.24,0.3992,0.2032,3.82,0.2727,True
GEN_0086,O=c1cc(-c2ccccc2CCS(=O)CCCN=C=S)oc2cc(O)c(O)c(O)c12,remission,generated_sulforaphane_analog,Sulforaphane-class hypothesis (SFN warhead / bioisostere),,low,reinvent_generated,,0.1264,Cetirizine (CID 2678),0.0978,Ranitidine (CID 3001055),0.0982,Pranlukast (CID 4895),0.2794,Apigenin (CID 5280443),0.0734,Ibrutinib (CID 24821094),0.2787,Iberin (CID 3032358),0.0909,Midostaurin (CID 9829523),0.0874,Orforglipron (approx),True,isothiocyanate,True,0.5433,0.535,0.66,,,-22.4,0.14,8.297,8.139,5.876,5.583,6.288,7.053,5.538,3.955,5.954,4.936,5.382,0.3969,0.2104,4.6,0.2833,True
GEN_0074,CN(C)CCOC(c1ccccc1)c1cccc(CCS(=O)CCCN=C=S)c1,remission,generated_sulforaphane_analog,Sulforaphane-class hypothesis (SFN warhead / bioisostere),,low,reinvent_generated,,0.463,Diphenhydramine (CID 3100),0.1,Ranitidine (CID 3001055),0.1415,Montelukast (CID 5281040),0.0735,Resveratrol (CID 445154),0.0748,Ibrutinib (CID 24821094),0.3333,Phenethyl isothiocyanate (CID 16741),0.1038,Masitinib (CID 10074640),0.1111,Orforglipron (approx),True,isothiocyanate,True,0.84,0.455,0.875,,,-32.466,0.3,5.891,6.142,5.476,5.271,5.55,7.363,6.077,4.645,6.065,4.91,5.472,0.3942,0.2721,4.58,0.3636,True
GEN_0071,CC(=O)Oc1c(CCS(=O)CCCN=C=S)cccc1C(=O)O,remission,generated_sulforaphane_analog,Sulforaphane-class hypothesis (SFN warhead / bioisostere),,low,reinvent_generated,,0.1688,Cetirizine (CID 2678),0.0833,Cimetidine (CID 2756),0.15,Montelukast (CID 5281040),0.0889,Saikosaponin a (approx),0.09,Ibrutinib (CID 24821094),0.3462,Iberin (CID 3032358),0.0971,Imatinib (CID 5291),0.1556,Orforglipron (approx),True,isothiocyanate,True,0.6283,0.46,0.645,,,-30.436,0.268,7.239,8.097,5.433,5.406,6.246,7.076,5.405,4.421,5.876,4.623,5.229,0.3932,0.2397,2.96,0.38,True
GEN_0076,CN(C)CCOC(c1ccccc1)c1ccccc1CCS(=O)CCCN=C=S,remission,generated_sulforaphane_analog,Sulforaphane-class hypothesis (SFN warhead / bioisostere),,low,reinvent_generated,,0.4444,Diphenhydramine (CID 3100),0.1011,Ranitidine (CID 3001055),0.1111,Montelukast (CID 5281040),0.0619,Saikosaponin a (approx),0.0755,Ibrutinib (CID 24821094),0.3158,Iberin (CID 3032358),0.08,Avapritinib (CID 71576428),0.101,Orforglipron (approx),True,isothiocyanate,True,0.8317,0.445,0.865,,,-32.367,0.298,5.841,8.222,5.501,5.606,6.251,7.369,5.45,4.807,5.865,4.847,5.305,0.3881,0.2721,4.58,0.3158,True
GEN_0110,O=C1CC[C@@]2(O)[C@H]3Cc4c(CCS(=O)CCCN=C=S)cc(O)c5c4[C@@]2(CCN3CC2CC2)[C@H]1O5,remission,generated_sulforaphane_analog,Sulforaphane-class hypothesis (SFN warhead / bioisostere),,low,reinvent_generated,,0.1284,Fexofenadine (CID 3348),0.0636,Famotidine (CID 3325),0.084,Pranlukast (CID 4895),0.0965,Saikosaponin a (approx),0.0968,Ibrutinib (CID 24821094),0.2125,Iberin (CID 3032358),0.1032,Midostaurin (CID 9829523),0.1102,Orforglipron (approx),True,isothiocyanate,False,0.4917,0.34,0.845,,,-45.445,0.507,7.478,7.809,6.932,5.528,5.949,7.082,5.811,4.921,6.009,5.064,5.397,0.3852,0.2952,8.5,0.2179,False
GEN_0101,O=C1CC[C@@]2(O)[C@H]3Cc4cc(CCS(=O)CCCN=C=S)c(O)c5c4[C@@]2(CCN3CC2CC2)[C@H]1O5,remission,generated_sulforaphane_analog,Sulforaphane-class hypothesis (SFN warhead / bioisostere),,low,reinvent_generated,,0.1182,Fexofenadine (CID 3348),0.0631,Cimetidine (CID 2756),0.0758,Pranlukast (CID 4895),0.101,Quercetin (CID 5280343),0.088,Ibrutinib (CID 24821094),0.2125,Iberin (CID 3032358),0.0945,Midostaurin (CID 9829523),0.1102,Orforglipron (approx),True,isothiocyanate,False,0.4417,0.315,0.845,,,-32.87,0.306,7.572,8.01,6.788,5.551,5.978,7.133,5.756,4.7,6.253,5.034,5.383,0.3805,0.2952,8.5,0.2179,False
GEN_0091,CN/C(=C\[N+](=O)[O-])NCCSCc1oc(CN(C)C)cc1CCS(=O)CCCN=C=S,remission,generated_sulforaphane_analog,Sulforaphane-class hypothesis (SFN warhead / bioisostere),,low,reinvent_generated,,0.0882,Cetirizine (CID 2678),0.52,Ranitidine (CID 3001055),0.088,Pranlukast (CID 4895),0.0753,Apigenin (CID 5280443),0.0692,Remibrutinib (CID 134324050),0.2466,Iberin (CID 3032358),0.072,Imatinib (CID 5291),0.0776,Orforglipron (approx),True,isothiocyanate,True,0.46,0.335,0.405,,,-31.91,0.291,7.177,8.102,5.872,6.8,6.823,7.038,5.91,4.789,5.797,4.906,5.255,0.378,0.1118,3.07,0.25,True
Aspirin (acetylsalicylic acid),CC(=O)Oc1ccccc1C(=O)O,remission,NSAID / prostaglandin modulator,COX-1/2 inhibition; PGD2 suppression,COX,medium,library,,0.1951,Diphenhydramine (CID 3100),0.0952,Ranitidine (CID 3001055),0.1818,Montelukast (CID 5281040),0.1316,Resveratrol (CID 445154),0.1333,Ibrutinib (CID 24821094),0.1957,Curcumin (CID 969516),0.1282,Midostaurin (CID 9829523),0.1594,Orforglipron (approx),False,,True,0.6517,0.05,0.865,,,,,5.507,5.515,5.613,5.747,5.189,5.495,5.331,3.933,5.748,4.585,5.085,0.3754,,,,
Silibinin,COc1cc([C@H]2Oc3cc([C@H]4Oc5cc(O)cc(O)c5C(=O)[C@@H]4O)ccc3O[C@@H]2CO)ccc1O,maintenance,Flavonolignan (milk thistle),Hepatoprotective; antioxidant; mast cell modulation,Liver phase II; oxidative stress,medium,library,,0.1209,Fexofenadine (CID 3348),0.1124,Ranitidine (CID 3001055),0.1204,Pranlukast (CID 4895),0.2083,Luteolin (CID 5280445),0.0748,Ibrutinib (CID 24821094),0.2879,Curcumin (CID 969516),0.1028,Midostaurin (CID 9829523),0.1111,Orforglipron (approx),False,,True,0.625,0.14,0.6283,,,,,5.508,5.694,6.326,5.473,5.382,6.243,5.546,5.323,5.37,4.958,5.593,0.3726,,,,
Naltrexone (low-dose),O=C1CC[C@@]2(O)[C@H]3Cc4ccc(O)c5c4[C@@]2(CCN3CC2CC2)[C@H]1O5,maintenance,Opioid antagonist (LDN),TLR4 antagonism; glial / immune modulation at low dose,TLR4; opioid receptors,medium,library,,0.1477,Fexofenadine (CID 3348),0.0769,Ranitidine (CID 3001055),0.1009,Pranlukast (CID 4895),0.1467,Luteolin (CID 5280445),0.1176,Ibrutinib (CID 24821094),0.1296,Omaveloxolone (RTA408) (CID 49787059 (approx)),0.125,Midostaurin (CID 9829523),0.1237,Orforglipron (approx),False,,True,0.42,0.335,1.0,,,,,5.384,5.292,6.822,5.537,5.3,6.678,5.682,4.544,6.231,5.044,5.073,0.3725,,,,
GEN_0089,CN/C(=C\[N+](=O)[O-])NCCSCc1cc(CCS(=O)CCCN=C=S)c(CN(C)C)o1,remission,generated_sulforaphane_analog,Sulforaphane-class hypothesis (SFN warhead / bioisostere),,low,reinvent_generated,,0.0805,Diphenhydramine (CID 3100),0.52,Ranitidine (CID 3001055),0.088,Pranlukast (CID 4895),0.0753,Apigenin (CID 5280443),0.0692,Remibrutinib (CID 134324050),0.2466,Iberin (CID 3032358),0.0806,Imatinib (CID 5291),0.0776,Orforglipron (approx),True,isothiocyanate,True,0.435,0.36,0.365,,,-21.334,0.123,7.185,8.091,5.873,6.821,6.96,7.034,5.841,4.82,5.807,4.906,5.261,0.3688,0.1118,3.07,0.2676,True
Ascorbic acid,O=C1O[C@H]([C@@H](O)CO)C(O)=C1O,rescue,Vitamin / antioxidant,Accelerates histamine degradation; antioxidant; cofactor for DAO,Histamine metabolism; ROS,medium,library,,0.1587,Fexofenadine (CID 3348),0.0769,Ranitidine (CID 3001055),0.0952,Pranlukast (CID 4895),0.12,Apigenin (CID 5280443),0.0617,Ibrutinib (CID 24821094),0.098,Curcumin (CID 969516),0.0988,Midostaurin (CID 9829523),0.08,Orforglipron (approx),True,michael_enone;alpha_beta_unsat_ester;alpha_beta_unsat_lactone,True,0.26,0.115,0.7975,,,,,5.23,5.692,5.664,5.194,5.161,6.055,5.605,4.227,5.76,4.9,5.103,0.3675,,,,
Calcitriol,C=C1/C(=C\C=C2/CCC[C@]3(C)[C@@H]([C@H](C)CCCC(C)(C)O)CC[C@@H]23)C[C@@H](O)C[C@@H]1O,maintenance,Active vitamin D,VDR agonist; downregulates mast cell IgE response,VDR,medium,library,,0.1413,Fexofenadine (CID 3348),0.0625,Ranitidine (CID 3001055),0.0877,Montelukast (CID 5281040),0.1505,Saikosaponin a (approx),0.0826,Ibrutinib (CID 24821094),0.1351,Omaveloxolone (RTA408) (CID 49787059 (approx)),0.0804,Midostaurin (CID 9829523),0.0865,Orforglipron (approx),False,,False,0.53,0.095,0.72,,,,,5.589,5.553,5.93,5.31,5.24,7.246,5.595,3.733,5.848,5.041,5.157,0.3652,,,,
GEN_0017,CSCCCCC#N,remission,generated_sulforaphane_analog,Sulforaphane-class hypothesis (SFN warhead / bioisostere),,low,reinvent_generated,,0.075,Diphenhydramine (CID 3100),0.1296,Cimetidine (CID 2756),0.0494,Montelukast (CID 5281040),0.0303,Saikosaponin a (approx),0.0115,Remibrutinib (CID 134324050),0.3929,Erucin (CID 7373),0.0429,Avapritinib (CID 71576428),0.0278,Orforglipron (approx),False,,True,0.275,0.08,0.875,,,,,5.378,5.263,5.874,5.422,5.143,6.476,5.73,3.407,5.796,4.897,4.678,0.364,0.5423,1.16,0.4074,True
GEN_0107,COc1cc(/C=C/C(=O)CC(=O)/C=C/c2ccc(O)c(OC)c2CCS(=O)CCCN=C=S)ccc1O,remission,generated_sulforaphane_analog,Sulforaphane-class hypothesis (SFN warhead / bioisostere),,low,reinvent_generated,,0.1196,Cetirizine (CID 2678),0.1042,Ranitidine (CID 3001055),0.1327,Pranlukast (CID 4895),0.1594,Resveratrol (CID 445154),0.0826,Remibrutinib (CID 134324050),0.5082,Curcumin (CID 969516),0.0973,Masitinib (CID 10074640),0.0935,Orforglipron (approx),True,isothiocyanate;michael_enone,False,0.65,0.435,0.6417,,,-36.921,0.371,7.215,6.461,5.422,5.278,5.543,7.235,5.571,4.537,6.102,4.908,5.509,0.3617,0.1129,4.04,0.3016,False
Hesperidin,COc1ccc([C@@H]2CC(=O)c3c(O)cc(O[C@@H]4O[C@H](CO[C@@H]5O[C@@H](C)[C@H](O)[C@@H](O)[C@H]5O)[C@@H](O)[C@H](O)[C@H]4O)cc3O2)cc1O,maintenance,Flavanone glycoside (citrus),Anti-inflammatory; capillary stabilization,Vascular / mast cell,medium,library,,0.1068,Fexofenadine (CID 3348),0.0882,Ranitidine (CID 3001055),0.1083,Pranlukast (CID 4895),0.2083,Saikosaponin a (approx),0.0855,Ibrutinib (CID 24821094),0.1975,Curcumin (CID 969516),0.1207,Midostaurin (CID 9829523),0.0991,Orforglipron (approx),False,,False,0.5917,0.165,0.36,,,,,6.596,5.742,6.198,6.014,5.326,6.755,5.364,5.445,5.6,5.092,5.325,0.3595,,,,
GEN_0022,CS(=O)CCc1ccc(C#N)cc1,remission,generated_sulforaphane_analog,Sulforaphane-class hypothesis (SFN warhead / bioisostere),,low,reinvent_generated,,0.1087,Diphenhydramine (CID 3100),0.1129,Cimetidine (CID 2756),0.0941,Montelukast (CID 5281040),0.0926,Luteolin (CID 5280445),0.0549,Remibrutinib (CID 134324050),0.2632,Iberin (CID 3032358),0.1098,Imatinib (CID 5291),0.1081,Orforglipron (approx),False,,True,0.57,0.185,0.925,,,,,5.637,5.611,5.64,5.635,5.345,7.154,6.184,4.232,5.774,4.873,5.205,0.3594,0.7292,2.76,0.2632,True
GEN_0112,COc1cc(/C=C/C(=O)CC(=O)/C=C/c2cc(OC)c(O)cc2CCS(=O)CCCN=C=S)ccc1O,remission,generated_sulforaphane_analog,Sulforaphane-class hypothesis (SFN warhead / bioisostere),,low,reinvent_generated,,0.1209,Cetirizine (CID 2678),0.0938,Ranitidine (CID 3001055),0.1339,Pranlukast (CID 4895),0.1618,Resveratrol (CID 445154),0.0833,Remibrutinib (CID 134324050),0.5167,Curcumin (CID 969516),0.0965,Imatinib (CID 5291),0.1048,Orforglipron (approx),True,isothiocyanate;michael_enone,False,0.675,0.44,0.595,,,-37.847,0.386,7.256,8.066,5.416,5.231,6.295,7.255,5.5,4.565,6.09,4.749,5.49,0.3585,0.1129,4.04,0.3065,False
6-Gingerol,CCCCC[C@H](O)CC(=O)CCc1ccc(O)c(OC)c1,maintenance,Phenol (Zingiber),Anti-inflammatory; prostaglandin inhibition; mast cell stability,COX; mast cell,medium,library,,0.1605,Loratadine (CID 3957),0.0897,Famotidine (CID 3325),0.1828,Pranlukast (CID 4895),0.1343,Luteolin (CID 5280445),0.0833,Ibrutinib (CID 24821094),0.3455,Curcumin (CID 969516),0.1277,Masitinib (CID 10074640),0.125,Orforglipron (approx),False,,True,0.8483,0.35,0.6533,,,,,5.466,6.289,6.453,5.628,5.48,5.727,5.49,4.61,6.26,4.887,4.801,0.3511,,,,
GEN_0111,C[C@@H]1O[C@@H](Oc2c(-c3cc(O)c(O)c(O)c3CCS(=O)CCCN=C=S)oc3cc(O)cc(O)c3c2=O)[C@H](O)[C@H](O)[C@H]1O,remission,generated_sulforaphane_analog,Sulforaphane-class hypothesis (SFN warhead / bioisostere),,low,reinvent_generated,,0.0885,Loratadine (CID 3957),0.0833,Ranitidine (CID 3001055),0.0945,Pranlukast (CID 4895),0.2771,Quercetin (CID 5280343),0.0758,Remibrutinib (CID 134324050),0.2368,Iberin (CID 3032358),0.088,Midostaurin (CID 9829523),0.0756,Orforglipron (approx),True,isothiocyanate,False,0.365,0.555,0.445,,,-34.612,0.334,8.149,5.825,6.219,5.629,6.087,7.13,5.421,5.67,5.963,5.01,5.489,0.3484,0.0668,8.86,0.24,False
GEN_0102,NC(N)=Nc1nc(CSCCC(N)=NS(N)(=O)=O)c(CCS(=O)CCCN=C=S)s1,remission,generated_sulforaphane_analog,Sulforaphane-class hypothesis (SFN warhead / bioisostere),,low,reinvent_generated,,0.0842,Cetirizine (CID 2678),0.4507,Famotidine (CID 3325),0.0667,Montelukast (CID 5281040),0.0571,Saikosaponin a (approx),0.048,Remibrutinib (CID 134324050),0.2576,Iberin (CID 3032358),0.0678,Dasatinib (CID 3062316),0.0541,Orforglipron (approx),True,isothiocyanate,False,0.2567,0.49,0.68,,,-33.818,0.322,7.404,6.466,5.829,9.847,7.222,7.128,6.447,3.626,6.266,5.197,5.614,0.346,0.1144,3.05,0.2812,False
GEN_0044,CS(=O)Cc1ccc(C#N)cc1,remission,generated_sulforaphane_analog,Sulforaphane-class hypothesis (SFN warhead / bioisostere),,low,reinvent_generated,,0.1136,Diphenhydramine (CID 3100),0.1167,Cimetidine (CID 2756),0.0964,Montelukast (CID 5281040),0.0962,Luteolin (CID 5280445),0.0562,Remibrutinib (CID 134324050),0.2105,Iberin (CID 3032358),0.1013,Masitinib (CID 10074640),0.0811,Orforglipron (approx),False,,True,0.595,0.205,0.925,,,,,5.475,5.424,5.687,5.365,5.34,7.186,5.406,4.262,5.753,4.888,5.071,0.3451,0.6889,2.74,0.2105,True
Rutin,C[C@@H]1O[C@@H](OC[C@H]2O[C@@H](Oc3c(-c4ccc(O)c(O)c4)oc4cc(O)cc(O)c4c3=O)[C@H](O)[C@@H](O)[C@@H]2O)[C@H](O)[C@H](O)[C@H]1O,maintenance,Flavonol glycoside,Antioxidant; histamine release inhibition,Mast cell + ROS,medium,library,,0.101,Fexofenadine (CID 3348),0.0928,Ranitidine (CID 3001055),0.1327,Pranlukast (CID 4895),0.4615,Quercetin (CID 5280343),0.0991,Ibrutinib (CID 24821094),0.1646,Curcumin (CID 969516),0.1161,Midostaurin (CID 9829523),0.0935,Orforglipron (approx),False,,False,0.3567,0.78,0.32,,,,,6.447,5.598,6.037,5.743,6.252,6.594,5.409,5.486,5.831,4.992,4.607,0.3446,,,,
GEN_0047,CCS(=O)CCCCC#N,remission,generated_sulforaphane_analog,Sulforaphane-class hypothesis (SFN warhead / bioisostere),,low,reinvent_generated,,0.0769,Fexofenadine (CID 3348),0.0833,Cimetidine (CID 2756),0.0595,Pranlukast (CID 4895),0.0435,Saikosaponin a (approx),0.0222,Remibrutinib (CID 134324050),0.25,Sulforaphane (CID 5350),0.0494,Masitinib (CID 10074640),0.04,Orforglipron (approx),False,,True,0.255,0.27,0.865,,,,,5.432,5.509,5.805,5.536,5.142,6.966,5.612,4.124,5.923,4.881,4.687,0.3435,0.5696,1.9,0.2571,True
N-Acetylcysteine (NAC),CC(=O)N[C@@H](CS)C(=O)O,maintenance,Antioxidant / glutathione precursor,GSH replenishment; ROS scavenging; Nrf2 activation (indirect),GSH pool; ROS,medium,library,,0.1129,Fexofenadine (CID 3348),0.0909,Nizatidine (CID 3033),0.0864,Montelukast (CID 5281040),0.0612,Apigenin (CID 5280443),0.0649,Ibrutinib (CID 24821094),0.1765,Dimethyl itaconate (CID 638013),0.1053,Masitinib (CID 10074640),0.0845,Orforglipron (approx),False,,True,0.11,0.925,0.92,,,,,5.635,5.852,5.784,5.2,4.859,6.417,5.678,4.568,5.839,4.6,3.923,0.3409,,,,
GEN_0109,O=S(CCCN=C=S)CCc1cccc(C(c2ccc(Cl)cc2)N2CCN(CCOCCO)CC2)c1,remission,generated_sulforaphane_analog,Sulforaphane-class hypothesis (SFN warhead / bioisostere),,low,reinvent_generated,,0.5672,Hydroxyzine (CID 3658),0.068,Ranitidine (CID 3001055),0.1478,Montelukast (CID 5281040),0.0849,Saikosaponin a (approx),0.0976,Remibrutinib (CID 134324050),0.2429,Iberin (CID 3032358),0.1818,Dasatinib (CID 3062316),0.1415,Orforglipron (approx),True,isothiocyanate,False,0.76,0.365,0.79,,,-29.496,0.253,7.565,6.269,5.489,7.183,6.001,7.117,6.059,3.771,5.864,5.022,5.22,0.3408,0.2068,5.22,0.2727,False
GEN_0096,O=S(CCCN=C=S)CCc1ccccc1C(c1ccc(Cl)cc1)N1CCN(CCOCCO)CC1,remission,generated_sulforaphane_analog,Sulforaphane-class hypothesis (SFN warhead / bioisostere),,low,reinvent_generated,,0.5522,Hydroxyzine (CID 3658),0.0707,Famotidine (CID 3325),0.1197,Montelukast (CID 5281040),0.0755,Saikosaponin a (approx),0.0984,Remibrutinib (CID 134324050),0.2464,Iberin (CID 3032358),0.1622,Dasatinib (CID 3062316),0.1321,Orforglipron (approx),True,isothiocyanate,False,0.76,0.365,0.755,,,-32.168,0.295,7.556,8.216,5.5,7.45,6.582,7.075,5.484,4.052,5.817,5.006,5.186,0.3385,0.2068,5.22,0.25,False
GEN_0103,COc1cc([C@H]2Oc3c(ccc([C@H]4Oc5cc(O)cc(O)c5C(=O)[C@@H]4O)c3CCS(=O)CCCN=C=S)O[C@@H]2CO)ccc1O,remission,generated_sulforaphane_analog,Sulforaphane-class hypothesis (SFN warhead / bioisostere),,low,reinvent_generated,,0.1034,Fexofenadine (CID 3348),0.0965,Ranitidine (CID 3001055),0.1136,Pranlukast (CID 4895),0.1531,Luteolin (CID 5280445),0.0602,Ibrutinib (CID 24821094),0.2143,Iberin (CID 3032358),0.0827,Midostaurin (CID 9829523),0.0968,Orforglipron (approx),True,isothiocyanate,False,0.585,0.37,0.5833,,,-27.944,0.228,7.173,6.026,6.377,5.576,5.563,6.925,5.722,5.662,6.067,4.969,5.779,0.3379,0.1155,8.8,0.2169,False
GEN_0094,O=C(/C=C/c1cc(O)c(O)c(CCS(=O)CCCN=C=S)c1)O[C@H](Cc1ccc(O)c(O)c1)C(=O)O,remission,generated_sulforaphane_analog,Sulforaphane-class hypothesis (SFN warhead / bioisostere),,low,reinvent_generated,,0.1398,Cetirizine (CID 2678),0.0816,Famotidine (CID 3325),0.1391,Montelukast (CID 5281040),0.1529,Quercetin (CID 5280343),0.087,Ibrutinib (CID 24821094),0.2647,Iberin (CID 3032358),0.1026,Imatinib (CID 5291),0.1009,Orforglipron (approx),True,isothiocyanate;michael_enone;alpha_beta_unsat_ester,False,0.5233,0.51,0.5527,,,-45.225,0.503,7.396,7.77,5.564,6.313,6.821,7.271,9.934,4.301,6.216,4.747,5.176,0.3367,0.064,4.72,0.2647,False
GEN_0106,O=C(O)c1cc(=O)c2c(OCC(O)COc3ccc4oc(C(=O)O)cc(=O)c4c3CCS(=O)CCCN=C=S)cccc2o1,remission,generated_sulforaphane_analog,Sulforaphane-class hypothesis (SFN warhead / bioisostere),,low,reinvent_generated,,0.163,Cetirizine (CID 2678),0.0891,Ranitidine (CID 3001055),0.1282,Montelukast (CID 5281040),0.1566,Apigenin (CID 5280443),0.115,Ibrutinib (CID 24821094),0.2429,Iberin (CID 3032358),0.1228,Masitinib (CID 10074640),0.1101,Orforglipron (approx),True,isothiocyanate,False,0.61,0.32,0.71,,,-24.468,0.173,8.289,6.3,5.844,5.73,5.545,6.746,5.472,4.036,5.697,4.682,5.4,0.3352,0.097,6.28,0.2609,False
GEN_0104,COc1c(O)ccc([C@H]2Oc3cc([C@H]4Oc5cc(O)cc(O)c5C(=O)[C@@H]4O)ccc3O[C@@H]2CO)c1CCS(=O)CCCN=C=S,remission,generated_sulforaphane_analog,Sulforaphane-class hypothesis (SFN warhead / bioisostere),,low,reinvent_generated,,0.1009,Cetirizine (CID 2678),0.0982,Ranitidine (CID 3001055),0.1069,Pranlukast (CID 4895),0.1562,Luteolin (CID 5280445),0.0611,Ibrutinib (CID 24821094),0.2195,Iberin (CID 3032358),0.0916,Dasatinib (CID 3062316),0.0984,Orforglipron (approx),True,isothiocyanate,False,0.58,0.425,0.6233,,,-26.579,0.206,7.176,6.063,6.367,5.651,5.545,6.915,5.567,5.641,5.784,5.007,5.785,0.3349,0.1155,8.8,0.2195,False
GEN_0062,CS(=O)(=O)CCCCC#N,remission,generated_sulforaphane_analog,Sulforaphane-class hypothesis (SFN warhead / bioisostere),,low,reinvent_generated,,0.0794,Fexofenadine (CID 3348),0.1053,Cimetidine (CID 2756),0.0482,Montelukast (CID 5281040),0.0294,Saikosaponin a (approx),0.0253,Ibrutinib (CID 24821094),0.1351,Iberin (CID 3032358),0.0506,Masitinib (CID 10074640),0.0411,Orforglipron (approx),False,,True,0.26,0.245,0.94,,,,,5.71,5.654,5.793,5.278,5.126,6.23,5.742,4.066,5.761,4.869,4.587,0.334,0.5708,1.2,0.1351,True
GEN_0098,CCOC(=O)N1CCC(=C2c3ncccc3CCc3cc(Cl)cc(CCS(=O)CCCN=C=S)c32)CC1,remission,generated_sulforaphane_analog,Sulforaphane-class hypothesis (SFN warhead / bioisostere),,low,reinvent_generated,,0.5641,Loratadine (CID 3957),0.1068,Cimetidine (CID 2756),0.1405,Pranlukast (CID 4895),0.0737,Apigenin (CID 5280443),0.1371,Remibrutinib (CID 134324050),0.24,Iberin (CID 3032358),0.193,Imatinib (CID 5291),0.1651,Orforglipron (approx),True,isothiocyanate,False,0.8217,0.41,0.495,,,-29.363,0.251,7.154,7.89,5.692,6.342,6.462,7.039,5.575,4.855,6.012,4.984,5.399,0.3272,0.2374,5.04,0.24,False
GEN_0099,CCOC(=O)N1CCC(=C2c3cc(CCS(=O)CCCN=C=S)c(Cl)cc3CCc3cccnc32)CC1,remission,generated_sulforaphane_analog,Sulforaphane-class hypothesis (SFN warhead / bioisostere),,low,reinvent_generated,,0.5696,Loratadine (CID 3957),0.1048,Cimetidine (CID 2756),0.1382,Pranlukast (CID 4895),0.0722,Apigenin (CID 5280443),0.1349,Remibrutinib (CID 134324050),0.2338,Iberin (CID 3032358),0.1897,Imatinib (CID 5291),0.1727,Orforglipron (approx),True,isothiocyanate,False,0.8417,0.44,0.51,,,-32.55,0.301,7.027,7.933,5.789,6.466,6.434,7.057,5.59,4.961,6.006,4.992,5.364,0.3266,0.2374,5.04,0.2338,False
GEN_0105,O=C(O[C@@H]1Cc2c(O)cc(O)c(CCS(=O)CCCN=C=S)c2O[C@@H]1c1cc(O)c(O)c(O)c1)c1cc(O)c(O)c(O)c1,remission,generated_sulforaphane_analog,Sulforaphane-class hypothesis (SFN warhead / bioisostere),,low,reinvent_generated,,0.1277,Cetirizine (CID 2678),0.101,Ranitidine (CID 3001055),0.1197,Pranlukast (CID 4895),0.1011,Quercetin (CID 5280343),0.0776,Ibrutinib (CID 24821094),0.2464,Iberin (CID 3032358),0.094,Midostaurin (CID 9829523),0.1111,Orforglipron (approx),True,isothiocyanate,False,0.63,0.48,0.7283,,,-37.163,0.375,7.37,6.05,6.226,5.525,5.654,7.076,5.484,4.674,5.915,4.928,5.412,0.3263,0.0529,6.86,0.2537,False
GEN_0108,O=C(O)c1cc(=O)c2c(OCC(O)COc3ccc4oc(C(=O)O)c(CCS(=O)CCCN=C=S)c(=O)c4c3)cccc2o1,remission,generated_sulforaphane_analog,Sulforaphane-class hypothesis (SFN warhead / bioisostere),,low,reinvent_generated,,0.1456,Cetirizine (CID 2678),0.0804,Ranitidine (CID 3001055),0.126,Montelukast (CID 5281040),0.1383,Apigenin (CID 5280443),0.123,Ibrutinib (CID 24821094),0.2099,Iberin (CID 3032358),0.112,Masitinib (CID 10074640),0.1092,Orforglipron (approx),True,isothiocyanate,False,0.545,0.365,0.57,,,-20.07,0.102,8.291,6.496,5.821,5.687,6.2,6.719,5.617,4.107,5.975,4.752,5.429,0.3222,0.097,6.28,0.225,False
GEN_0095,O=C(O)COCCN1CCN(C(c2ccc(Cl)cc2)c2ccccc2CCS(=O)CCCN=C=S)CC1,remission,generated_sulforaphane_analog,Sulforaphane-class hypothesis (SFN warhead / bioisostere),,low,reinvent_generated,,0.597,Cetirizine (CID 2678),0.0808,Famotidine (CID 3325),0.1379,Montelukast (CID 5281040),0.0667,Apigenin (CID 5280443),0.1157,Remibrutinib (CID 134324050),0.2429,Iberin (CID 3032358),0.1504,Dasatinib (CID 3062316),0.1524,Orforglipron (approx),True,isothiocyanate,False,0.75,0.36,0.38,,,-37.051,0.373,7.571,8.308,5.523,7.297,6.562,7.143,5.533,4.256,5.863,4.71,5.174,0.3217,0.1996,5.24,0.2647,False
GEN_0093,O=C(O)COCCN1CCN(C(c2ccc(Cl)cc2)c2cccc(CCS(=O)CCCN=C=S)c2)CC1,remission,generated_sulforaphane_analog,Sulforaphane-class hypothesis (SFN warhead / bioisostere),,low,reinvent_generated,,0.6119,Cetirizine (CID 2678),0.0693,Famotidine (CID 3325),0.1667,Montelukast (CID 5281040),0.0759,Resveratrol (CID 445154),0.1148,Remibrutinib (CID 134324050),0.2571,Phenethyl isothiocyanate (CID 16741),0.1696,Dasatinib (CID 3062316),0.1619,Orforglipron (approx),True,isothiocyanate,False,0.775,0.375,0.35,,,-36.565,0.365,7.584,6.725,5.518,7.078,5.977,7.145,6.152,3.902,5.906,4.766,5.211,0.3211,0.1996,5.24,0.2879,False
GEN_0097,O=C(/C=C/c1cc(O)c(O)cc1CCS(=O)CCCN=C=S)O[C@H](Cc1ccc(O)c(O)c1)C(=O)O,remission,generated_sulforaphane_analog,Sulforaphane-class hypothesis (SFN warhead / bioisostere),,low,reinvent_generated,,0.1444,Cetirizine (CID 2678),0.0729,Famotidine (CID 3325),0.1327,Montelukast (CID 5281040),0.1585,Quercetin (CID 5280343),0.0893,Ibrutinib (CID 24821094),0.2769,Iberin (CID 3032358),0.1053,Imatinib (CID 5291),0.1038,Orforglipron (approx),True,isothiocyanate;michael_enone;alpha_beta_unsat_ester,False,0.5483,0.65,0.4652,,,-43.876,0.482,7.361,7.646,5.48,5.564,6.254,7.123,5.549,4.203,6.272,4.739,4.923,0.3209,0.064,4.72,0.2812,False
GEN_0100,O=C(O[C@@H]1Cc2c(cc(O)c(CCS(=O)CCCN=C=S)c2O)O[C@@H]1c1cc(O)c(O)c(O)c1)c1cc(O)c(O)c(O)c1,remission,generated_sulforaphane_analog,Sulforaphane-class hypothesis (SFN warhead / bioisostere),,low,reinvent_generated,,0.1277,Cetirizine (CID 2678),0.101,Ranitidine (CID 3001055),0.1102,Pranlukast (CID 4895),0.1011,Quercetin (CID 5280343),0.0776,Ibrutinib (CID 24821094),0.2464,Iberin (CID 3032358),0.094,Midostaurin (CID 9829523),0.1111,Orforglipron (approx),True,isothiocyanate,False,0.675,0.485,0.7083,,,-34.084,0.326,7.351,6.177,6.233,5.745,5.616,7.105,5.459,4.672,5.909,4.893,5.299,0.3189,0.0529,6.86,0.25,False
Biotin,O=C(O)CCCC[C@@H]1SC[C@@H]2NC(=O)N[C@@H]21,maintenance,B vitamin,Cofactor for carboxylases; downregulates degranulation (animal data),Carboxylase enzymes,low,library,,0.1233,Fexofenadine (CID 3348),0.0857,Famotidine (CID 3325),0.0632,Montelukast (CID 5281040),0.1053,Saikosaponin a (approx),0.0795,Ibrutinib (CID 24821094),0.1078,Bardoxolone methyl (CID 400769),0.1136,Midostaurin (CID 9829523),0.0976,Orforglipron (approx),False,,True,0.18,0.07,0.74,,,,,5.376,6.453,9.151,5.65,5.093,6.067,5.948,4.681,5.954,4.667,5.834,0.3036,,,,
Semaglutide,,remission,GLP-1 receptor agonist,GLP-1R agonism; broad anti-inflammatory; possible direct mast cell stabilization,GLP1R,high,library,peptide_glp1ra,0.0,,0.0,,0.0,,0.0,,0.0,,0.0,,0.0,,0.0,,False,,False,,,,,,,,,,,,,,,,,,,0.3,,,,
Tirzepatide,,remission,GLP-1/GIP dual agonist,Dual GLP-1R + GIPR agonism; anti-inflammatory; metabolic stabilization,GLP1R; GIPR,high,library,peptide_glp1ra_gipra,0.0,,0.0,,0.0,,0.0,,0.0,,0.0,,0.0,,0.0,,False,,False,,,,,,,,,,,,,,,,,,,0.3,,,,
Omalizumab,,remission,Anti-IgE biologic,Binds free IgE; downregulates FcεRI surface expression on mast cells/basophils,IgE; FCER1A,high,library,monoclonal_antibody_anti_ige,0.0,,0.0,,0.0,,0.0,,0.0,,0.0,,0.0,,0.0,,False,,False,,,,,,,,,,,,,,,,,,,0.3,,,,
GEN_0015,CS(=O)CCCCCC#N,remission,generated_sulforaphane_analog,Sulforaphane-class hypothesis (SFN warhead / bioisostere),,low,reinvent_generated,,0.0781,Fexofenadine (CID 3348),0.0847,Cimetidine (CID 2756),0.0602,Montelukast (CID 5281040),0.0385,Luteolin (CID 5280445),0.0225,Remibrutinib (CID 134324050),0.4194,Sulforaphane (CID 5350),0.05,Masitinib (CID 10074640),0.0548,Orforglipron (approx),False,,True,0.25,0.16,0.885,,,,,5.462,5.535,5.859,5.568,5.126,6.973,5.68,4.086,5.931,4.875,4.771,0.291,0.5696,1.9,0.4333,True
Taurine,NCCS(=O)(=O)O,maintenance,Amino sulfonic acid,Membrane stabilization; osmoregulation; anti-inflammatory,Mast cell membrane; GABA,low,library,,0.0566,Cetirizine (CID 2678),0.12,Famotidine (CID 3325),0.0519,Montelukast (CID 5281040),0.0645,Resveratrol (CID 445154),0.0417,Ibrutinib (CID 24821094),0.1,Dimethyl itaconate (CID 638013),0.0405,Masitinib (CID 10074640),0.0448,Orforglipron (approx),False,,True,0.055,0.265,0.935,,,,,5.365,5.762,5.68,5.347,5.169,5.918,5.939,3.49,5.844,4.955,4.548,0.2901,,,,
GEN_0023,CS(=O)CCCC#N,remission,generated_sulforaphane_analog,Sulforaphane-class hypothesis (SFN warhead / bioisostere),,low,reinvent_generated,,0.0806,Fexofenadine (CID 3348),0.0877,Cimetidine (CID 2756),0.0617,Montelukast (CID 5281040),0.04,Luteolin (CID 5280445),0.0349,Remibrutinib (CID 134324050),0.4138,Iberin (CID 3032358),0.0513,Masitinib (CID 10074640),0.0563,Orforglipron (approx),False,,True,0.25,0.155,0.935,,,,,5.451,5.534,5.774,5.239,5.128,6.992,5.554,4.192,5.898,4.877,4.79,0.2894,0.528,1.86,0.4138,True
GEN_0013,CS(=O)CCCCC#N,remission,generated_sulforaphane_analog,Sulforaphane-class hypothesis (SFN warhead / bioisostere),,low,reinvent_generated,,0.0794,Fexofenadine (CID 3348),0.0862,Cimetidine (CID 2756),0.061,Montelukast (CID 5281040),0.0392,Luteolin (CID 5280445),0.0227,Remibrutinib (CID 134324050),0.4333,Sulforaphane (CID 5350),0.0506,Masitinib (CID 10074640),0.0556,Orforglipron (approx),False,,True,0.245,0.21,0.885,,,,,5.455,5.541,5.78,5.492,5.119,6.979,5.695,4.108,5.93,4.877,4.77,0.2877,0.5549,1.88,0.4483,True
Myricitrin,C[C@@H]1O[C@@H](Oc2c(-c3cc(O)c(O)c(O)c3)oc3cc(O)cc(O)c3c2=O)[C@H](O)[C@H](O)[C@H]1O,maintenance,Flavonol glycoside,Antioxidant; anti-allergic,ROS; mast cell,low,library,,0.0778,Fexofenadine (CID 3348),0.0805,Ranitidine (CID 3001055),0.1048,Pranlukast (CID 4895),0.431,Quercetin (CID 5280343),0.0891,Ibrutinib (CID 24821094),0.1429,Curcumin (CID 969516),0.1078,Midostaurin (CID 9829523),0.0825,Orforglipron (approx),False,,True,0.2933,0.595,0.415,,,,,6.367,5.598,6.013,5.42,6.055,6.411,5.415,5.358,5.825,4.987,5.404,0.2676,,,,
Bromelain,,rescue,Proteolytic enzyme (pineapple),Reduces allergic inflammation; possible histamine modulation,Inflammation pathways,medium,library,enzyme_mixture,0.0,,0.0,,0.0,,0.0,,0.0,,0.0,,0.0,,0.0,,False,,False,,,,,,,,,,,,,,,,,,,0.18,,,,
Stinging nettle leaf,,rescue,Herbal antihistamine,Natural H1 antagonism + COX/LOX inhibition; multi-component,HRH1; eicosanoid pathways,medium,library,plant_extract,0.0,,0.0,,0.0,,0.0,,0.0,,0.0,,0.0,,0.0,,False,,False,,,,,,,,,,,,,,,,,,,0.18,,,,
Diamine oxidase (DAO),,rescue,Histamine-degrading enzyme,Degrades dietary histamine in the gut lumen pre-absorption,Dietary histamine,medium,library,enzyme,0.0,,0.0,,0.0,,0.0,,0.0,,0.0,,0.0,,0.0,,False,,False,,,,,,,,,,,,,,,,,,,0.18,,,,
