name,smiles,category,subcategory,mechanism,target,evidence_level,source,biologic_flag,score_HRH1,ref_HRH1,score_HRH2,ref_HRH2,score_CYSLTR1,ref_CYSLTR1,score_MRGPRX2,ref_MRGPRX2,score_BTK,ref_BTK,score_KEAP1,ref_KEAP1,score_CNR2,ref_CNR2,score_KIT,ref_KIT,score_GLP1R,ref_GLP1R,has_warhead,warheads,keap1_pharm_pass,hERG_score,AMES_score,BBB_score,vina_kcal_per_mol,vina_ligand_efficiency,c151_dE_kcal_per_mol,c151_score,chembl_pIC50_BTK,chembl_pIC50_CYSLTR1,chembl_pIC50_GLP1R,chembl_pIC50_HRH1,chembl_pIC50_HRH2,chembl_pIC50_HRH3,chembl_pIC50_HRH4,chembl_pIC50_KEAP1,chembl_pIC50_KIT,chembl_pIC50_MRGPRX2,chembl_pIC50_SYK,mast_cell_stabilizer_prob,composite_score,qed,sa_proxy,tanimoto_to_SFN,lipinski_pass
Erucin,CSCCCCN=C=S,remission,Natural isothiocyanate (Brassica),Sulfide form of SFN; reduced + bioequivalent in vivo via S-oxidation; covalent KEAP1 modifier,KEAP1 (Q14145),high,library,,0.0455,Fexofenadine (CID 3348),0.1034,Cimetidine (CID 2756),0.0353,Montelukast (CID 5281040),0.029,Saikosaponin a (approx),0.0111,Remibrutinib (CID 134324050),1.0,Erucin (CID 7373),0.0508,Cannabidiol (CID 644019),0.027,Avapritinib (CID 71576428),0.0267,Orforglipron (approx),True,isothiocyanate,True,0.265,0.415,0.92,-3.699,-0.411,-34.177,0.327,5.353,5.332,5.854,5.28,5.385,6.614,5.786,3.19,5.954,4.876,4.905,0.396,0.7373,,,,
Sulforaphane,CS(=O)CCCCN=C=S,remission,Isothiocyanate (broccoli sprout),Covalent KEAP1 modifier (Cys-151/273/288 isothiocyanate adduct) -> Nrf2 stabilization + nuclear translocation; HO-1 / NQO1 induction; NF-kB / caspase-1 inhibition; epigenetic (DNMT/HDAC) modulation,KEAP1 (Q14145); epigenetic,high,library,,0.0656,Cetirizine (CID 2678),0.0645,Cimetidine (CID 2756),0.0465,Montelukast (CID 5281040),0.037,Luteolin (CID 5280445),0.022,Remibrutinib (CID 134324050),1.0,Sulforaphane (CID 5350),0.0615,HU-308 (CID 11652556 (approx)),0.0476,Imatinib (CID 5291),0.0533,Orforglipron (approx),True,isothiocyanate,True,0.235,0.545,0.92,-4.045,-0.404,-34.763,0.337,5.549,5.718,5.761,5.331,5.364,6.95,5.726,3.982,6.041,4.857,4.975,0.356,0.7337,,,,
Phenethyl isothiocyanate,S=C=NCCc1ccccc1,remission,Natural isothiocyanate (watercress),Covalent KEAP1 modifier; HDAC inhibition; well-studied chemopreventive,KEAP1; HDAC,high,library,,0.175,Diphenhydramine (CID 3100),0.0833,Cimetidine (CID 2756),0.1125,Montelukast (CID 5281040),0.0789,Resveratrol (CID 445154),0.0779,Ibrutinib (CID 24821094),1.0,Phenethyl isothiocyanate (CID 16741),0.0862,Cannabidiol (CID 644019),0.0845,Avapritinib (CID 71576428),0.0833,Orforglipron (approx),True,isothiocyanate,True,0.7,0.75,0.95,-5.203,-0.473,-33.971,0.324,5.602,5.621,5.543,5.326,5.407,6.228,5.369,3.006,6.116,4.873,5.272,0.28,0.6939,,,,
Iberin,CS(=O)CCCN=C=S,remission,Natural isothiocyanate (Brassica),Covalent KEAP1 modifier (Cys); Nrf2 activator; shorter-chain SFN analog,KEAP1 (Q14145),medium,library,,0.0667,Cetirizine (CID 2678),0.0656,Cimetidine (CID 2756),0.0471,Montelukast (CID 5281040),0.0377,Luteolin (CID 5280445),0.0222,Remibrutinib (CID 134324050),1.0,Iberin (CID 3032358),0.0625,HU-308 (CID 11652556 (approx)),0.0482,Imatinib (CID 5291),0.0541,Orforglipron (approx),True,isothiocyanate,True,0.235,0.47,0.925,-3.815,-0.424,-39.173,0.407,5.709,5.718,5.743,5.214,5.17,6.924,5.592,4.071,6.016,4.859,5.008,0.36,0.6255,,,,
Benzyl isothiocyanate,S=C=NCc1ccccc1,remission,Natural isothiocyanate (papaya / garden cress),Covalent KEAP1 modifier; broader cytotoxic profile,KEAP1 (Q14145),medium,library,,0.1842,Diphenhydramine (CID 3100),0.0862,Cimetidine (CID 2756),0.1013,Montelukast (CID 5281040),0.0833,Resveratrol (CID 445154),0.08,Ibrutinib (CID 24821094),1.0,Benzyl isothiocyanate (CID 2346),0.0702,Cannabidiol (CID 644019),0.087,Avapritinib (CID 71576428),0.0857,Orforglipron (approx),True,isothiocyanate,True,0.695,0.58,0.955,-5.129,-0.513,-37.551,0.381,5.587,5.399,5.486,5.214,5.34,6.229,5.382,3.027,5.785,4.87,5.277,0.25,0.589,,,,
GEN_0005,CS(=O)CCCN=C=S,remission,generated_sulforaphane_analog,Sulforaphane-class hypothesis (SFN warhead / bioisostere),,low,reinvent_generated,,0.0667,Cetirizine (CID 2678),0.0656,Cimetidine (CID 2756),0.0471,Montelukast (CID 5281040),0.0377,Luteolin (CID 5280445),0.0222,Remibrutinib (CID 134324050),1.0,Iberin (CID 3032358),0.0625,HU-308 (CID 11652556 (approx)),0.0482,Imatinib (CID 5291),0.0541,Orforglipron (approx),True,isothiocyanate,True,0.235,0.47,0.925,-3.815,-0.424,-39.173,0.407,5.709,5.718,5.743,5.214,5.17,6.924,5.592,4.071,6.016,4.859,5.008,0.36,0.5704,0.3493,1.88,1.0,True
GEN_0002,CSCCCCN=C=S,remission,generated_sulforaphane_analog,Sulforaphane-class hypothesis (SFN warhead / bioisostere),,low,reinvent_generated,,0.0455,Fexofenadine (CID 3348),0.1034,Cimetidine (CID 2756),0.0353,Montelukast (CID 5281040),0.029,Saikosaponin a (approx),0.0111,Remibrutinib (CID 134324050),1.0,Erucin (CID 7373),0.0508,Cannabidiol (CID 644019),0.027,Avapritinib (CID 71576428),0.0267,Orforglipron (approx),True,isothiocyanate,True,0.265,0.415,0.92,-3.699,-0.411,-34.177,0.327,5.353,5.332,5.854,5.28,5.385,6.614,5.786,3.19,5.954,4.876,4.905,0.396,0.5621,0.3481,1.18,1.0,True
GEN_0006,CSCCCCCN=C=S,remission,generated_sulforaphane_analog,Sulforaphane-class hypothesis (SFN warhead / bioisostere),,low,reinvent_generated,,0.0448,Fexofenadine (CID 3348),0.1017,Cimetidine (CID 2756),0.0349,Montelukast (CID 5281040),0.0286,Saikosaponin a (approx),0.011,Remibrutinib (CID 134324050),0.9545,Erucin (CID 7373),0.0606,JWH-133 (CID 6918505 (approx)),0.0267,Avapritinib (CID 71576428),0.0263,Orforglipron (approx),True,isothiocyanate,True,0.27,0.37,0.92,-3.818,-0.382,-35.849,0.354,5.357,5.326,5.94,5.351,5.399,6.611,5.769,3.19,5.955,4.875,4.904,0.408,0.56,0.3494,1.2,0.9524,True
GEN_0004,CS(=O)CCCCN=C=S,remission,generated_sulforaphane_analog,Sulforaphane-class hypothesis (SFN warhead / bioisostere),,low,reinvent_generated,,0.0656,Cetirizine (CID 2678),0.0645,Cimetidine (CID 2756),0.0465,Montelukast (CID 5281040),0.037,Luteolin (CID 5280445),0.022,Remibrutinib (CID 134324050),1.0,Sulforaphane (CID 5350),0.0615,HU-308 (CID 11652556 (approx)),0.0476,Imatinib (CID 5291),0.0533,Orforglipron (approx),True,isothiocyanate,True,0.235,0.545,0.92,-4.045,-0.404,-34.763,0.337,5.549,5.718,5.761,5.331,5.364,6.95,5.726,3.982,6.041,4.857,4.975,0.356,0.5596,0.3592,1.9,1.0,True
Midostaurin,CO[C@@H]1[C@H](N(C)C(=O)c2ccccc2)C[C@H]2O[C@]1(C)n1c3ccccc3c3c4c(c5c6ccccc6n2c5c31)C(=O)NC4,remission,Multi-kinase inhibitor,"KIT, FLT3, PKC inhibition",KIT; FLT3,high,library,,0.1456,Fexofenadine (CID 3348),0.0952,Ranitidine (CID 3001055),0.1138,Pranlukast (CID 4895),0.1215,Saikosaponin a (approx),0.1293,Ibrutinib (CID 24821094),0.1037,Bardoxolone methyl (CID 400769),0.1154,HU-308 (CID 11652556 (approx)),0.5581,Midostaurin (CID 9829523),0.125,Orforglipron (approx),False,,False,0.675,0.625,0.75,-10.458,-0.243,,,5.3,5.499,6.611,5.515,5.218,6.367,5.6,5.508,7.344,4.663,7.119,0.84,0.5577,,,,
GEN_0008,CS(=O)CCCCCN=C=S,remission,generated_sulforaphane_analog,Sulforaphane-class hypothesis (SFN warhead / bioisostere),,low,reinvent_generated,,0.0645,Cetirizine (CID 2678),0.0635,Cimetidine (CID 2756),0.046,Montelukast (CID 5281040),0.0364,Luteolin (CID 5280445),0.0217,Remibrutinib (CID 134324050),0.9583,Sulforaphane (CID 5350),0.0606,HU-308 (CID 11652556 (approx)),0.0471,Imatinib (CID 5291),0.0526,Orforglipron (approx),True,isothiocyanate,True,0.24,0.455,0.92,-4.396,-0.4,-28.465,0.236,5.552,5.714,5.847,5.417,5.376,6.943,5.711,3.965,6.042,4.856,4.974,0.365,0.5569,0.3627,1.92,0.9565,True
Masitinib,Cc1ccc(NC(=O)c2ccc(CN3CCN(C)CC3)cc2)cc1Nc1nc(-c2cccnc2)cs1,remission,Tyrosine kinase inhibitor,"KIT, LYN, FYN inhibition",KIT,high,library,,0.2062,Loratadine (CID 3957),0.1316,Nizatidine (CID 3033),0.2315,Pranlukast (CID 4895),0.0778,Apigenin (CID 5280443),0.1624,Remibrutinib (CID 134324050),0.1205,Oltipraz (CID 4642),0.0918,Cannabidiol (CID 644019),0.7467,Imatinib (CID 5291),0.1961,Orforglipron (approx),False,,False,0.82,0.455,0.73,-10.43,-0.29,,,5.324,6.564,5.456,6.328,5.646,5.062,5.759,5.18,6.611,5.532,5.349,0.41,0.5532,,,,
GEN_0009,CSCCCN=C=S,remission,generated_sulforaphane_analog,Sulforaphane-class hypothesis (SFN warhead / bioisostere),,low,reinvent_generated,,0.0465,Diphenhydramine (CID 3100),0.1053,Cimetidine (CID 2756),0.0357,Montelukast (CID 5281040),0.0294,Saikosaponin a (approx),0.0112,Remibrutinib (CID 134324050),0.8636,Erucin (CID 7373),0.0517,Cannabidiol (CID 644019),0.0375,Masitinib (CID 10074640),0.027,Orforglipron (approx),True,isothiocyanate,True,0.265,0.365,0.915,-3.442,-0.43,-33.42,0.315,5.363,5.337,5.835,5.246,5.191,6.439,5.888,3.14,5.866,4.918,4.909,0.359,0.5505,0.3416,1.16,0.9048,True
Allyl isothiocyanate,C=CCN=C=S,remission,Natural isothiocyanate (mustard),Covalent KEAP1 modifier; TRPA1 agonist (pungent),KEAP1; TRPA1,medium,library,,0.0308,Loratadine (CID 3957),0.0536,Cimetidine (CID 2756),0.0247,Montelukast (CID 5281040),0.0294,Resveratrol (CID 445154),0.0405,Ibrutinib (CID 24821094),1.0,Allyl isothiocyanate (CID 5971),0.06,Beta-caryophyllene (CID 5281515),0.0143,Avapritinib (CID 71576428),0.0141,Orforglipron (approx),True,isothiocyanate,False,0.265,0.755,0.98,-3.161,-0.527,-39.416,0.411,5.584,5.287,5.388,5.322,5.356,6.345,5.687,3.149,6.258,4.874,4.794,0.163,0.5458,,,,
Glucoraphanin,CS(=O)CCCC/C(=N\OS(=O)(=O)O)S[C@@H]1O[C@H](CO)[C@@H](O)[C@H](O)[C@H]1O,remission,Sulforaphane precursor,Converted to sulforaphane by myrosinase; same downstream Nrf2 activation,KEAP1 (via SFN),high,library,,0.0787,Fexofenadine (CID 3348),0.1111,Famotidine (CID 3325),0.0648,Montelukast (CID 5281040),0.1264,Saikosaponin a (approx),0.0583,Ibrutinib (CID 24821094),0.2241,Sulforaphane (CID 5350),0.0795,Delta-9-THC (CID 16078),0.0566,Midostaurin (CID 9829523),0.0722,Orforglipron (approx),False,,True,0.255,0.335,0.6483,-7.76,-0.298,,,5.705,6.067,6.45,5.682,5.3,7.05,5.578,5.214,5.502,4.862,4.097,0.462,0.5454,,,,
Sulforaphene,CS(=O)/C=C/CCN=C=S,remission,Natural isothiocyanate (radish),Covalent KEAP1 modifier; unsaturated SFN homolog with potentially stronger Nrf2 activation,KEAP1 (Q14145),medium,library,,0.0635,Cetirizine (CID 2678),0.0625,Cimetidine (CID 2756),0.0575,Montelukast (CID 5281040),0.0545,Luteolin (CID 5280445),0.044,Remibrutinib (CID 134324050),0.4688,Iberin (CID 3032358),0.0877,Beta-caryophyllene (CID 5281515),0.0588,Dasatinib (CID 3062316),0.0519,Orforglipron (approx),True,isothiocyanate,True,0.25,0.595,0.875,-4.186,-0.419,-32.446,0.3,5.738,5.632,5.74,5.299,4.703,5.932,5.583,3.972,5.829,4.868,5.343,0.203,0.5446,,,,
GEN_0019,CCS(=O)CCCCCN=C=S,remission,generated_sulforaphane_analog,Sulforaphane-class hypothesis (SFN warhead / bioisostere),,low,reinvent_generated,,0.0694,Loratadine (CID 3957),0.0615,Cimetidine (CID 2756),0.0568,Pranlukast (CID 4895),0.0411,Saikosaponin a (approx),0.0213,Remibrutinib (CID 134324050),0.6333,Sulforaphane (CID 5350),0.0725,JWH-133 (CID 6918505 (approx)),0.046,Imatinib (CID 5291),0.038,Orforglipron (approx),True,isothiocyanate,True,0.275,0.385,0.91,-4.44,-0.37,-35.495,0.348,5.531,5.677,5.872,5.439,5.41,6.937,5.621,3.972,6.019,4.87,4.897,0.419,0.5304,0.3614,1.94,0.6207,True
GEN_0016,CCS(=O)CCCN=C=S,remission,generated_sulforaphane_analog,Sulforaphane-class hypothesis (SFN warhead / bioisostere),,low,reinvent_generated,,0.0714,Loratadine (CID 3957),0.0635,Cimetidine (CID 2756),0.0581,Pranlukast (CID 4895),0.0423,Saikosaponin a (approx),0.0217,Remibrutinib (CID 134324050),0.6429,Iberin (CID 3032358),0.0656,Cannabidiol (CID 644019),0.0471,Imatinib (CID 5291),0.039,Orforglipron (approx),True,isothiocyanate,True,0.27,0.425,0.915,-4.075,-0.408,-33.046,0.309,5.687,5.678,5.769,5.257,5.203,6.914,5.495,4.076,5.981,4.871,4.936,0.409,0.5299,0.3592,1.9,0.6429,True
GEN_0014,CCSCCCCN=C=S,remission,generated_sulforaphane_analog,Sulforaphane-class hypothesis (SFN warhead / bioisostere),,low,reinvent_generated,,0.0571,Loratadine (CID 3957),0.1186,Cimetidine (CID 2756),0.0465,Montelukast (CID 5281040),0.0282,Saikosaponin a (approx),0.0109,Remibrutinib (CID 134324050),0.6296,Erucin (CID 7373),0.0667,Cannabidiol (CID 644019),0.0263,Avapritinib (CID 71576428),0.026,Orforglipron (approx),True,isothiocyanate,True,0.2833,0.365,0.9008,-3.968,-0.397,-32.386,0.299,5.478,5.407,5.79,5.293,5.507,6.491,5.827,3.222,6.138,4.881,4.799,0.435,0.5255,0.3494,1.2,0.6154,True
GEN_0012,CCS(=O)CCCCN=C=S,remission,generated_sulforaphane_analog,Sulforaphane-class hypothesis (SFN warhead / bioisostere),,low,reinvent_generated,,0.0704,Loratadine (CID 3957),0.0625,Cimetidine (CID 2756),0.0575,Pranlukast (CID 4895),0.0417,Saikosaponin a (approx),0.0215,Remibrutinib (CID 134324050),0.6552,Sulforaphane (CID 5350),0.0645,Cannabidiol (CID 644019),0.0465,Imatinib (CID 5291),0.0385,Orforglipron (approx),True,isothiocyanate,True,0.27,0.47,0.91,-4.183,-0.38,-31.532,0.285,5.528,5.678,5.787,5.367,5.392,6.944,5.637,3.989,6.019,4.87,4.898,0.408,0.5237,0.3627,1.92,0.6429,True
GEN_0036,CS(=O)CCCSC#N,remission,generated_sulforaphane_analog,Sulforaphane-class hypothesis (SFN warhead / bioisostere),,low,reinvent_generated,,0.0667,Cetirizine (CID 2678),0.1207,Cimetidine (CID 2756),0.0723,Montelukast (CID 5281040),0.0377,Luteolin (CID 5280445),0.0222,Remibrutinib (CID 134324050),0.4194,Iberin (CID 3032358),0.0625,HU-308 (CID 11652556 (approx)),0.0482,Imatinib (CID 5291),0.0541,Orforglipron (approx),True,thiocyanate,True,0.21,0.175,0.75,-3.83,-0.426,,,5.492,5.521,5.969,5.276,5.183,6.99,5.801,4.017,5.902,4.857,4.84,0.343,0.5142,0.4578,1.88,0.4194,True
GEN_0029,CS(=O)CCCCSC#N,remission,generated_sulforaphane_analog,Sulforaphane-class hypothesis (SFN warhead / bioisostere),,low,reinvent_generated,,0.0656,Cetirizine (CID 2678),0.1186,Cimetidine (CID 2756),0.0714,Montelukast (CID 5281040),0.037,Luteolin (CID 5280445),0.022,Remibrutinib (CID 134324050),0.4375,Sulforaphane (CID 5350),0.0615,HU-308 (CID 11652556 (approx)),0.0476,Imatinib (CID 5291),0.0533,Orforglipron (approx),True,thiocyanate,True,0.205,0.23,0.74,-4.104,-0.41,,,5.498,5.521,5.974,5.391,5.181,6.972,5.87,4.037,5.975,4.857,4.818,0.382,0.5139,0.4701,1.9,0.4516,True
GEN_0020,CSCCCCSC#N,remission,generated_sulforaphane_analog,Sulforaphane-class hypothesis (SFN warhead / bioisostere),,low,reinvent_generated,,0.0488,Diphenhydramine (CID 3100),0.1296,Cimetidine (CID 2756),0.0494,Montelukast (CID 5281040),0.0303,Saikosaponin a (approx),0.0115,Remibrutinib (CID 134324050),0.4444,Erucin (CID 7373),0.0536,Cannabidiol (CID 644019),0.0375,Dasatinib (CID 3062316),0.0278,Orforglipron (approx),True,thiocyanate,True,0.255,0.095,0.74,-3.791,-0.421,,,5.398,5.23,6.033,5.296,5.185,6.304,5.771,3.212,5.856,4.874,4.737,0.345,0.5135,0.4566,1.18,0.4615,True
GEN_0031,CS(=O)CCCCCSC#N,remission,generated_sulforaphane_analog,Sulforaphane-class hypothesis (SFN warhead / bioisostere),,low,reinvent_generated,,0.0645,Cetirizine (CID 2678),0.1167,Cimetidine (CID 2756),0.0706,Montelukast (CID 5281040),0.0364,Luteolin (CID 5280445),0.0217,Remibrutinib (CID 134324050),0.4242,Sulforaphane (CID 5350),0.0606,HU-308 (CID 11652556 (approx)),0.0471,Imatinib (CID 5291),0.0526,Orforglipron (approx),True,thiocyanate,True,0.21,0.19,0.74,-4.221,-0.384,,,5.502,5.517,6.053,5.471,5.188,6.965,5.853,4.02,5.975,4.856,4.818,0.395,0.5135,0.4742,1.92,0.4375,True
GEN_0037,CCS(=O)(=O)CCCCN=C=S,remission,generated_sulforaphane_analog,Sulforaphane-class hypothesis (SFN warhead / bioisostere),,low,reinvent_generated,,0.0588,Fexofenadine (CID 3348),0.082,Famotidine (CID 3325),0.0581,Pranlukast (CID 4895),0.0278,Saikosaponin a (approx),0.0217,Remibrutinib (CID 134324050),0.4688,Sulforaphane (CID 5350),0.0656,Cannabidiol (CID 644019),0.0357,Masitinib (CID 10074640),0.039,Orforglipron (approx),True,isothiocyanate,True,0.27,0.375,0.965,-4.678,-0.39,-38.446,0.395,5.719,5.83,6.045,5.351,5.351,6.362,5.778,4.205,5.838,4.845,4.848,0.277,0.5132,0.3746,1.24,0.4667,True
GEN_0043,CS(=O)(=O)CCCCCN=C=S,remission,generated_sulforaphane_analog,Sulforaphane-class hypothesis (SFN warhead / bioisostere),,low,reinvent_generated,,0.0588,Fexofenadine (CID 3348),0.082,Famotidine (CID 3325),0.046,Pranlukast (CID 4895),0.0278,Saikosaponin a (approx),0.0241,Ibrutinib (CID 24821094),0.4688,Sulforaphane (CID 5350),0.0588,JWH-133 (CID 6918505 (approx)),0.0357,Masitinib (CID 10074640),0.039,Orforglipron (approx),True,isothiocyanate,True,0.245,0.405,0.97,-4.693,-0.391,-35.842,0.354,5.651,5.823,5.856,5.197,5.389,6.351,5.77,3.806,5.878,4.849,4.831,0.336,0.5122,0.3746,1.24,0.4516,True
GEN_0042,CS(=O)(=O)CCCN=C=S,remission,generated_sulforaphane_analog,Sulforaphane-class hypothesis (SFN warhead / bioisostere),,low,reinvent_generated,,0.0606,Fexofenadine (CID 3348),0.0847,Famotidine (CID 3325),0.0471,Pranlukast (CID 4895),0.0286,Saikosaponin a (approx),0.0247,Ibrutinib (CID 24821094),0.4667,Iberin (CID 3032358),0.05,Cannabidiol (CID 644019),0.0366,Masitinib (CID 10074640),0.04,Orforglipron (approx),True,isothiocyanate,True,0.245,0.465,0.965,-4.257,-0.426,-39.851,0.418,5.328,5.827,5.758,5.174,5.164,6.223,5.815,3.785,5.945,4.851,4.841,0.325,0.5119,0.359,1.2,0.4667,True
GEN_0050,O=S(CCCN=C=S)CCc1cccc(CCN=C=S)c1,remission,generated_sulforaphane_analog,Sulforaphane-class hypothesis (SFN warhead / bioisostere),,low,reinvent_generated,,0.1324,Cetirizine (CID 2678),0.0694,Famotidine (CID 3325),0.1087,Montelukast (CID 5281040),0.082,Apigenin (CID 5280443),0.0667,Ibrutinib (CID 24821094),0.5,Phenethyl isothiocyanate (CID 16741),0.1176,Cannabidiol (CID 644019),0.0989,Imatinib (CID 5291),0.0964,Orforglipron (approx),True,isothiocyanate,True,0.635,0.575,0.895,-6.747,-0.321,-66.951,0.85,5.798,6.057,5.539,5.39,5.531,7.009,6.308,3.324,6.072,4.927,5.423,0.524,0.5109,0.3739,2.92,0.5,True
GEN_0038,CS(=O)(=O)CCCCN=C=S,remission,generated_sulforaphane_analog,Sulforaphane-class hypothesis (SFN warhead / bioisostere),,low,reinvent_generated,,0.0597,Fexofenadine (CID 3348),0.0833,Famotidine (CID 3325),0.0465,Pranlukast (CID 4895),0.0282,Saikosaponin a (approx),0.0244,Ibrutinib (CID 24821094),0.4839,Sulforaphane (CID 5350),0.0492,Cannabidiol (CID 644019),0.0361,Masitinib (CID 10074640),0.0395,Orforglipron (approx),True,isothiocyanate,True,0.24,0.475,0.97,-4.564,-0.415,-34.212,0.328,5.648,5.827,5.77,5.132,5.382,6.349,5.782,3.823,5.878,4.85,4.844,0.325,0.5086,0.3703,1.22,0.4667,True
GEN_0030,CS(=O)CCc1ccc(N=C=S)cc1,remission,generated_sulforaphane_analog,Sulforaphane-class hypothesis (SFN warhead / bioisostere),,low,reinvent_generated,,0.102,Diphenhydramine (CID 3100),0.0909,Cimetidine (CID 2756),0.0909,Montelukast (CID 5281040),0.1053,Quercetin (CID 5280343),0.0588,Ibrutinib (CID 24821094),0.3784,Iberin (CID 3032358),0.0938,Cannabidiol (CID 644019),0.1059,Imatinib (CID 5291),0.1039,Orforglipron (approx),True,isothiocyanate,True,0.5,0.48,0.885,-5.986,-0.428,-21.442,0.124,5.74,5.851,5.551,5.567,5.473,7.038,6.317,4.138,5.642,4.89,5.305,0.352,0.5027,0.5812,2.78,0.3784,True
Avapritinib,CC1(C)OB(O)c2cc(CNC(=O)c3ccc(C4=NO[C@](c5cc(Cl)c(F)c(Cl)c5)(C(F)(F)F)C4)n4cccc34)ccc21,remission,Selective KIT D816V inhibitor,Selective KIT D816V tyrosine kinase inhibition,KIT,high,library,,0.1441,Fexofenadine (CID 3348),0.0923,Nizatidine (CID 3033),0.1406,Montelukast (CID 5281040),0.1121,Saikosaponin a (approx),0.1203,Remibrutinib (CID 134324050),0.1385,Omaveloxolone (RTA408) (CID 49787059 (approx)),0.1053,Delta-9-THC (CID 16078),0.1803,Dasatinib (CID 3062316),0.1739,Orforglipron (approx),False,,False,0.6283,0.44,0.745,,,,,6.26,5.928,6.046,6.125,6.344,5.742,5.855,4.821,6.382,4.816,5.357,0.619,0.4995,,,,
GEN_0051,CS(=O)CCc1ccc(SC#N)cc1,remission,generated_sulforaphane_analog,Sulforaphane-class hypothesis (SFN warhead / bioisostere),,low,reinvent_generated,,0.1094,Cetirizine (CID 2678),0.125,Cimetidine (CID 2756),0.1034,Montelukast (CID 5281040),0.1053,Quercetin (CID 5280343),0.0645,Remibrutinib (CID 134324050),0.275,Iberin (CID 3032358),0.0938,Cannabidiol (CID 644019),0.1059,Imatinib (CID 5291),0.1039,Orforglipron (approx),True,thiocyanate,True,0.51,0.285,0.83,-5.568,-0.398,,,5.75,5.614,5.562,5.666,5.475,7.051,6.401,3.846,6.049,4.875,5.126,0.328,0.4944,0.5823,2.78,0.275,True
GEN_0079,O=c1c(CCS(=O)CCCN=C=S)c(-c2ccc(O)cc2)oc2cc(O)cc(O)c12,remission,generated_sulforaphane_analog,Sulforaphane-class hypothesis (SFN warhead / bioisostere),,low,reinvent_generated,,0.1034,Cetirizine (CID 2678),0.1,Ranitidine (CID 3001055),0.1204,Pranlukast (CID 4895),0.3968,Quercetin (CID 5280343),0.0748,Ibrutinib (CID 24821094),0.2881,Iberin (CID 3032358),0.1099,Delta-9-THC (CID 16078),0.0818,Imatinib (CID 5291),0.068,Orforglipron (approx),True,isothiocyanate,True,0.345,0.595,0.5183,-8.344,-0.278,-46.336,0.521,8.062,5.799,6.697,5.414,6.235,6.804,5.377,3.695,5.961,4.856,5.219,0.565,0.4892,0.2762,4.6,0.2881,True
GEN_0080,O=c1cc(-c2ccc(O)cc2CCS(=O)CCCN=C=S)oc2cc(O)cc(O)c12,remission,generated_sulforaphane_analog,Sulforaphane-class hypothesis (SFN warhead / bioisostere),,low,reinvent_generated,,0.1011,Cetirizine (CID 2678),0.086,Ranitidine (CID 3001055),0.0982,Pranlukast (CID 4895),0.4262,Apigenin (CID 5280443),0.0541,Ibrutinib (CID 24821094),0.2787,Iberin (CID 3032358),0.1075,Delta-9-THC (CID 16078),0.0714,Midostaurin (CID 9829523),0.0769,Orforglipron (approx),True,isothiocyanate,True,0.4017,0.5,0.5683,-8.731,-0.291,-35.049,0.341,8.223,8.121,6.513,5.358,6.273,7.077,5.556,3.853,5.962,4.85,5.183,0.567,0.4879,0.2762,4.6,0.2787,True
GEN_0060,CS(=O)(=O)CCCCSC#N,remission,generated_sulforaphane_analog,Sulforaphane-class hypothesis (SFN warhead / bioisostere),,low,reinvent_generated,,0.0597,Fexofenadine (CID 3348),0.1379,Cimetidine (CID 2756),0.0588,Montelukast (CID 5281040),0.0282,Saikosaponin a (approx),0.0244,Ibrutinib (CID 24821094),0.2222,Erucin (CID 7373),0.0492,Cannabidiol (CID 644019),0.0476,Dasatinib (CID 3062316),0.0395,Orforglipron (approx),True,thiocyanate,True,0.21,0.275,0.79,-4.552,-0.414,,,5.712,5.628,5.973,5.18,5.184,6.13,5.95,3.948,5.769,4.85,4.654,0.368,0.4876,0.483,1.22,0.2286,True
GEN_0063,CCS(=O)CCCCSC#N,remission,generated_sulforaphane_analog,Sulforaphane-class hypothesis (SFN warhead / bioisostere),,low,reinvent_generated,,0.0704,Loratadine (CID 3957),0.1148,Cimetidine (CID 2756),0.0575,Montelukast (CID 5281040),0.0417,Saikosaponin a (approx),0.0215,Remibrutinib (CID 134324050),0.2632,Sulforaphane (CID 5350),0.0645,Cannabidiol (CID 644019),0.0465,Imatinib (CID 5291),0.0385,Orforglipron (approx),True,thiocyanate,True,0.23,0.325,0.73,-4.316,-0.392,,,5.477,5.492,6.007,5.442,5.214,6.963,5.798,4.04,5.94,4.869,4.74,0.414,0.4861,0.4742,1.92,0.2703,True
GEN_0046,CS(=O)Cc1ccc(N=C=S)cc1,remission,generated_sulforaphane_analog,Sulforaphane-class hypothesis (SFN warhead / bioisostere),,low,reinvent_generated,,0.1064,Diphenhydramine (CID 3100),0.1077,Ranitidine (CID 3001055),0.093,Montelukast (CID 5281040),0.1091,Quercetin (CID 5280343),0.0602,Ibrutinib (CID 24821094),0.3243,Iberin (CID 3032358),0.0896,HU-308 (CID 11652556 (approx)),0.0976,Masitinib (CID 10074640),0.0779,Orforglipron (approx),True,isothiocyanate,True,0.535,0.5,0.875,-5.854,-0.45,-18.391,0.076,5.592,5.666,5.601,5.286,5.493,7.08,5.533,4.156,5.606,4.905,5.172,0.23,0.4833,0.5669,2.76,0.3243,True
GEN_0058,O=S(CCCN=C=S)CCc1cccc(CN=C=S)c1,remission,generated_sulforaphane_analog,Sulforaphane-class hypothesis (SFN warhead / bioisostere),,low,reinvent_generated,,0.1286,Cetirizine (CID 2678),0.0676,Famotidine (CID 3325),0.0947,Montelukast (CID 5281040),0.0794,Apigenin (CID 5280443),0.0652,Ibrutinib (CID 24821094),0.425,Benzyl isothiocyanate (CID 2346),0.1143,Cannabidiol (CID 644019),0.0968,Imatinib (CID 5291),0.0941,Orforglipron (approx),True,isothiocyanate,True,0.61,0.565,0.905,,,-76.387,1.0,5.791,6.071,5.534,5.381,5.511,7.009,6.332,3.325,6.052,4.917,5.406,0.524,0.4832,0.3981,2.9,0.425,True
GEN_0087,O=c1cc(-c2cc(O)c(O)cc2CCS(=O)CCCN=C=S)oc2cc(O)cc(O)c12,remission,generated_sulforaphane_analog,Sulforaphane-class hypothesis (SFN warhead / bioisostere),,low,reinvent_generated,,0.0909,Cetirizine (CID 2678),0.0787,Famotidine (CID 3325),0.0901,Pranlukast (CID 4895),0.4032,Luteolin (CID 5280445),0.0455,Ibrutinib (CID 24821094),0.3103,Iberin (CID 3032358),0.1099,Delta-9-THC (CID 16078),0.0631,Midostaurin (CID 9829523),0.068,Orforglipron (approx),True,isothiocyanate,True,0.35,0.5,0.6083,-9.08,-0.293,-35.049,0.341,8.216,7.965,6.12,5.467,5.754,7.03,5.602,3.861,5.924,4.896,5.233,0.544,0.4819,0.1736,4.62,0.3103,True
GEN_0073,O=S(CCCN=C=S)CCc1cc(/C=C/c2cc(O)cc(O)c2)ccc1O,remission,generated_sulforaphane_analog,Sulforaphane-class hypothesis (SFN warhead / bioisostere),,low,reinvent_generated,,0.1429,Cetirizine (CID 2678),0.1,Famotidine (CID 3325),0.13,Pranlukast (CID 4895),0.3265,Resveratrol (CID 445154),0.07,Ibrutinib (CID 24821094),0.36,Iberin (CID 3032358),0.1341,Delta-9-THC (CID 16078),0.0777,Imatinib (CID 5291),0.0968,Orforglipron (approx),True,isothiocyanate,True,0.5317,0.455,0.6775,-7.679,-0.284,-35.004,0.34,7.333,8.443,5.905,5.497,6.303,7.146,5.435,3.632,6.03,4.892,5.11,0.488,0.4807,0.2567,3.84,0.36,True
GEN_0085,O=c1c(O)c(-c2ccc(O)c(CCS(=O)CCCN=C=S)c2)oc2cc(O)cc(O)c12,remission,generated_sulforaphane_analog,Sulforaphane-class hypothesis (SFN warhead / bioisostere),,low,reinvent_generated,,0.1124,Cetirizine (CID 2678),0.0851,Ranitidine (CID 3001055),0.1273,Pranlukast (CID 4895),0.5167,Quercetin (CID 5280343),0.0727,Ibrutinib (CID 24821094),0.2742,Iberin (CID 3032358),0.1064,Delta-9-THC (CID 16078),0.0796,Imatinib (CID 5291),0.0762,Orforglipron (approx),True,isothiocyanate,True,0.3283,0.65,0.56,-8.128,-0.262,-43.3,0.473,8.076,8.429,6.108,5.496,6.652,6.91,5.466,3.827,5.915,4.893,5.015,0.432,0.4807,0.2279,4.62,0.2742,True
GEN_0034,CS(=O)(=O)CCc1ccc(N=C=S)cc1,remission,generated_sulforaphane_analog,Sulforaphane-class hypothesis (SFN warhead / bioisostere),,low,reinvent_generated,,0.102,Diphenhydramine (CID 3100),0.1094,Famotidine (CID 3325),0.0909,Montelukast (CID 5281040),0.0909,Resveratrol (CID 445154),0.0714,Ibrutinib (CID 24821094),0.3077,Phenethyl isothiocyanate (CID 16741),0.0938,Cannabidiol (CID 644019),0.0952,Masitinib (CID 10074640),0.0759,Orforglipron (approx),True,isothiocyanate,True,0.535,0.59,0.885,-6.278,-0.419,-20.22,0.105,5.512,5.977,5.561,5.488,5.431,6.394,5.82,3.91,5.755,4.884,5.088,0.305,0.4787,0.5981,2.1,0.3077,True
GEN_0048,CCS(=O)CCc1ccc(N=C=S)cc1,remission,generated_sulforaphane_analog,Sulforaphane-class hypothesis (SFN warhead / bioisostere),,low,reinvent_generated,,0.1081,Loratadine (CID 3957),0.0882,Cimetidine (CID 2756),0.0889,Montelukast (CID 5281040),0.0833,Quercetin (CID 5280343),0.0575,Ibrutinib (CID 24821094),0.2927,Phenethyl isothiocyanate (CID 16741),0.1077,Cannabidiol (CID 644019),0.1034,Imatinib (CID 5291),0.0875,Orforglipron (approx),True,isothiocyanate,True,0.5575,0.495,0.86,-6.117,-0.408,-13.64,0.0,5.53,5.846,5.579,5.585,5.542,6.977,6.201,4.142,5.745,4.901,5.236,0.362,0.4782,0.5838,2.8,0.2927,True
GEN_0045,CS(=O)(=O)Cc1ccc(N=C=S)cc1,remission,generated_sulforaphane_analog,Sulforaphane-class hypothesis (SFN warhead / bioisostere),,low,reinvent_generated,,0.1064,Diphenhydramine (CID 3100),0.1129,Famotidine (CID 3325),0.093,Montelukast (CID 5281040),0.0952,Resveratrol (CID 445154),0.0732,Ibrutinib (CID 24821094),0.2703,Benzyl isothiocyanate (CID 2346),0.0794,Cannabidiol (CID 644019),0.1084,Imatinib (CID 5291),0.0779,Orforglipron (approx),True,isothiocyanate,True,0.495,0.57,0.84,-5.923,-0.423,-19.459,0.093,5.536,5.817,5.549,5.319,5.4,6.379,5.641,3.906,5.803,4.884,5.079,0.318,0.4776,0.5856,2.08,0.2703,True
GEN_0061,CS(=O)Cc1ccc(SC#N)cc1,remission,generated_sulforaphane_analog,Sulforaphane-class hypothesis (SFN warhead / bioisostere),,low,reinvent_generated,,0.1129,Cetirizine (CID 2678),0.129,Cimetidine (CID 2756),0.1059,Montelukast (CID 5281040),0.1091,Quercetin (CID 5280343),0.0659,Remibrutinib (CID 134324050),0.225,Iberin (CID 3032358),0.0896,HU-308 (CID 11652556 (approx)),0.0976,Masitinib (CID 10074640),0.0779,Orforglipron (approx),True,thiocyanate,True,0.53,0.305,0.825,-5.424,-0.417,,,5.618,5.434,5.612,5.388,5.509,7.092,5.646,3.875,5.936,4.89,4.991,0.188,0.4775,0.5679,2.76,0.225,True
GEN_0032,CSCCc1ccc(N=C=S)cc1,remission,generated_sulforaphane_analog,Sulforaphane-class hypothesis (SFN warhead / bioisostere),,low,reinvent_generated,,0.1064,Diphenhydramine (CID 3100),0.129,Cimetidine (CID 2756),0.093,Montelukast (CID 5281040),0.0702,Quercetin (CID 5280343),0.0476,Ibrutinib (CID 24821094),0.3611,Phenethyl isothiocyanate (CID 16741),0.0968,Cannabidiol (CID 644019),0.0843,Masitinib (CID 10074640),0.0641,Orforglipron (approx),True,isothiocyanate,True,0.595,0.45,0.85,-5.303,-0.408,-17.499,0.062,5.508,5.583,5.654,5.498,5.496,6.63,5.891,3.109,5.622,4.92,5.266,0.319,0.4764,0.5568,2.06,0.3611,True
GEN_0052,CCS(=O)Cc1ccc(N=C=S)cc1,remission,generated_sulforaphane_analog,Sulforaphane-class hypothesis (SFN warhead / bioisostere),,low,reinvent_generated,,0.102,Diphenhydramine (CID 3100),0.0909,Cimetidine (CID 2756),0.0909,Montelukast (CID 5281040),0.0862,Quercetin (CID 5280343),0.0588,Ibrutinib (CID 24821094),0.2564,Benzyl isothiocyanate (CID 2346),0.0938,Cannabidiol (CID 644019),0.0952,Masitinib (CID 10074640),0.0759,Orforglipron (approx),True,isothiocyanate,True,0.5575,0.475,0.915,-5.582,-0.399,-19.785,0.098,5.571,5.71,5.575,5.364,5.5,6.963,5.451,4.182,5.626,4.907,5.275,0.279,0.4763,0.5822,2.78,0.2632,True
GEN_0084,O=c1c(O)c(-c2ccc(O)cc2CCS(=O)CCCN=C=S)oc2cc(O)cc(O)c12,remission,generated_sulforaphane_analog,Sulforaphane-class hypothesis (SFN warhead / bioisostere),,low,reinvent_generated,,0.1011,Cetirizine (CID 2678),0.086,Ranitidine (CID 3001055),0.0982,Pranlukast (CID 4895),0.4062,Quercetin (CID 5280343),0.0541,Ibrutinib (CID 24821094),0.2787,Iberin (CID 3032358),0.1075,Delta-9-THC (CID 16078),0.0714,Midostaurin (CID 9829523),0.0769,Orforglipron (approx),True,isothiocyanate,True,0.3233,0.62,0.6033,-8.41,-0.271,-39.039,0.405,8.223,8.139,6.499,5.405,6.7,6.939,5.562,3.874,5.972,4.853,4.986,0.462,0.476,0.2279,4.62,0.2787,True
GEN_0092,O=c1c(O)c(-c2cc(O)c(O)c(CCS(=O)CCCN=C=S)c2)oc2cc(O)cc(O)c12,remission,generated_sulforaphane_analog,Sulforaphane-class hypothesis (SFN warhead / bioisostere),,low,reinvent_generated,,0.0899,Cetirizine (CID 2678),0.0778,Famotidine (CID 3325),0.0991,Pranlukast (CID 4895),0.459,Quercetin (CID 5280343),0.0545,Ibrutinib (CID 24821094),0.2833,Iberin (CID 3032358),0.1087,Delta-9-THC (CID 16078),0.0714,Imatinib (CID 5291),0.0673,Orforglipron (approx),True,isothiocyanate,True,0.25,0.55,0.6183,-8.363,-0.261,-35.491,0.348,8.085,8.231,6.101,5.485,6.448,6.858,5.61,3.9,5.885,4.898,5.221,0.399,0.4754,0.1421,4.64,0.2833,True
GEN_0049,CSCc1ccc(N=C=S)cc1,remission,generated_sulforaphane_analog,Sulforaphane-class hypothesis (SFN warhead / bioisostere),,low,reinvent_generated,,0.1111,Diphenhydramine (CID 3100),0.1333,Cimetidine (CID 2756),0.1084,Montelukast (CID 5281040),0.0732,Resveratrol (CID 445154),0.0488,Ibrutinib (CID 24821094),0.2857,Benzyl isothiocyanate (CID 2346),0.0923,HU-308 (CID 11652556 (approx)),0.0864,Masitinib (CID 10074640),0.0658,Orforglipron (approx),True,isothiocyanate,True,0.57,0.47,0.88,-5.227,-0.436,-19.511,0.094,5.509,5.376,5.554,7.034,5.901,6.774,6.432,3.11,5.809,4.914,5.16,0.264,0.4718,0.5418,2.04,0.2857,True
GEN_0057,O=S(CCCN=C=S)CCc1ccccc1CN=C=S,remission,generated_sulforaphane_analog,Sulforaphane-class hypothesis (SFN warhead / bioisostere),,low,reinvent_generated,,0.1493,Cetirizine (CID 2678),0.0694,Famotidine (CID 3325),0.0737,Montelukast (CID 5281040),0.0645,Apigenin (CID 5280443),0.0667,Ibrutinib (CID 24821094),0.425,Iberin (CID 3032358),0.0704,Cannabidiol (CID 644019),0.0753,Imatinib (CID 5291),0.0833,Orforglipron (approx),True,isothiocyanate,True,0.6083,0.585,0.9,,,-74.416,0.969,5.82,8.233,5.56,5.392,6.25,7.122,5.384,3.485,6.038,4.907,5.241,0.451,0.4715,0.3981,2.9,0.425,True
GEN_0059,O=S(CCCN=C=S)CCc1ccccc1CCN=C=S,remission,generated_sulforaphane_analog,Sulforaphane-class hypothesis (SFN warhead / bioisostere),,low,reinvent_generated,,0.1538,Cetirizine (CID 2678),0.0714,Famotidine (CID 3325),0.0753,Montelukast (CID 5281040),0.0667,Apigenin (CID 5280443),0.0682,Ibrutinib (CID 24821094),0.4474,Iberin (CID 3032358),0.0725,Cannabidiol (CID 644019),0.0864,Avapritinib (CID 71576428),0.0854,Orforglipron (approx),True,isothiocyanate,True,0.6283,0.6,0.895,,,-67.343,0.856,5.8,8.23,5.56,5.378,6.26,7.035,5.359,3.49,5.922,4.903,5.238,0.436,0.4627,0.3739,2.92,0.4474,True
GEN_0090,O=c1c(O)c(-c2cc(O)c(O)cc2CCS(=O)CCCN=C=S)oc2cc(O)cc(O)c12,remission,generated_sulforaphane_analog,Sulforaphane-class hypothesis (SFN warhead / bioisostere),,low,reinvent_generated,,0.0909,Cetirizine (CID 2678),0.0787,Famotidine (CID 3325),0.0901,Pranlukast (CID 4895),0.4194,Quercetin (CID 5280343),0.0455,Ibrutinib (CID 24821094),0.3103,Iberin (CID 3032358),0.1099,Delta-9-THC (CID 16078),0.0631,Midostaurin (CID 9829523),0.068,Orforglipron (approx),True,isothiocyanate,True,0.27,0.615,0.6267,-8.247,-0.258,-19.673,0.096,8.216,7.981,6.113,5.437,6.505,6.887,5.616,3.883,5.926,4.898,5.058,0.426,0.4569,0.1421,4.64,0.3103,True
GEN_0088,O=c1c(CCS(=O)CCCN=C=S)c(-c2ccc(O)c(O)c2)oc2cc(O)cc(O)c12,remission,generated_sulforaphane_analog,Sulforaphane-class hypothesis (SFN warhead / bioisostere),,low,reinvent_generated,,0.1011,Cetirizine (CID 2678),0.0978,Ranitidine (CID 3001055),0.1284,Pranlukast (CID 4895),0.5,Quercetin (CID 5280343),0.0734,Ibrutinib (CID 24821094),0.3,Iberin (CID 3032358),0.1075,Delta-9-THC (CID 16078),0.0804,Imatinib (CID 5291),0.0667,Orforglipron (approx),True,isothiocyanate,True,0.36,0.71,0.5467,,,-46.103,0.517,8.059,5.834,6.046,5.42,6.238,6.778,5.458,3.733,5.93,4.9,5.112,0.537,0.4497,0.1736,4.62,0.3,True
GEN_0075,O=S(CCCN=C=S)CCc1cc(O)ccc1/C=C/c1cc(O)cc(O)c1,remission,generated_sulforaphane_analog,Sulforaphane-class hypothesis (SFN warhead / bioisostere),,low,reinvent_generated,,0.1266,Cetirizine (CID 2678),0.0854,Famotidine (CID 3325),0.1176,Montelukast (CID 5281040),0.32,Resveratrol (CID 445154),0.0693,Ibrutinib (CID 24821094),0.3269,Iberin (CID 3032358),0.1139,Cannabidiol (CID 644019),0.0769,Imatinib (CID 5291),0.0957,Orforglipron (approx),True,isothiocyanate,True,0.5417,0.46,0.665,,,-28.736,0.241,7.298,8.261,6.311,5.317,6.265,7.257,5.379,3.592,5.972,4.972,5.106,0.448,0.4398,0.2567,3.84,0.3269,True
GEN_0081,CCCCC[C@H](O)CC(=O)CCc1cc(OC)c(O)cc1CCS(=O)CCCN=C=S,remission,generated_sulforaphane_analog,Sulforaphane-class hypothesis (SFN warhead / bioisostere),,low,reinvent_generated,,0.1212,Loratadine (CID 3957),0.0851,Famotidine (CID 3325),0.1339,Pranlukast (CID 4895),0.0833,Apigenin (CID 5280443),0.0614,Ibrutinib (CID 24821094),0.2812,Iberin (CID 3032358),0.1744,Cannabidiol (CID 644019),0.087,Imatinib (CID 5291),0.0943,Orforglipron (approx),True,isothiocyanate,True,0.5717,0.405,0.6858,,,-31.566,0.286,7.197,8.021,7.069,5.476,6.015,7.05,5.338,4.928,6.462,4.897,5.171,0.662,0.4383,0.2032,3.82,0.2812,True
GEN_0082,CCCCC[C@H](O)CC(=O)CCc1cc(CCS(=O)CCCN=C=S)c(O)c(OC)c1,remission,generated_sulforaphane_analog,Sulforaphane-class hypothesis (SFN warhead / bioisostere),,low,reinvent_generated,,0.1188,Loratadine (CID 3957),0.0722,Famotidine (CID 3325),0.1217,Pranlukast (CID 4895),0.08,Resveratrol (CID 445154),0.0603,Ibrutinib (CID 24821094),0.2727,Iberin (CID 3032358),0.1839,Cannabidiol (CID 644019),0.0948,Imatinib (CID 5291),0.1132,Orforglipron (approx),True,isothiocyanate,True,0.6117,0.41,0.665,,,-31.233,0.28,7.227,8.136,7.066,5.451,6.077,7.096,5.308,4.659,6.873,4.895,5.24,0.644,0.4342,0.2032,3.82,0.2727,True
GEN_0083,O=c1c(CCS(=O)CCCN=C=S)c(-c2ccccc2)oc2cc(O)c(O)c(O)c12,remission,generated_sulforaphane_analog,Sulforaphane-class hypothesis (SFN warhead / bioisostere),,low,reinvent_generated,,0.1412,Cetirizine (CID 2678),0.0989,Ranitidine (CID 3001055),0.1091,Montelukast (CID 5281040),0.2714,Quercetin (CID 5280343),0.0943,Ibrutinib (CID 24821094),0.3051,Phenethyl isothiocyanate (CID 16741),0.1209,Delta-9-THC (CID 16078),0.1111,Imatinib (CID 5291),0.0882,Orforglipron (approx),True,isothiocyanate,True,0.5,0.54,0.645,,,-34.296,0.329,8.083,5.905,5.692,5.439,6.159,6.756,5.275,3.707,6.014,4.9,5.405,0.485,0.4325,0.2104,4.6,0.3051,True
GEN_0072,CC(=O)Oc1cc(CCS(=O)CCCN=C=S)ccc1C(=O)O,remission,generated_sulforaphane_analog,Sulforaphane-class hypothesis (SFN warhead / bioisostere),,low,reinvent_generated,,0.1538,Cetirizine (CID 2678),0.0833,Cimetidine (CID 2756),0.15,Montelukast (CID 5281040),0.0984,Resveratrol (CID 445154),0.0792,Ibrutinib (CID 24821094),0.3462,Iberin (CID 3032358),0.1266,Cannabidiol (CID 644019),0.1188,Imatinib (CID 5291),0.1556,Orforglipron (approx),True,isothiocyanate,True,0.6117,0.44,0.6975,,,-33.756,0.321,7.247,5.704,5.59,5.664,5.559,7.057,6.03,4.492,5.917,4.614,5.393,0.454,0.4283,0.2397,2.96,0.3725,True
GEN_0077,CN1CCC(=C2c3cc(CCS(=O)CCCN=C=S)ccc3CC(=O)c3sccc32)CC1,remission,generated_sulforaphane_analog,Sulforaphane-class hypothesis (SFN warhead / bioisostere),,low,reinvent_generated,,0.1753,Loratadine (CID 3957),0.0825,Famotidine (CID 3325),0.0744,Montelukast (CID 5281040),0.0805,Apigenin (CID 5280443),0.0813,Remibrutinib (CID 134324050),0.2687,Iberin (CID 3032358),0.1183,Cannabidiol (CID 644019),0.1667,Masitinib (CID 10074640),0.1121,Orforglipron (approx),True,isothiocyanate,True,0.745,0.46,0.86,,,-32.978,0.308,6.055,6.122,5.592,6.283,5.796,7.118,6.685,4.482,6.036,5.003,5.516,0.424,0.4264,0.3219,4.89,0.2727,True
GEN_0074,CN(C)CCOC(c1ccccc1)c1cccc(CCS(=O)CCCN=C=S)c1,remission,generated_sulforaphane_analog,Sulforaphane-class hypothesis (SFN warhead / bioisostere),,low,reinvent_generated,,0.463,Diphenhydramine (CID 3100),0.1,Ranitidine (CID 3001055),0.1415,Montelukast (CID 5281040),0.0735,Resveratrol (CID 445154),0.0748,Ibrutinib (CID 24821094),0.3333,Phenethyl isothiocyanate (CID 16741),0.092,Cannabidiol (CID 644019),0.1038,Masitinib (CID 10074640),0.1111,Orforglipron (approx),True,isothiocyanate,True,0.84,0.455,0.875,,,-32.466,0.3,5.891,6.142,5.476,5.271,5.55,7.363,6.077,4.645,6.065,4.91,5.472,0.591,0.4233,0.2721,4.58,0.3636,True
GEN_0078,CN1CCC(=C2c3ccsc3C(=O)Cc3cccc(CCS(=O)CCCN=C=S)c32)CC1,remission,generated_sulforaphane_analog,Sulforaphane-class hypothesis (SFN warhead / bioisostere),,low,reinvent_generated,,0.1856,Loratadine (CID 3957),0.0816,Famotidine (CID 3325),0.065,Montelukast (CID 5281040),0.0674,Apigenin (CID 5280443),0.072,Remibrutinib (CID 134324050),0.2647,Iberin (CID 3032358),0.0938,Cannabidiol (CID 644019),0.1545,Masitinib (CID 10074640),0.1111,Orforglipron (approx),True,isothiocyanate,True,0.68,0.47,0.8,,,-28.089,0.23,5.862,8.146,5.686,7.328,6.493,7.078,5.528,4.678,5.97,5.045,5.722,0.445,0.4222,0.3219,4.89,0.2687,True
GEN_0071,CC(=O)Oc1c(CCS(=O)CCCN=C=S)cccc1C(=O)O,remission,generated_sulforaphane_analog,Sulforaphane-class hypothesis (SFN warhead / bioisostere),,low,reinvent_generated,,0.1688,Cetirizine (CID 2678),0.0833,Cimetidine (CID 2756),0.15,Montelukast (CID 5281040),0.0889,Saikosaponin a (approx),0.09,Ibrutinib (CID 24821094),0.3462,Iberin (CID 3032358),0.0988,Cannabidiol (CID 644019),0.0971,Imatinib (CID 5291),0.1556,Orforglipron (approx),True,isothiocyanate,True,0.6283,0.46,0.645,,,-30.436,0.268,7.239,8.097,5.433,5.406,6.246,7.076,5.405,4.421,5.876,4.623,5.229,0.501,0.4179,0.2397,2.96,0.38,True
GEN_0076,CN(C)CCOC(c1ccccc1)c1ccccc1CCS(=O)CCCN=C=S,remission,generated_sulforaphane_analog,Sulforaphane-class hypothesis (SFN warhead / bioisostere),,low,reinvent_generated,,0.4444,Diphenhydramine (CID 3100),0.1011,Ranitidine (CID 3001055),0.1111,Montelukast (CID 5281040),0.0619,Saikosaponin a (approx),0.0755,Ibrutinib (CID 24821094),0.3158,Iberin (CID 3032358),0.0761,HU-308 (CID 11652556 (approx)),0.08,Avapritinib (CID 71576428),0.101,Orforglipron (approx),True,isothiocyanate,True,0.8317,0.445,0.865,,,-32.367,0.298,5.841,8.222,5.501,5.606,6.251,7.369,5.45,4.807,5.865,4.847,5.305,0.568,0.4164,0.2721,4.58,0.3158,True
GEN_0086,O=c1cc(-c2ccccc2CCS(=O)CCCN=C=S)oc2cc(O)c(O)c(O)c12,remission,generated_sulforaphane_analog,Sulforaphane-class hypothesis (SFN warhead / bioisostere),,low,reinvent_generated,,0.1264,Cetirizine (CID 2678),0.0978,Ranitidine (CID 3001055),0.0982,Pranlukast (CID 4895),0.2794,Apigenin (CID 5280443),0.0734,Ibrutinib (CID 24821094),0.2787,Iberin (CID 3032358),0.1196,Delta-9-THC (CID 16078),0.0909,Midostaurin (CID 9829523),0.0874,Orforglipron (approx),True,isothiocyanate,True,0.5433,0.535,0.66,,,-22.4,0.14,8.297,8.139,5.876,5.583,6.288,7.053,5.538,3.955,5.954,4.936,5.382,0.442,0.4159,0.2104,4.6,0.2833,True
GEN_0098,O=C1CC[C@@]2(O)[C@H]3Cc4c(CCS(=O)CCCN=C=S)cc(O)c5c4[C@@]2(CCN3CC2CC2)[C@H]1O5,remission,generated_sulforaphane_analog,Sulforaphane-class hypothesis (SFN warhead / bioisostere),,low,reinvent_generated,,0.1284,Fexofenadine (CID 3348),0.0636,Famotidine (CID 3325),0.084,Pranlukast (CID 4895),0.0965,Saikosaponin a (approx),0.0968,Ibrutinib (CID 24821094),0.2125,Iberin (CID 3032358),0.1402,Delta-9-THC (CID 16078),0.1032,Midostaurin (CID 9829523),0.1102,Orforglipron (approx),True,isothiocyanate,False,0.4917,0.34,0.845,,,-45.445,0.507,7.478,7.809,6.932,5.528,5.949,7.082,5.811,4.921,6.009,5.064,5.397,0.587,0.4158,0.2952,8.5,0.2179,False
GEN_0100,O=C1CC[C@@]2(O)[C@H]3Cc4cc(CCS(=O)CCCN=C=S)c(O)c5c4[C@@]2(CCN3CC2CC2)[C@H]1O5,remission,generated_sulforaphane_analog,Sulforaphane-class hypothesis (SFN warhead / bioisostere),,low,reinvent_generated,,0.1182,Fexofenadine (CID 3348),0.0631,Cimetidine (CID 2756),0.0758,Pranlukast (CID 4895),0.101,Quercetin (CID 5280343),0.088,Ibrutinib (CID 24821094),0.2125,Iberin (CID 3032358),0.1296,Delta-9-THC (CID 16078),0.0945,Midostaurin (CID 9829523),0.1102,Orforglipron (approx),True,isothiocyanate,False,0.4417,0.315,0.845,,,-32.87,0.306,7.572,8.01,6.788,5.551,5.978,7.133,5.756,4.7,6.253,5.034,5.383,0.558,0.4091,0.2952,8.5,0.2179,False
GEN_0091,CN/C(=C\[N+](=O)[O-])NCCSCc1oc(CN(C)C)cc1CCS(=O)CCCN=C=S,remission,generated_sulforaphane_analog,Sulforaphane-class hypothesis (SFN warhead / bioisostere),,low,reinvent_generated,,0.0882,Cetirizine (CID 2678),0.52,Ranitidine (CID 3001055),0.088,Pranlukast (CID 4895),0.0753,Apigenin (CID 5280443),0.0692,Remibrutinib (CID 134324050),0.2466,Iberin (CID 3032358),0.0952,HU-308 (CID 11652556 (approx)),0.072,Imatinib (CID 5291),0.0776,Orforglipron (approx),True,isothiocyanate,True,0.46,0.335,0.405,,,-31.91,0.291,7.177,8.102,5.872,6.8,6.823,7.038,5.91,4.789,5.797,4.906,5.255,0.561,0.4066,0.1118,3.07,0.25,True
GEN_0089,CN/C(=C\[N+](=O)[O-])NCCSCc1cc(CCS(=O)CCCN=C=S)c(CN(C)C)o1,remission,generated_sulforaphane_analog,Sulforaphane-class hypothesis (SFN warhead / bioisostere),,low,reinvent_generated,,0.0805,Diphenhydramine (CID 3100),0.52,Ranitidine (CID 3001055),0.088,Pranlukast (CID 4895),0.0753,Apigenin (CID 5280443),0.0692,Remibrutinib (CID 134324050),0.2466,Iberin (CID 3032358),0.0849,HU-308 (CID 11652556 (approx)),0.0806,Imatinib (CID 5291),0.0776,Orforglipron (approx),True,isothiocyanate,True,0.435,0.36,0.365,,,-21.334,0.123,7.185,8.091,5.873,6.821,6.96,7.034,5.841,4.82,5.807,4.906,5.261,0.578,0.3976,0.1118,3.07,0.2676,True
GEN_0096,COc1cc(/C=C/C(=O)CC(=O)/C=C/c2ccc(O)c(OC)c2CCS(=O)CCCN=C=S)ccc1O,remission,generated_sulforaphane_analog,Sulforaphane-class hypothesis (SFN warhead / bioisostere),,low,reinvent_generated,,0.1196,Cetirizine (CID 2678),0.1042,Ranitidine (CID 3001055),0.1327,Pranlukast (CID 4895),0.1594,Resveratrol (CID 445154),0.0826,Remibrutinib (CID 134324050),0.5082,Curcumin (CID 969516),0.1505,HU-308 (CID 11652556 (approx)),0.0973,Masitinib (CID 10074640),0.0935,Orforglipron (approx),True,isothiocyanate;michael_enone,False,0.65,0.435,0.6417,,,-36.921,0.371,7.215,6.461,5.422,5.278,5.543,7.235,5.571,4.537,6.102,4.908,5.509,0.674,0.3954,0.1129,4.04,0.3016,False
GEN_0110,COc1cc(/C=C/C(=O)CC(=O)/C=C/c2cc(OC)c(O)cc2CCS(=O)CCCN=C=S)ccc1O,remission,generated_sulforaphane_analog,Sulforaphane-class hypothesis (SFN warhead / bioisostere),,low,reinvent_generated,,0.1209,Cetirizine (CID 2678),0.0938,Ranitidine (CID 3001055),0.1339,Pranlukast (CID 4895),0.1618,Resveratrol (CID 445154),0.0833,Remibrutinib (CID 134324050),0.5167,Curcumin (CID 969516),0.1398,HU-308 (CID 11652556 (approx)),0.0965,Imatinib (CID 5291),0.1048,Orforglipron (approx),True,isothiocyanate;michael_enone,False,0.675,0.44,0.595,,,-37.847,0.386,7.256,8.066,5.416,5.231,6.295,7.255,5.5,4.565,6.09,4.749,5.49,0.672,0.3918,0.1129,4.04,0.3065,False
GEN_0017,CSCCCCC#N,remission,generated_sulforaphane_analog,Sulforaphane-class hypothesis (SFN warhead / bioisostere),,low,reinvent_generated,,0.075,Diphenhydramine (CID 3100),0.1296,Cimetidine (CID 2756),0.0494,Montelukast (CID 5281040),0.0303,Saikosaponin a (approx),0.0115,Remibrutinib (CID 134324050),0.3929,Erucin (CID 7373),0.0667,HU-308 (CID 11652556 (approx)),0.0429,Avapritinib (CID 71576428),0.0278,Orforglipron (approx),False,,True,0.275,0.08,0.875,,,,,5.378,5.263,5.874,5.422,5.143,6.476,5.73,3.407,5.796,4.897,4.678,0.33,0.3808,0.5423,1.16,0.4074,True
Aspirin (acetylsalicylic acid),CC(=O)Oc1ccccc1C(=O)O,remission,NSAID / prostaglandin modulator,COX-1/2 inhibition; PGD2 suppression,COX,medium,library,,0.1951,Diphenhydramine (CID 3100),0.0952,Ranitidine (CID 3001055),0.1818,Montelukast (CID 5281040),0.1316,Resveratrol (CID 445154),0.1333,Ibrutinib (CID 24821094),0.1957,Curcumin (CID 969516),0.0833,Cannabidiol (CID 644019),0.1282,Midostaurin (CID 9829523),0.1594,Orforglipron (approx),False,,True,0.6517,0.05,0.865,,,,,5.507,5.515,5.613,5.747,5.189,5.495,5.331,3.933,5.748,4.585,5.085,0.141,0.3803,,,,
GEN_0022,CS(=O)CCc1ccc(C#N)cc1,remission,generated_sulforaphane_analog,Sulforaphane-class hypothesis (SFN warhead / bioisostere),,low,reinvent_generated,,0.1087,Diphenhydramine (CID 3100),0.1129,Cimetidine (CID 2756),0.0941,Montelukast (CID 5281040),0.0926,Luteolin (CID 5280445),0.0549,Remibrutinib (CID 134324050),0.2632,Iberin (CID 3032358),0.0984,Cannabidiol (CID 644019),0.1098,Imatinib (CID 5291),0.1081,Orforglipron (approx),False,,True,0.57,0.185,0.925,,,,,5.637,5.611,5.64,5.635,5.345,7.154,6.184,4.232,5.774,4.873,5.205,0.34,0.3757,0.7292,2.76,0.2632,True
GEN_0111,C[C@@H]1O[C@@H](Oc2c(-c3cc(O)c(O)c(O)c3CCS(=O)CCCN=C=S)oc3cc(O)cc(O)c3c2=O)[C@H](O)[C@H](O)[C@H]1O,remission,generated_sulforaphane_analog,Sulforaphane-class hypothesis (SFN warhead / bioisostere),,low,reinvent_generated,,0.0885,Loratadine (CID 3957),0.0833,Ranitidine (CID 3001055),0.0945,Pranlukast (CID 4895),0.2771,Quercetin (CID 5280343),0.0758,Remibrutinib (CID 134324050),0.2368,Iberin (CID 3032358),0.1132,HU-308 (CID 11652556 (approx)),0.088,Midostaurin (CID 9829523),0.0756,Orforglipron (approx),True,isothiocyanate,False,0.365,0.555,0.445,,,-34.612,0.334,8.149,5.825,6.219,5.629,6.087,7.13,5.421,5.67,5.963,5.01,5.489,0.531,0.3728,0.0668,8.86,0.24,False
GEN_0112,NC(N)=Nc1nc(CSCCC(N)=NS(N)(=O)=O)c(CCS(=O)CCCN=C=S)s1,remission,generated_sulforaphane_analog,Sulforaphane-class hypothesis (SFN warhead / bioisostere),,low,reinvent_generated,,0.0842,Cetirizine (CID 2678),0.4507,Famotidine (CID 3325),0.0667,Montelukast (CID 5281040),0.0571,Saikosaponin a (approx),0.048,Remibrutinib (CID 134324050),0.2576,Iberin (CID 3032358),0.0625,Cannabidiol (CID 644019),0.0678,Dasatinib (CID 3062316),0.0541,Orforglipron (approx),True,isothiocyanate,False,0.2567,0.49,0.68,,,-33.818,0.322,7.404,6.466,5.829,9.847,7.222,7.128,6.447,3.626,6.266,5.197,5.614,0.532,0.3714,0.1144,3.05,0.2812,False
Ursolic acid,C[C@H]1[C@H](C)CC[C@]2(C(=O)O)CC[C@]3(C)C(=CC[C@@H]4[C@@]5(C)CC[C@H](O)C(C)(C)[C@@H]5CC[C@]43C)[C@H]12,remission,"Pentacyclic triterpene (apple peel, rosemary, basil)",Nrf2 activator; NF-κB suppression; structurally related to bardoxolone class,Nrf2; NF-kB,medium,library,,0.125,Fexofenadine (CID 3348),0.0667,Ranitidine (CID 3001055),0.0826,Montelukast (CID 5281040),0.1609,Saikosaponin a (approx),0.098,Ibrutinib (CID 24821094),0.1429,Omaveloxolone (RTA408) (CID 49787059 (approx)),0.1282,Beta-caryophyllene (CID 5281515),0.1275,Midostaurin (CID 9829523),0.1031,Orforglipron (approx),False,,False,0.2883,0.125,0.665,,,,,,,,,,,,,,,,0.278,0.3695,,,,
GEN_0094,COc1cc([C@H]2Oc3c(ccc([C@H]4Oc5cc(O)cc(O)c5C(=O)[C@@H]4O)c3CCS(=O)CCCN=C=S)O[C@@H]2CO)ccc1O,remission,generated_sulforaphane_analog,Sulforaphane-class hypothesis (SFN warhead / bioisostere),,low,reinvent_generated,,0.1034,Fexofenadine (CID 3348),0.0965,Ranitidine (CID 3001055),0.1136,Pranlukast (CID 4895),0.1531,Luteolin (CID 5280445),0.0602,Ibrutinib (CID 24821094),0.2143,Iberin (CID 3032358),0.156,HU-308 (CID 11652556 (approx)),0.0827,Midostaurin (CID 9829523),0.0968,Orforglipron (approx),True,isothiocyanate,False,0.585,0.37,0.5833,,,-27.944,0.228,7.173,6.026,6.377,5.576,5.563,6.925,5.722,5.662,6.067,4.969,5.779,0.537,0.3664,0.1155,8.8,0.2169,False
GEN_0105,O=S(CCCN=C=S)CCc1cccc(C(c2ccc(Cl)cc2)N2CCN(CCOCCO)CC2)c1,remission,generated_sulforaphane_analog,Sulforaphane-class hypothesis (SFN warhead / bioisostere),,low,reinvent_generated,,0.5672,Hydroxyzine (CID 3658),0.068,Ranitidine (CID 3001055),0.1478,Montelukast (CID 5281040),0.0849,Saikosaponin a (approx),0.0976,Remibrutinib (CID 134324050),0.2429,Iberin (CID 3032358),0.099,HU-308 (CID 11652556 (approx)),0.1818,Dasatinib (CID 3062316),0.1415,Orforglipron (approx),True,isothiocyanate,False,0.76,0.365,0.79,,,-29.496,0.253,7.565,6.269,5.489,7.183,6.001,7.117,6.059,3.771,5.864,5.022,5.22,0.554,0.3663,0.2068,5.22,0.2727,False
GEN_0095,O=C(/C=C/c1cc(O)c(O)c(CCS(=O)CCCN=C=S)c1)O[C@H](Cc1ccc(O)c(O)c1)C(=O)O,remission,generated_sulforaphane_analog,Sulforaphane-class hypothesis (SFN warhead / bioisostere),,low,reinvent_generated,,0.1398,Cetirizine (CID 2678),0.0816,Famotidine (CID 3325),0.1391,Montelukast (CID 5281040),0.1529,Quercetin (CID 5280343),0.087,Ibrutinib (CID 24821094),0.2647,Iberin (CID 3032358),0.129,Cannabidiol (CID 644019),0.1026,Imatinib (CID 5291),0.1009,Orforglipron (approx),True,isothiocyanate;michael_enone;alpha_beta_unsat_ester,False,0.5233,0.51,0.5527,,,-45.225,0.503,7.396,7.77,5.564,6.313,6.821,7.271,9.934,4.301,6.216,4.747,5.176,0.582,0.3651,0.064,4.72,0.2647,False
Oleanolic acid,CC1(C)CC[C@]2(C(=O)O)CC[C@]3(C)C(=CC[C@@H]4[C@@]5(C)CC[C@H](O)C(C)(C)[C@@H]5CC[C@]43C)[C@@H]2C1,remission,"Pentacyclic triterpene (olive leaf, garlic)",Nrf2 activator; analog of ursolic; structurally similar to bardoxolone,Nrf2,medium,library,,0.1149,Fexofenadine (CID 3348),0.0682,Ranitidine (CID 3001055),0.0841,Montelukast (CID 5281040),0.1512,Saikosaponin a (approx),0.1,Ibrutinib (CID 24821094),0.1346,Omaveloxolone (RTA408) (CID 49787059 (approx)),0.1316,Beta-caryophyllene (CID 5281515),0.1188,Midostaurin (CID 9829523),0.1053,Orforglipron (approx),False,,False,0.335,0.095,0.6175,,,,,,,,,,,,,,,,0.268,0.3631,,,,
GEN_0106,COc1c(O)ccc([C@H]2Oc3cc([C@H]4Oc5cc(O)cc(O)c5C(=O)[C@@H]4O)ccc3O[C@@H]2CO)c1CCS(=O)CCCN=C=S,remission,generated_sulforaphane_analog,Sulforaphane-class hypothesis (SFN warhead / bioisostere),,low,reinvent_generated,,0.1009,Cetirizine (CID 2678),0.0982,Ranitidine (CID 3001055),0.1069,Pranlukast (CID 4895),0.1562,Luteolin (CID 5280445),0.0611,Ibrutinib (CID 24821094),0.2195,Iberin (CID 3032358),0.1481,HU-308 (CID 11652556 (approx)),0.0916,Dasatinib (CID 3062316),0.0984,Orforglipron (approx),True,isothiocyanate,False,0.58,0.425,0.6233,,,-26.579,0.206,7.176,6.063,6.367,5.651,5.545,6.915,5.567,5.641,5.784,5.007,5.785,0.535,0.3629,0.1155,8.8,0.2195,False
GEN_0047,CCS(=O)CCCCC#N,remission,generated_sulforaphane_analog,Sulforaphane-class hypothesis (SFN warhead / bioisostere),,low,reinvent_generated,,0.0769,Fexofenadine (CID 3348),0.0833,Cimetidine (CID 2756),0.0595,Pranlukast (CID 4895),0.0435,Saikosaponin a (approx),0.0222,Remibrutinib (CID 134324050),0.25,Sulforaphane (CID 5350),0.0794,HU-308 (CID 11652556 (approx)),0.0494,Masitinib (CID 10074640),0.04,Orforglipron (approx),False,,True,0.255,0.27,0.865,,,,,5.432,5.509,5.805,5.536,5.142,6.966,5.612,4.124,5.923,4.881,4.687,0.344,0.3613,0.5696,1.9,0.2571,True
GEN_0093,O=S(CCCN=C=S)CCc1ccccc1C(c1ccc(Cl)cc1)N1CCN(CCOCCO)CC1,remission,generated_sulforaphane_analog,Sulforaphane-class hypothesis (SFN warhead / bioisostere),,low,reinvent_generated,,0.5522,Hydroxyzine (CID 3658),0.0707,Famotidine (CID 3325),0.1197,Montelukast (CID 5281040),0.0755,Saikosaponin a (approx),0.0984,Remibrutinib (CID 134324050),0.2464,Iberin (CID 3032358),0.0891,HU-308 (CID 11652556 (approx)),0.1622,Dasatinib (CID 3062316),0.1321,Orforglipron (approx),True,isothiocyanate,False,0.76,0.365,0.755,,,-32.168,0.295,7.556,8.216,5.5,7.45,6.582,7.075,5.484,4.052,5.817,5.006,5.186,0.486,0.361,0.2068,5.22,0.25,False
GEN_0097,O=C(O)c1cc(=O)c2c(OCC(O)COc3ccc4oc(C(=O)O)cc(=O)c4c3CCS(=O)CCCN=C=S)cccc2o1,remission,generated_sulforaphane_analog,Sulforaphane-class hypothesis (SFN warhead / bioisostere),,low,reinvent_generated,,0.163,Cetirizine (CID 2678),0.0891,Ranitidine (CID 3001055),0.1282,Montelukast (CID 5281040),0.1566,Apigenin (CID 5280443),0.115,Ibrutinib (CID 24821094),0.2429,Iberin (CID 3032358),0.11,HU-308 (CID 11652556 (approx)),0.1228,Masitinib (CID 10074640),0.1101,Orforglipron (approx),True,isothiocyanate,False,0.61,0.32,0.71,,,-24.468,0.173,8.289,6.3,5.844,5.73,5.545,6.746,5.472,4.036,5.697,4.682,5.4,0.496,0.3584,0.097,6.28,0.2609,False
Carnosic acid,CC(C)c1cc2c(c(O)c1O)[C@@]1(C(=O)O)CCCC(C)(C)[C@@H]1CC2,remission,Diterpene (rosemary) — covalent Nrf2 activator,**Electrophilic catechol oxidation → covalent KEAP1 cysteine modification** (analogous to SFN mechanism but different warhead); strong Nrf2 induction,KEAP1 (Q14145); Nrf2,medium,library,,0.1519,Fexofenadine (CID 3348),0.075,Cimetidine (CID 2756),0.1,Montelukast (CID 5281040),0.1341,Saikosaponin a (approx),0.1064,Ibrutinib (CID 24821094),0.1429,Omaveloxolone (RTA408) (CID 49787059 (approx)),0.1842,Delta-9-THC (CID 16078),0.1263,Midostaurin (CID 9829523),0.125,Orforglipron (approx),False,,True,0.465,0.17,0.6483,,,,,,,,,,,,,,,,0.397,0.3582,,,,
GEN_0044,CS(=O)Cc1ccc(C#N)cc1,remission,generated_sulforaphane_analog,Sulforaphane-class hypothesis (SFN warhead / bioisostere),,low,reinvent_generated,,0.1136,Diphenhydramine (CID 3100),0.1167,Cimetidine (CID 2756),0.0964,Montelukast (CID 5281040),0.0962,Luteolin (CID 5280445),0.0562,Remibrutinib (CID 134324050),0.2105,Iberin (CID 3032358),0.0938,HU-308 (CID 11652556 (approx)),0.1013,Masitinib (CID 10074640),0.0811,Orforglipron (approx),False,,True,0.595,0.205,0.925,,,,,5.475,5.424,5.687,5.365,5.34,7.186,5.406,4.262,5.753,4.888,5.071,0.208,0.3548,0.6889,2.74,0.2105,True
GEN_0101,CCOC(=O)N1CCC(=C2c3cc(CCS(=O)CCCN=C=S)c(Cl)cc3CCc3cccnc32)CC1,remission,generated_sulforaphane_analog,Sulforaphane-class hypothesis (SFN warhead / bioisostere),,low,reinvent_generated,,0.5696,Loratadine (CID 3957),0.1048,Cimetidine (CID 2756),0.1382,Pranlukast (CID 4895),0.0722,Apigenin (CID 5280443),0.1349,Remibrutinib (CID 134324050),0.2338,Iberin (CID 3032358),0.1287,Cannabidiol (CID 644019),0.1897,Imatinib (CID 5291),0.1727,Orforglipron (approx),True,isothiocyanate,False,0.8417,0.44,0.51,,,-32.55,0.301,7.027,7.933,5.789,6.466,6.434,7.057,5.59,4.961,6.006,4.992,5.364,0.57,0.3547,0.2374,5.04,0.2338,False
GEN_0103,CCOC(=O)N1CCC(=C2c3ncccc3CCc3cc(Cl)cc(CCS(=O)CCCN=C=S)c32)CC1,remission,generated_sulforaphane_analog,Sulforaphane-class hypothesis (SFN warhead / bioisostere),,low,reinvent_generated,,0.5641,Loratadine (CID 3957),0.1068,Cimetidine (CID 2756),0.1405,Pranlukast (CID 4895),0.0737,Apigenin (CID 5280443),0.1371,Remibrutinib (CID 134324050),0.24,Iberin (CID 3032358),0.1313,Cannabidiol (CID 644019),0.193,Imatinib (CID 5291),0.1651,Orforglipron (approx),True,isothiocyanate,False,0.8217,0.41,0.495,,,-29.363,0.251,7.154,7.89,5.692,6.342,6.462,7.039,5.575,4.855,6.012,4.984,5.399,0.561,0.3547,0.2374,5.04,0.24,False
GEN_0109,O=C(O[C@@H]1Cc2c(O)cc(O)c(CCS(=O)CCCN=C=S)c2O[C@@H]1c1cc(O)c(O)c(O)c1)c1cc(O)c(O)c(O)c1,remission,generated_sulforaphane_analog,Sulforaphane-class hypothesis (SFN warhead / bioisostere),,low,reinvent_generated,,0.1277,Cetirizine (CID 2678),0.101,Ranitidine (CID 3001055),0.1197,Pranlukast (CID 4895),0.1011,Quercetin (CID 5280343),0.0776,Ibrutinib (CID 24821094),0.2464,Iberin (CID 3032358),0.1224,HU-308 (CID 11652556 (approx)),0.094,Midostaurin (CID 9829523),0.1111,Orforglipron (approx),True,isothiocyanate,False,0.63,0.48,0.7283,,,-37.163,0.375,7.37,6.05,6.226,5.525,5.654,7.076,5.484,4.674,5.915,4.928,5.412,0.541,0.3539,0.0529,6.86,0.2537,False
GEN_0107,O=C(O)c1cc(=O)c2c(OCC(O)COc3ccc4oc(C(=O)O)c(CCS(=O)CCCN=C=S)c(=O)c4c3)cccc2o1,remission,generated_sulforaphane_analog,Sulforaphane-class hypothesis (SFN warhead / bioisostere),,low,reinvent_generated,,0.1456,Cetirizine (CID 2678),0.0804,Ranitidine (CID 3001055),0.126,Montelukast (CID 5281040),0.1383,Apigenin (CID 5280443),0.123,Ibrutinib (CID 24821094),0.2099,Iberin (CID 3032358),0.0893,HU-308 (CID 11652556 (approx)),0.112,Masitinib (CID 10074640),0.1092,Orforglipron (approx),True,isothiocyanate,False,0.545,0.365,0.57,,,-20.07,0.102,8.291,6.496,5.821,5.687,6.2,6.719,5.617,4.107,5.975,4.752,5.429,0.574,0.349,0.097,6.28,0.225,False
GEN_0104,O=C(O)COCCN1CCN(C(c2ccc(Cl)cc2)c2cccc(CCS(=O)CCCN=C=S)c2)CC1,remission,generated_sulforaphane_analog,Sulforaphane-class hypothesis (SFN warhead / bioisostere),,low,reinvent_generated,,0.6119,Cetirizine (CID 2678),0.0693,Famotidine (CID 3325),0.1667,Montelukast (CID 5281040),0.0759,Resveratrol (CID 445154),0.1148,Remibrutinib (CID 134324050),0.2571,Phenethyl isothiocyanate (CID 16741),0.098,HU-308 (CID 11652556 (approx)),0.1696,Dasatinib (CID 3062316),0.1619,Orforglipron (approx),True,isothiocyanate,False,0.775,0.375,0.35,,,-36.565,0.365,7.584,6.725,5.518,7.078,5.977,7.145,6.152,3.902,5.906,4.766,5.211,0.586,0.3487,0.1996,5.24,0.2879,False
GEN_0108,O=C(O[C@@H]1Cc2c(cc(O)c(CCS(=O)CCCN=C=S)c2O)O[C@@H]1c1cc(O)c(O)c(O)c1)c1cc(O)c(O)c(O)c1,remission,generated_sulforaphane_analog,Sulforaphane-class hypothesis (SFN warhead / bioisostere),,low,reinvent_generated,,0.1277,Cetirizine (CID 2678),0.101,Ranitidine (CID 3001055),0.1102,Pranlukast (CID 4895),0.1011,Quercetin (CID 5280343),0.0776,Ibrutinib (CID 24821094),0.2464,Iberin (CID 3032358),0.134,HU-308 (CID 11652556 (approx)),0.094,Midostaurin (CID 9829523),0.1111,Orforglipron (approx),True,isothiocyanate,False,0.675,0.485,0.7083,,,-34.084,0.326,7.351,6.177,6.233,5.745,5.616,7.105,5.459,4.672,5.909,4.893,5.299,0.566,0.3482,0.0529,6.86,0.25,False
GEN_0062,CS(=O)(=O)CCCCC#N,remission,generated_sulforaphane_analog,Sulforaphane-class hypothesis (SFN warhead / bioisostere),,low,reinvent_generated,,0.0794,Fexofenadine (CID 3348),0.1053,Cimetidine (CID 2756),0.0482,Montelukast (CID 5281040),0.0294,Saikosaponin a (approx),0.0253,Ibrutinib (CID 24821094),0.1351,Iberin (CID 3032358),0.0645,HU-308 (CID 11652556 (approx)),0.0506,Masitinib (CID 10074640),0.0411,Orforglipron (approx),False,,True,0.26,0.245,0.94,,,,,5.71,5.654,5.793,5.278,5.126,6.23,5.742,4.066,5.761,4.869,4.587,0.261,0.3473,0.5708,1.2,0.1351,True
GEN_0099,O=C(O)COCCN1CCN(C(c2ccc(Cl)cc2)c2ccccc2CCS(=O)CCCN=C=S)CC1,remission,generated_sulforaphane_analog,Sulforaphane-class hypothesis (SFN warhead / bioisostere),,low,reinvent_generated,,0.597,Cetirizine (CID 2678),0.0808,Famotidine (CID 3325),0.1379,Montelukast (CID 5281040),0.0667,Apigenin (CID 5280443),0.1157,Remibrutinib (CID 134324050),0.2429,Iberin (CID 3032358),0.0882,HU-308 (CID 11652556 (approx)),0.1504,Dasatinib (CID 3062316),0.1524,Orforglipron (approx),True,isothiocyanate,False,0.75,0.36,0.38,,,-37.051,0.373,7.571,8.308,5.523,7.297,6.562,7.143,5.533,4.256,5.863,4.71,5.174,0.511,0.346,0.1996,5.24,0.2647,False
Carnosol,CC(C)c1cc2c(c(O)c1O)[C@@]13CCCC(C)(C)[C@@H]1C[C@@H]2OC3=O,remission,Diterpene (rosemary) — covalent Nrf2 activator,Oxidation product of carnosic acid; covalent KEAP1 modifier; Nrf2 induction,KEAP1 (Q14145),medium,library,,0.122,Fexofenadine (CID 3348),0.0854,Ranitidine (CID 3001055),0.0777,Montelukast (CID 5281040),0.1471,Quercetin (CID 5280343),0.0857,Remibrutinib (CID 134324050),0.1284,Bardoxolone methyl (CID 400769),0.1519,Delta-9-THC (CID 16078),0.125,Midostaurin (CID 9829523),0.0989,Orforglipron (approx),False,,True,0.5,0.285,0.69,,,,,,,,,,,,,,,,0.381,0.3458,,,,
GEN_0102,O=C(/C=C/c1cc(O)c(O)cc1CCS(=O)CCCN=C=S)O[C@H](Cc1ccc(O)c(O)c1)C(=O)O,remission,generated_sulforaphane_analog,Sulforaphane-class hypothesis (SFN warhead / bioisostere),,low,reinvent_generated,,0.1444,Cetirizine (CID 2678),0.0729,Famotidine (CID 3325),0.1327,Montelukast (CID 5281040),0.1585,Quercetin (CID 5280343),0.0893,Ibrutinib (CID 24821094),0.2769,Iberin (CID 3032358),0.1333,Cannabidiol (CID 644019),0.1053,Imatinib (CID 5291),0.1038,Orforglipron (approx),True,isothiocyanate;michael_enone;alpha_beta_unsat_ester,False,0.5483,0.65,0.4652,,,-43.876,0.482,7.361,7.646,5.48,5.564,6.254,7.123,5.549,4.203,6.272,4.739,4.923,0.512,0.3457,0.064,4.72,0.2812,False
GEN_0015,CS(=O)CCCCCC#N,remission,generated_sulforaphane_analog,Sulforaphane-class hypothesis (SFN warhead / bioisostere),,low,reinvent_generated,,0.0781,Fexofenadine (CID 3348),0.0847,Cimetidine (CID 2756),0.0602,Montelukast (CID 5281040),0.0385,Luteolin (CID 5280445),0.0225,Remibrutinib (CID 134324050),0.4194,Sulforaphane (CID 5350),0.0806,HU-308 (CID 11652556 (approx)),0.05,Masitinib (CID 10074640),0.0548,Orforglipron (approx),False,,True,0.25,0.16,0.885,,,,,5.462,5.535,5.859,5.568,5.126,6.973,5.68,4.086,5.931,4.875,4.771,0.315,0.3074,0.5696,1.9,0.4333,True
GEN_0023,CS(=O)CCCC#N,remission,generated_sulforaphane_analog,Sulforaphane-class hypothesis (SFN warhead / bioisostere),,low,reinvent_generated,,0.0806,Fexofenadine (CID 3348),0.0877,Cimetidine (CID 2756),0.0617,Montelukast (CID 5281040),0.04,Luteolin (CID 5280445),0.0349,Remibrutinib (CID 134324050),0.4138,Iberin (CID 3032358),0.0656,HU-308 (CID 11652556 (approx)),0.0513,Masitinib (CID 10074640),0.0563,Orforglipron (approx),False,,True,0.25,0.155,0.935,,,,,5.451,5.534,5.774,5.239,5.128,6.992,5.554,4.192,5.898,4.877,4.79,0.305,0.3048,0.528,1.86,0.4138,True
GEN_0013,CS(=O)CCCCC#N,remission,generated_sulforaphane_analog,Sulforaphane-class hypothesis (SFN warhead / bioisostere),,low,reinvent_generated,,0.0794,Fexofenadine (CID 3348),0.0862,Cimetidine (CID 2756),0.061,Montelukast (CID 5281040),0.0392,Luteolin (CID 5280445),0.0227,Remibrutinib (CID 134324050),0.4333,Sulforaphane (CID 5350),0.082,HU-308 (CID 11652556 (approx)),0.0506,Masitinib (CID 10074640),0.0556,Orforglipron (approx),False,,True,0.245,0.21,0.885,,,,,5.455,5.541,5.78,5.492,5.119,6.979,5.695,4.108,5.93,4.877,4.77,0.3,0.3033,0.5549,1.88,0.4483,True
Semaglutide,,remission,GLP-1 receptor agonist,GLP-1R agonism; broad anti-inflammatory; possible direct mast cell stabilization,GLP1R,high,library,peptide_glp1ra,0.0,,0.0,,0.0,,0.0,,0.0,,0.0,,0.0,,0.0,,0.0,,False,,False,,,,,,,,,,,,,,,,,,,,0.3,,,,
Tirzepatide,,remission,GLP-1/GIP dual agonist,Dual GLP-1R + GIPR agonism; anti-inflammatory; metabolic stabilization,GLP1R; GIPR,high,library,peptide_glp1ra_gipra,0.0,,0.0,,0.0,,0.0,,0.0,,0.0,,0.0,,0.0,,0.0,,False,,False,,,,,,,,,,,,,,,,,,,,0.3,,,,
Omalizumab,,remission,Anti-IgE biologic,Binds free IgE; downregulates FcεRI surface expression on mast cells/basophils,IgE; FCER1A,high,library,monoclonal_antibody_anti_ige,0.0,,0.0,,0.0,,0.0,,0.0,,0.0,,0.0,,0.0,,0.0,,False,,False,,,,,,,,,,,,,,,,,,,,0.3,,,,
Betulinic acid,C=C(C)[C@@H]1CC[C@]2(C(=O)O)CC[C@]3(C)[C@H](CC[C@@H]4[C@@]5(C)CC[C@H](O)C(C)(C)[C@@H]5CC[C@]43C)[C@@H]12,remission,Pentacyclic triterpene (birch bark),Anti-inflammatory; Nrf2; pro-apoptotic in tumors; complement inhibition,Nrf2; complement,low,library,,0.0899,Fexofenadine (CID 3348),0.0467,Nizatidine (CID 3033),0.0642,Montelukast (CID 5281040),0.1379,Saikosaponin a (approx),0.1,Ibrutinib (CID 24821094),0.1569,Omaveloxolone (RTA408) (CID 49787059 (approx)),0.1392,Cannabidiol (CID 644019),0.0971,Midostaurin (CID 9829523),0.0938,Orforglipron (approx),False,,False,0.305,0.29,0.6675,,,,,,,,,,,,,,,,0.29,0.2635,,,,
Lupeol,C=C(C)[C@@H]1CC[C@]2(C)CC[C@]3(C)[C@H](CC[C@@H]4[C@@]5(C)CC[C@H](O)C(C)(C)[C@@H]5CC[C@]43C)[C@@H]12,remission,"Pentacyclic triterpene (mango, olive)",Anti-inflammatory; mast-cell stabilizer in vitro; NF-κB suppression,NF-kB,low,library,,0.0575,Fexofenadine (CID 3348),0.0238,Famotidine (CID 3325),0.0374,Montelukast (CID 5281040),0.2051,Saikosaponin a (approx),0.0714,Ibrutinib (CID 24821094),0.13,Omaveloxolone (RTA408) (CID 49787059 (approx)),0.1571,Beta-caryophyllene (CID 5281515),0.0693,Midostaurin (CID 9829523),0.0638,Orforglipron (approx),False,,False,0.4,0.235,0.7,,,,,,,,,,,,,,,,0.258,0.2607,,,,
